-- phpMyAdmin SQL Dump
-- version 4.9.4
-- https://www.phpmyadmin.net/
--
-- Host: localhost:3306
-- Creato il: Giu 12, 2021 alle 12:57
-- Versione del server: 5.6.33-cll-lve
-- Versione PHP: 7.3.6

SET SQL_MODE = "NO_AUTO_VALUE_ON_ZERO";
SET AUTOCOMMIT = 0;
START TRANSACTION;
SET time_zone = "+00:00";


/*!40101 SET @OLD_CHARACTER_SET_CLIENT=@@CHARACTER_SET_CLIENT */;
/*!40101 SET @OLD_CHARACTER_SET_RESULTS=@@CHARACTER_SET_RESULTS */;
/*!40101 SET @OLD_COLLATION_CONNECTION=@@COLLATION_CONNECTION */;
/*!40101 SET NAMES utf8mb4 */;

--
-- Database: `qn26w3yj_hmrepicac`
--

-- --------------------------------------------------------

--
-- Struttura della tabella `biblioauthors`
--

CREATE TABLE `biblioauthors` (
  `IdBi` int(11) NOT NULL,
  `IdPp` int(11) NOT NULL
) ENGINE=InnoDB DEFAULT CHARSET=utf8 COLLATE=utf8_bin;

--
-- Dump dei dati per la tabella `biblioauthors`
--

INSERT INTO `biblioauthors` (`IdBi`, `IdPp`) VALUES
(119, 1),
(121, 1),
(121, 34),
(122, 1),
(123, 1),
(123, 21),
(123, 35),
(124, 1),
(125, 1),
(126, 1),
(126, 55),
(127, 1),
(127, 39),
(128, 1),
(131, 1),
(132, 1),
(132, 39),
(133, 1),
(133, 39),
(134, 56),
(135, 1),
(135, 45),
(135, 46),
(137, 1),
(139, 1),
(138, 1),
(140, 1),
(142, 1),
(142, 21),
(142, 57),
(143, 1),
(144, 21),
(42, 1),
(145, 1),
(146, 36),
(146, 37),
(147, 1),
(147, 37),
(147, 36),
(148, 40),
(149, 1),
(149, 38),
(150, 1),
(150, 21),
(151, 1),
(151, 21),
(152, 1),
(152, 21),
(152, 58),
(153, 1),
(154, 1),
(155, 1),
(156, 1),
(157, 1),
(158, 1),
(160, 59),
(161, 1),
(163, 1),
(163, 21),
(164, 1),
(164, 23),
(165, 1),
(166, 1),
(167, 1),
(168, 1),
(168, 23),
(168, 39),
(169, 1),
(169, 23),
(169, 39),
(170, 1),
(170, 23),
(170, 39),
(171, 1),
(171, 23),
(171, 39),
(172, 1),
(173, 1),
(174, 1),
(174, 23),
(175, 1),
(175, 23),
(177, 1),
(177, 39),
(178, 1),
(178, 61),
(178, 42),
(178, 41),
(178, 36),
(179, 1),
(180, 1),
(180, 62),
(181, 1),
(182, 1),
(51, 1),
(185, 63),
(95, 1),
(95, 44),
(88, 1),
(88, 36),
(87, 1),
(86, 1),
(85, 1),
(85, 43),
(84, 1),
(83, 1),
(82, 1),
(81, 1),
(79, 1),
(77, 1),
(76, 1),
(75, 1),
(73, 1),
(73, 39),
(71, 1),
(70, 1),
(69, 1),
(113, 1),
(113, 50),
(112, 1),
(112, 23),
(112, 39),
(64, 1),
(65, 1),
(110, 1),
(63, 1),
(62, 1),
(60, 1),
(58, 1),
(57, 1),
(57, 21),
(57, 23),
(54, 1),
(54, 34),
(108, 1),
(108, 23),
(108, 39),
(53, 1),
(52, 1),
(107, 1),
(106, 1),
(50, 1),
(105, 1),
(105, 39),
(105, 24),
(49, 1),
(47, 1),
(46, 1),
(45, 1),
(41, 1),
(41, 21),
(40, 1),
(40, 21),
(102, 1),
(39, 1),
(38, 1),
(37, 1),
(36, 1),
(36, 21),
(36, 23),
(36, 33),
(35, 1),
(35, 21),
(34, 1),
(34, 21),
(33, 1),
(32, 1),
(28, 1),
(27, 31),
(26, 30),
(22, 1),
(22, 21),
(21, 1),
(20, 21),
(20, 1),
(19, 1),
(19, 21),
(18, 1),
(17, 1),
(16, 1),
(16, 21),
(15, 1),
(14, 1),
(141, 21),
(13, 1),
(12, 1),
(10, 1),
(100, 1),
(9, 1),
(9, 21),
(9, 20),
(8, 1),
(8, 18),
(8, 19),
(3, 1),
(3, 19),
(3, 18),
(2, 1),
(2, 19),
(2, 18),
(130, 3),
(187, 2),
(6, 1),
(6, 19),
(6, 18),
(1, 1),
(5, 1),
(5, 19),
(5, 18),
(68, 1),
(68, 37),
(68, 36),
(11, 1),
(11, 21),
(183, 1),
(213, 1),
(213, 21),
(23, 1),
(23, 63),
(129, 1),
(129, 3),
(129, 52),
(120, 1),
(120, 39),
(109, 1),
(94, 1),
(216, 1),
(216, 108),
(208, 1),
(208, 3),
(206, 1),
(192, 1),
(191, 2),
(211, 125),
(211, 126),
(211, 1),
(118, 54),
(116, 51),
(186, 123),
(117, 1),
(117, 52),
(117, 53),
(117, 3),
(99, 1),
(98, 1),
(98, 44),
(220, 124),
(220, 1),
(220, 2),
(220, 3),
(221, 124),
(56, 1),
(56, 21),
(56, 38),
(227, 1),
(228, 1),
(226, 1),
(231, 1),
(231, 127),
(202, 1),
(202, 108),
(232, 1),
(233, 1),
(234, 1),
(235, 1),
(235, 39),
(236, 1),
(236, 3),
(236, 53),
(162, 1),
(242, 125),
(242, 126),
(242, 1),
(243, 1),
(243, 44),
(245, 3),
(246, 1),
(250, 1),
(249, 1),
(249, 108),
(252, 1),
(255, 1),
(255, 21),
(254, 1),
(259, 1),
(256, 176),
(256, 1),
(256, 175),
(256, 58),
(258, 1),
(258, 139),
(258, 108),
(258, 158),
(244, 1),
(244, 139),
(244, 108),
(244, 158),
(261, 1),
(240, 1),
(240, 127),
(7, 1),
(7, 18),
(7, 19),
(176, 60),
(159, 1),
(159, 21),
(90, 44),
(262, 176),
(262, 1),
(262, 175),
(262, 58);

-- --------------------------------------------------------

--
-- Struttura della tabella `bibliolinks`
--

CREATE TABLE `bibliolinks` (
  `id` int(11) NOT NULL,
  `IdBi` int(11) NOT NULL,
  `IdLk` int(11) NOT NULL
) ENGINE=InnoDB DEFAULT CHARSET=utf8 COLLATE=utf8_bin;

--
-- Dump dei dati per la tabella `bibliolinks`
--

INSERT INTO `bibliolinks` (`id`, `IdBi`, `IdLk`) VALUES
(171, 115, 171),
(196, 119, 196),
(199, 121, 199),
(200, 122, 200),
(201, 122, 201),
(202, 123, 202),
(203, 124, 203),
(204, 125, 204),
(205, 126, 205),
(206, 127, 206),
(207, 128, 207),
(213, 131, 213),
(214, 132, 214),
(215, 133, 215),
(216, 134, 216),
(221, 135, 221),
(239, 137, 239),
(242, 139, 242),
(243, 138, 243),
(257, 140, 257),
(261, 142, 261),
(265, 143, 265),
(268, 144, 268),
(269, 42, 269),
(270, 145, 270),
(274, 146, 274),
(276, 147, 276),
(279, 148, 279),
(289, 149, 289),
(290, 149, 290),
(291, 150, 291),
(292, 151, 292),
(293, 151, 293),
(300, 152, 300),
(301, 153, 301),
(307, 155, 307),
(308, 156, 308),
(309, 157, 309),
(310, 158, 310),
(315, 160, 315),
(316, 161, 316),
(319, 163, 319),
(322, 164, 322),
(323, 165, 323),
(324, 166, 324),
(329, 167, 329),
(330, 167, 330),
(331, 168, 331),
(332, 169, 332),
(333, 170, 333),
(334, 171, 334),
(335, 172, 335),
(336, 173, 336),
(337, 174, 337),
(338, 175, 338),
(341, 177, 341),
(345, 178, 345),
(346, 179, 346),
(347, 180, 347),
(349, 181, 349),
(358, 182, 358),
(359, 182, 359),
(360, 182, 360),
(361, 182, 361),
(362, 182, 362),
(363, 182, 363),
(390, 51, 390),
(391, 51, 391),
(392, 51, 392),
(393, 51, 393),
(394, 51, 394),
(395, 51, 395),
(396, 51, 396),
(397, 51, 397),
(464, 95, 464),
(465, 95, 465),
(468, 88, 468),
(469, 87, 469),
(470, 87, 470),
(471, 86, 471),
(472, 86, 472),
(473, 85, 473),
(474, 85, 474),
(475, 85, 475),
(476, 84, 476),
(477, 83, 477),
(478, 82, 478),
(479, 81, 479),
(480, 81, 480),
(483, 79, 483),
(484, 79, 484),
(485, 77, 485),
(486, 76, 486),
(487, 76, 487),
(490, 75, 490),
(491, 75, 491),
(492, 73, 492),
(493, 73, 493),
(494, 71, 494),
(495, 71, 495),
(496, 70, 496),
(497, 69, 497),
(498, 69, 498),
(503, 113, 503),
(504, 112, 504),
(505, 64, 505),
(506, 64, 506),
(507, 65, 507),
(508, 110, 508),
(509, 63, 509),
(511, 62, 511),
(512, 60, 512),
(517, 57, 517),
(519, 54, 519),
(520, 54, 520),
(521, 108, 521),
(522, 53, 522),
(524, 52, 524),
(525, 107, 525),
(526, 106, 526),
(527, 50, 527),
(529, 105, 529),
(530, 49, 530),
(531, 47, 531),
(532, 46, 532),
(533, 45, 533),
(534, 41, 534),
(535, 41, 535),
(536, 40, 536),
(537, 40, 537),
(538, 102, 538),
(539, 102, 539),
(540, 102, 540),
(541, 102, 541),
(542, 102, 542),
(543, 102, 543),
(544, 102, 544),
(545, 102, 545),
(546, 102, 546),
(547, 102, 547),
(548, 102, 548),
(549, 102, 549),
(550, 102, 550),
(551, 102, 551),
(552, 102, 552),
(553, 102, 553),
(554, 39, 554),
(555, 38, 555),
(556, 37, 556),
(557, 36, 557),
(558, 35, 558),
(559, 34, 559),
(560, 34, 560),
(561, 33, 561),
(563, 32, 563),
(564, 28, 564),
(565, 27, 565),
(566, 26, 566),
(567, 22, 567),
(568, 22, 568),
(569, 22, 569),
(570, 21, 570),
(571, 20, 571),
(572, 20, 572),
(574, 19, 574),
(575, 18, 575),
(578, 17, 578),
(579, 17, 579),
(580, 16, 580),
(582, 15, 582),
(584, 14, 584),
(585, 141, 585),
(586, 13, 586),
(587, 12, 587),
(590, 10, 590),
(591, 10, 591),
(592, 100, 592),
(593, 100, 593),
(594, 9, 594),
(595, 8, 595),
(601, 3, 601),
(602, 2, 602),
(603, 2, 603),
(604, 2, 604),
(610, 130, 610),
(613, 187, 614),
(618, 6, 619),
(619, 6, 620),
(620, 1, 621),
(621, 5, 622),
(622, 5, 623),
(629, 68, 630),
(630, 68, 631),
(653, 11, 654),
(657, 183, 658),
(658, 213, 659),
(663, 23, 664),
(664, 23, 665),
(665, 129, 666),
(666, 129, 667),
(667, 129, 668),
(668, 120, 669),
(669, 120, 670),
(670, 109, 671),
(671, 109, 672),
(672, 109, 673),
(673, 109, 674),
(674, 94, 675),
(686, 216, 687),
(687, 216, 688),
(688, 208, 689),
(689, 208, 690),
(690, 206, 691),
(693, 192, 694),
(694, 191, 695),
(695, 211, 696),
(696, 118, 697),
(697, 116, 698),
(698, 116, 699),
(699, 186, 700),
(700, 117, 701),
(701, 117, 702),
(704, 99, 705),
(705, 98, 706),
(706, 98, 707),
(711, 220, 712),
(712, 220, 713),
(713, 221, 714),
(714, 56, 715),
(721, 227, 722),
(722, 228, 723),
(723, 226, 724),
(728, 231, 729),
(729, 231, 730),
(730, 202, 731),
(731, 202, 732),
(734, 232, 735),
(737, 233, 738),
(738, 233, 739),
(747, 234, 748),
(748, 234, 749),
(752, 235, 753),
(753, 236, 754),
(755, 162, 756),
(765, 242, 766),
(767, 243, 768),
(771, 245, 772),
(772, 246, 773),
(775, 250, 776),
(778, 249, 779),
(780, 252, 781),
(787, 255, 788),
(796, 254, 797),
(812, 259, 813),
(813, 259, 814),
(814, 256, 815),
(815, 256, 816),
(816, 258, 817),
(817, 244, 818),
(818, 244, 819),
(819, 261, 820),
(820, 240, 821),
(821, 7, 822),
(822, 176, 823),
(823, 159, 824),
(824, 159, 825),
(825, 159, 826),
(826, 90, 827),
(831, 262, 832);

-- --------------------------------------------------------

--
-- Struttura della tabella `biblios`
--

CREATE TABLE `biblios` (
  `IdBi` int(11) NOT NULL,
  `Category` varchar(32) COLLATE utf8_bin NOT NULL,
  `Date` date NOT NULL,
  `Title` varchar(250) COLLATE utf8_bin NOT NULL,
  `PubReference` varchar(250) COLLATE utf8_bin NOT NULL,
  `VolNum` varchar(110) COLLATE utf8_bin NOT NULL,
  `Pages` varchar(110) COLLATE utf8_bin NOT NULL,
  `ISBN` varchar(25) COLLATE utf8_bin NOT NULL,
  `HTMLSrc` varchar(1400) COLLATE utf8_bin NOT NULL,
  `Visible` varchar(2) COLLATE utf8_bin NOT NULL
) ENGINE=InnoDB DEFAULT CHARSET=utf8 COLLATE=utf8_bin;

--
-- Dump dei dati per la tabella `biblios`
--

INSERT INTO `biblios` (`IdBi`, `Category`, `Date`, `Title`, `PubReference`, `VolNum`, `Pages`, `ISBN`, `HTMLSrc`, `Visible`) VALUES
(1, 'interventiSeminariPresentazioni', '2008-03-07', 'Prima della CEP: la Macchina Ridotta, 50 anni fa a Pisa', 'lezione al corso di Storia dell\'Informatica, Laurea in Informatica, Università di Pisa', '', '', '', 'G.A. Cignoni, \"<a href=\'../Documenti/HMR_2008i_GC-LezStI.pdf\'>Prima della CEP: la Macchina Ridotta, 50 anni fa a Pisa</a>\", lezione al corso di Storia dell\'Informatica, Laurea in Informatica, Università di Pisa, 2008-03-07', 'si'),
(2, 'interventiSeminariPresentazioni', '2008-11-28', 'Hackerando la Macchina Ridotta', 'seminario al Dipartimento di Informatica, Università di Pisa', '', '', '', 'G.A. Cignoni, C. Imbrenda, D. Ceccarelli, \"<a href=\'../Documenti/HMR_2008i_GC-SemDip.pdf\'>Hackerando la Macchina Ridotta</a>\", seminario al Dipartimento di Informatica, Università di Pisa, 2008-11-28 (<a href=\'../Documenti/HMR_2008i_FM.pdf\'>Presentazione FM</a>, <a href=\'../Documenti/HMR_2008i_DC.pdf\'>Presentazione DC</a>)', 'si'),
(3, 'interventiSeminariPresentazioni', '2009-03-02', 'Prima della CEP: (simulare) la Macchina Ridotta', 'lezione al corso di Storia dell\'Informatica, Laurea in Informatica, Università di Pisa', '', '', '', 'G.A. Cignoni, C. Imbrenda, D. Ceccarelli, \"<a href=\'../Documenti/HMR_2009i_GCDCCI-LezStI.pdf\'>Prima della CEP: (simulare) la Macchina Ridotta</a>\", lezione al corso di Storia dell\'Informatica, Laurea in Informatica, Università di Pisa, 2009-03-02', 'si'),
(5, 'interventiSeminariPresentazioni', '2009-06-12', 'Software e interfaccia utente di una calcolatrice pisana degli anni \'50', 'intervento a Pisa culla dell\'Informatica, Museo degli Strumenti per il Calcolo, Pisa', '', '', '', 'G.A. Cignoni, C. Imbrenda, D. Ceccarelli, \"<a href=\'../Documenti/HMR_2009i_GCDCCI-PisaCulla.pdf\'>Software e interfaccia utente di una calcolatrice pisana degli anni \'50</a>\", intervento a Pisa culla dell\'Informatica, Museo degli Strumenti per il Calcolo, Pisa, 2009-06-12 (<a href=\'../Documenti/HMR_2009i_GCDCCI-PisaCulla.flv\'>Video</a>)', 'si'),
(6, 'pubblicazioni', '2009-11-05', 'Il \"restauro\" del software di sistema della Macchina Ridotta del 1956', 'atti del 47mo Congresso Nazionale AICA, Roma', '', '', 'ISBN: 978-88-9016-208-4', 'G.A. Cignoni, C. Imbrenda, D. Ceccarelli, \"<a href=\'../Documenti/HMR_2009s_GCDCCI-AICA-cr.pdf\'>Il \"restauro\" del software di sistema della Macchina Ridotta del 1956</a>\", atti del 47mo Congresso Nazionale AICA, Roma, 2009-11-05, ISBN: 978-88-9016-208-4 (<a href=\'../Documenti/HMR_2009s_GCDCCI-AICA-pr.pdf\'>Presentazione</a>)', 'si'),
(7, 'interventiSeminariPresentazioni', '2010-04-16', 'Hackerando la Macchina Ridotta ', 'seminario alla Comunità per le Libere Attività Culturali, Padova', '', '', '', 'G.A. Cignoni, C. Imbrenda, D. Ceccarelli, \"<a href=\'../Documenti/HMR-20100416-ClacPd.pdf\'>Hackerando la Macchina Ridotta </a>\", seminario alla Comunità per le Libere Attività Culturali, Padova, 2010-04-16', 'si'),
(8, 'interventiSeminariPresentazioni', '2010-04-22', 'Vecchi calcolatori per incuriosire e insegnare', 'intervento a Didamatica 2010, Roma', '', '', '', 'G.A. Cignoni, C. Imbrenda, D. Ceccarelli, \"<a href=\'../Documenti/HMR_2010i_GCDCCI-Didamat.pdf\'>Vecchi calcolatori per incuriosire e insegnare</a>\", intervento a Didamatica 2010, Roma, 2010-04-22', 'si'),
(9, 'articoliVari', '0000-00-00', 'Le radici toscane dell\'informatica e la Macchina Ridotta pisana', 'in Etruria Oggi,  Anno XXVIII, 2010', '77', '', '', 'G.A. Cignoni, S. Del Furia, F. Gadducci, \"<a href=\'../Documenti/HMR_2010v_GCFGSF-EtrOggi.pdf\'>Le radici toscane dell\'informatica e la Macchina Ridotta pisana</a>\", in Etruria Oggi,  Anno XXVIII, 2010, n. 77', 'si'),
(10, 'interventiSeminariPresentazioni', '0000-00-00', 'HMR all\'Internet Festival', 'laboratorio all\'Internet Festival 2011, Museo degli Strumenti per il Calcolo, Pisa, 5-8 maggio 2011', '', '', '', 'G.A. Cignoni, \"<a href=\'../Documenti/HMR_2011i_GC-IntFest.pdf\'>HMR all\'Internet Festival</a>\", laboratorio all\'Internet Festival 2011, Museo degli Strumenti per il Calcolo, Pisa, 5-8 maggio 2011 (<a href=\'../Documenti/HMR_2011i_GC-IntFest-ps.pdf\'>Poster</a>)', 'si'),
(11, 'pubblicazioni', '2013-12-30', 'La CEP prima della CEP: storia dell\'informatica, divulgazione scientifica e didattica sperimentale', ' Atti del Convegno Pisa 11-12 novembre 2011, Quaderni della Fondazione Galileo Galilei, Pisa University Press', '1', '', 'ISBN: 978-88-6741-303-4', 'G.A. Cignoni, F. Gadducci, \"La CEP prima della CEP: storia dell\'informatica, divulgazione scientifica e didattica sperimentale\",  Atti del Convegno Pisa 11-12 novembre 2011, Quaderni della Fondazione Galileo Galilei, Pisa University Press, 2013-12-30, n. 1, ISBN: 978-88-6741-303-4 (<a href=\'https://www.pisauniversitypress.it/scheda-libro/autori-vari/la-cep-prima-della-cep-9788867413034-155\'>sul catalogo Pisa University Press</a>)', 'no'),
(12, 'interventiSeminariPresentazioni', '2011-11-28', 'Fra metodo e curiosità', 'lezione al corso di Informatica e Didattica, Laurea Magistrale in Informatica, Università di Pisa', '', '', '', 'G.A. Cignoni, \"<a href=\'../Documenti/HMR_2011i_GC-LezInfDid.pdf\'>Fra metodo e curiosità</a>\", lezione al corso di Informatica e Didattica, Laurea Magistrale in Informatica, Università di Pisa, 2011-11-28', 'si'),
(13, 'interventiSeminariPresentazioni', '2011-12-02', 'HMR i laboratori', 'presentazione agli insegnanti delle attività didattiche di HMR al Museo, Palazzo Blu, Pisa', '', '', '', 'G.A. Cignoni, \"<a href=\'../Documenti/HMR_2011i_GC-Lab.pdf\'>HMR i laboratori</a>\", presentazione agli insegnanti delle attività didattiche di HMR al Museo, Palazzo Blu, Pisa, 2011-12-02', 'si'),
(14, 'interventiSeminariPresentazioni', '2011-12-15', 'La CEP: breve storia di una scommessa sul futuro', 'intervento a 150 anni di Tecnologia Italiana, Ass. Culturale Forseti, Varese', '', '', '', 'G.A. Cignoni, \"<a href=\'../Documenti/HMR_2011i_GC-Forseti.pdf\'>La CEP: breve storia di una scommessa sul futuro</a>\", intervento a 150 anni di Tecnologia Italiana, Ass. Culturale Forseti, Varese, 2011-12-15', 'si'),
(15, 'interventiSeminariPresentazioni', '2012-03-24', 'I primi calcolatori Olivetti, dieci anni veloci', 'intervento a Sottsass e il design dei primi calcolatori Olivetti, Museo della Grafica, Pisa', '', '', '', 'G.A. Cignoni, \"<a href=\'../Documenti/HMR_2012i_GC-AnniVel.pdf\'>I primi calcolatori Olivetti, dieci anni veloci</a>\", intervento a Sottsass e il design dei primi calcolatori Olivetti, Museo della Grafica, Pisa, 2012-03-24', 'si'),
(16, 'interventiSeminariPresentazioni', '2012-04-14', 'Cronologia dell\'informatica: the Directors\' cut', 'seminario al Museo degli Strumenti per il Calcolo, Pisa', '', '', '', 'G.A. Cignoni, F. Gadducci, \"<a href=\'../Documenti/HMR_2012i_GCFG-Crono.pdf\'>Cronologia dell\'informatica: the Directors\' cut</a>\", seminario al Museo degli Strumenti per il Calcolo, Pisa, 2012-04-14', 'si'),
(17, 'documentiMaterialiProgetto', '2012-04-28', 'HMR: Rediscovering and Rebuilding', 'pannelli per il 13th Vintage Computer Festival Europe, Munich', '', '', '', 'G.A. Cignoni, \"HMR: Rediscovering and Rebuilding\", pannelli per il 13th Vintage Computer Festival Europe, Munich, 2012-04-28 (<a href=\'../Documenti/HMR_2012d_GC-VCFE13a.pdf\'>a</a>, <a href=\'../Documenti/HMR_2012d_GC-VCFE13b.pdf\'>b</a>)', 'si'),
(18, 'interventiSeminariPresentazioni', '2012-05-07', 'La Macchina Ridotta: un progetto ben studiato', 'seminario al Dipartimento di Ingegneria della Informazione, Università di Pisa', '', '', '', 'G.A. Cignoni, \"<a href=\'../Documenti/HMR_2012i_GC-DipIng.pdf\'>La Macchina Ridotta: un progetto ben studiato</a>\", seminario al Dipartimento di Ingegneria della Informazione, Università di Pisa, 2012-05-07', 'si'),
(19, 'pubblicazioni', '0000-00-00', 'I laboratori didattici di HMR al Museo degli Strumenti per il Calcolo', 'atti di Didamatica 2012, Taranto 14-16 maggio 2012', '', '', 'ISBN: 978-88-905406-7-7', 'G.A. Cignoni, F. Gadducci, \"<a href=\'../Documenti/HMR_2012s_GCFG-Didamat-cr.pdf\'>I laboratori didattici di HMR al Museo degli Strumenti per il Calcolo</a>\", atti di Didamatica 2012, Taranto 14-16 maggio 2012, ISBN: 978-88-905406-7-7', 'si'),
(20, 'pubblicazioni', '0000-00-00', 'Experimental Archeology of Computer Science', 'atti di II Congresso La ricerca scientifica in Museo, Calci (Pi), 25-26 maggio 2012, Soc. Toscana di Scienze Naturali, Mem. Serie B, 119, 2012', '', '', '', 'G.A. Cignoni, F. Gadducci, \"<a href=\'../Documenti/HMR_2012s_GCFG-Calci-tx.pdf\'>Experimental Archeology of Computer Science</a>\", atti di II Congresso La ricerca scientifica in Museo, Calci (Pi), 25-26 maggio 2012, Soc. Toscana di Scienze Naturali, Mem. Serie B, 119, 2012 (<a href=\'../Documenti/HMR_2012s_GCFG-Calci-pr.pdf\'>presentazione</a>)', 'si'),
(21, 'pubblicazioni', '0000-00-00', 'Il genio con due anime in petto', 'in Sapere, ISSN: 0036-4681, 2012', '', '4', '', 'G.A. Cignoni, \"<a href=\'../Documenti/HMR_2012s_GC-Turing-sc.pdf\'>Il genio con due anime in petto</a>\", in Sapere, ISSN: 0036-4681, 2012, pp. 4', 'si'),
(22, 'pubblicazioni', '0000-00-00', 'Rediscovering the Very First Italian Digital Computer', 'atti di IEEE 3rd HISTory of ELectro-technology CONference, Pavia, 5-7 settembre 2012', '', '', 'ISBN: 978-1-4673-3079-4', 'G.A. Cignoni, F. Gadducci, \"<a href=\'../Documenti/HMR_2012s_GCFG-HistElCon-cr.pdf\'>Rediscovering the Very First Italian Digital Computer</a>\", atti di IEEE 3rd HISTory of ELectro-technology CONference, Pavia, 5-7 settembre 2012, ISBN: 978-1-4673-3079-4 (<a href=\'../Documenti/HMR_2012s_GCFG-HistElCon-pr.pdf\'>presentazione</a>, <a href=\'http://ieeexplore.ieee.org/document/6487563/?reload=true&tp=&arnumber=6487563\'>su IEEExplore</a>)', 'si'),
(23, 'pubblicazioni', '0000-00-00', 'GeneSim: modellazione e generazione di codice per simulatori di sistemi dinamici', 'atti del 44mo Congresso Nazionale AICA, Cesena, 2006', '', '', 'ISBN 88-6055-075-0', 'G.A. Cignoni, S. Masoni, \"<a href=\'../Documenti/HMR_2006s_GCSM-AICA-cr.pdf\'>GeneSim: modellazione e generazione di codice per simulatori di sistemi dinamici</a>\", atti del 44mo Congresso Nazionale AICA, Cesena, 2006, ISBN 88-6055-075-0 (<a href=\'../Documenti/HMR_2006s_GCSM-AICA-pr.pdf\'>Presentazione</a>)', 'si'),
(26, 'articoliVari', '2012-12-01', 'Alla ricerca del calcolatore perduto', 'in Imprenditori, mensile di economia, persone e cultura, anno XV', '10', '', '', 'F. Corgnati, \"<a href=\'../Documenti/HMR_2012v_FC-Imprenditori.pdf\'>Alla ricerca del calcolatore perduto</a>\", in Imprenditori, mensile di economia, persone e cultura, anno XV, 2012-12-01, n. 10', 'si'),
(27, 'articoliVari', '2013-03-01', 'Tracing the birth of Italian computer science', 'in Google Europe Blog', '', '', '', 'L. Webb, \"Tracing the birth of Italian computer science\", in Google Europe Blog, 2013-03-01 (<a href=\'https://europe.googleblog.com/2013/03/tracing-birth-of-italian-computer.html\'>su Google Europe Blog</a>)', 'si'),
(28, 'interventiSeminariPresentazioni', '2013-03-07', 'Un calcolatore, un artista e dintorni', 'seminario nell\'ambito della mostra Bruno Caruso. L\'arte del disegno, Museo della Grafica, Pisa', '', '', '', 'G.A. Cignoni, \"<a href=\'../Documenti/HMR_2013i_GC-Caruso.pdf\'>Un calcolatore, un artista e dintorni</a>\", seminario nell\'ambito della mostra Bruno Caruso. L\'arte del disegno, Museo della Grafica, Pisa, 2013-03-07', 'si'),
(32, 'interventiSeminariPresentazioni', '2013-05-18', 'Il calcolatore percepito', 'intervento a <a href=\'../NotteMusei2013/\'>La notte dei calcolatori raccontati - Notte dei Musei 2013</a>, Museo degli Strumenti per il Calcolo, Pisa', '', '', '', 'G.A. Cignoni, \"<a href=\'../Documenti/HMR_2013i_GC-CalcPer.pdf\'>Il calcolatore percepito</a>\", intervento a <a href=\'../NotteMusei2013/\'>La notte dei calcolatori raccontati - Notte dei Musei 2013</a>, Museo degli Strumenti per il Calcolo, Pisa, 2013-05-18', 'si'),
(33, 'interventiSeminariPresentazioni', '2013-05-24', 'Computer Science Illustrated through Old Computers', 'intervento a Knowledge Triangle - New formulas for science communication, Pisa', '', '', '', 'G.A. Cignoni, \"<a href=\'../Documenti/HMR_2013i_GC-KTriang.pdf\'>Computer Science Illustrated through Old Computers</a>\", intervento a Knowledge Triangle - New formulas for science communication, Pisa, 2013-05-24', 'si'),
(34, 'pubblicazioni', '2013-06-17', 'Using Old Computers for Teaching Computer Science', 'in atti di Making the History of Computing Relevant - IFIP WG 9.7 Int. Conference, Science Museum, Londra, 17-18 giugno 2013, in (a cura di A. Tatnall et alii) IFIP Advances in Information and Communication Technologies', '416', '121', 'ISBN: 978-3-642-41649-1', 'G.A. Cignoni, F. Gadducci, \"<a href=\'../Documenti/HMR_2013s_GCFG-IfipMHCR-cr.pdf\'>Using Old Computers for Teaching Computer Science</a>\", in atti di Making the History of Computing Relevant - IFIP WG 9.7 Int. Conference, Science Museum, Londra, 17-18 giugno 2013, in (a cura di A. Tatnall et alii) IFIP Advances in Information and Communication Technologies, 2013-06-17, n. 416, pp. 121, ISBN: 978-3-642-41649-1 (<a href=\'../Documenti/HMR_2013s_GCFG-IfipMHCR-pr.pdf\'>Presentazione</a>)', 'si'),
(35, 'interventiSeminariPresentazioni', '2013-06-25', 'Les premiers ordinateurs Olivetti: Deux études de cas in brand making', 'seminario al Conservatoire National des Arts et Métiers, Paris', '', '', '', 'G.A. Cignoni, F. Gadducci, \"<a href=\'../Documenti/HMR_2013i_GCFG-CNAM.pdf\'>Les premiers ordinateurs Olivetti: Deux études de cas in brand making</a>\", seminario al Conservatoire National des Arts et Métiers, Paris, 2013-06-25', 'si'),
(36, 'pubblicazioni', '0000-00-00', 'Per un Museo Nazionale dell\'Informatica', 'atti del 50mo Congresso Nazionale AICA, Fisciano (Sa), 18-20 settembre 2013', '', '352', 'ISBN: 978-88-98091-16-4', 'G.A. Cignoni, F. Gadducci, G. Lettieri, C. Montangero, \"<a href=\'../Documenti/HMR_2013s_GCFGGLCM-AICA-cr.pdf\'>Per un Museo Nazionale dell\'Informatica</a>\", atti del 50mo Congresso Nazionale AICA, Fisciano (Sa), 18-20 settembre 2013, pp. 352, ISBN: 978-88-98091-16-4', 'si'),
(37, 'interventiSeminariPresentazioni', '2013-09-27', 'I ricercatori della Macchina Perduta', 'intervento a SHINE! La Notte dei Ricercatori, Centro S. Michele degli Scalzi, Pisa', '', '', '', 'G.A. Cignoni, \"<a href=\'../Documenti/HMR_2013i_GC-Shine.pdf\'>I ricercatori della Macchina Perduta</a>\", intervento a SHINE! La Notte dei Ricercatori, Centro S. Michele degli Scalzi, Pisa, 2013-09-27', 'si'),
(38, 'interventiSeminariPresentazioni', '2013-10-02', 'Storia dell\'Informatica, seriamente', 'lezione ai Seminari di Cultura Digitale, Laurea in Informatica Umanistica, Università di Pisa', '', '', '', 'G.A. Cignoni, \"<a href=\'../Documenti/HMR_2013i_GC-CultDig.pdf\'>Storia dell\'Informatica, seriamente</a>\", lezione ai Seminari di Cultura Digitale, Laurea in Informatica Umanistica, Università di Pisa, 2013-10-02', 'si'),
(39, 'interventiSeminariPresentazioni', '2013-10-04', 'La storia dell\'informatica per capire l\'informatica', 'presentazione agli insegnanti delle attività didattiche di HMR, Museo degli Strumenti per il Calcolo, Pisa', '', '', '', 'G.A. Cignoni, \"<a href=\'../Documenti/HMR_2013i_GC-PresDid.pdf\'>La storia dell\'informatica per capire l\'informatica</a>\", presentazione agli insegnanti delle attività didattiche di HMR, Museo degli Strumenti per il Calcolo, Pisa, 2013-10-04', 'si'),
(40, 'pubblicazioni', '2013-10-28', 'A Syllabus for the Fifties, Teaching Computer Science on the first Italian Computers', 'intervento a 2nd Int. Conference on the History and Philosophy of Computing, Paris', '', '', '', 'G.A. Cignoni, F. Gadducci, \"<a href=\'../Documenti/HMR_2013s_GCFG-HaPoC-ab.pdf\'>A Syllabus for the Fifties, Teaching Computer Science on the first Italian Computers</a>\", intervento a 2nd Int. Conference on the History and Philosophy of Computing, Paris, 2013-10-28 (<a href=\'../Documenti/HMR_2013s_GCFG-HaPoC-pr.pdf\'>Presentazione</a>)', 'si'),
(41, 'pubblicazioni', '0000-00-00', 'Designing an exhibition about the history of personal computing', 'poster al XXIII Congresso dell\'Associazione Nazionale dei Musei Scientifici, Venezia, 13-15 novembre 2013', '', '', '', 'G.A. Cignoni, F. Gadducci, \"<a href=\'../Documenti/HMR_2013s_GCFG-ANMS-ps.pdf\'>Designing an exhibition about the history of personal computing</a>\", poster al XXIII Congresso dell\'Associazione Nazionale dei Musei Scientifici, Venezia, 13-15 novembre 2013 (<a href=\'../Documenti/HMR_2013s_GCFG-ANMS-ab.pdf\'>Sommario</a>)', 'si'),
(42, 'interventiSeminariPresentazioni', '2013-12-20', 'Dall\'aritmometro al PC, un allestimento per raccontare e spiegare', 'intervento all\'inaugurazione della sala <a href=\'../AritPC/\'>Dall\'Aritmometro al PC</a>, Museo degli Strumenti per il Calcolo, Pisa', '', '', '', 'G.A. Cignoni, \"<a href=\'../Documenti/HMR_2013i_GC-AritPC.pdf\'>Dall\'aritmometro al PC, un allestimento per raccontare e spiegare</a>\", intervento all\'inaugurazione della sala <a href=\'../AritPC/\'>Dall\'Aritmometro al PC</a>, Museo degli Strumenti per il Calcolo, Pisa, 2013-12-20', 'si'),
(45, 'interventiSeminariPresentazioni', '2014-05-06', 'Programmazione su un calcolatore anni \'50: la Macchina Ridotta', 'lezione al corso di Esperienze di Programmazione, Laurea in Informatica, Università di Pisa', '', '', '', 'G.A. Cignoni, \"<a href=\'../Documenti/HMR_2014i_GC-LezEspProg.pdf\'>Programmazione su un calcolatore anni \'50: la Macchina Ridotta</a>\", lezione al corso di Esperienze di Programmazione, Laurea in Informatica, Università di Pisa, 2014-05-06', 'si'),
(46, 'interventiSeminariPresentazioni', '2014-05-09', 'La Macchina Ridotta (la CEP prima della CEP)', 'intervento all\'Happy Hour della Tecnica e della Scienza, Ist. Tecnico Industriale Statale G. Marconi, Pontedera (Pi)', '', '', '', 'G.A. Cignoni, \"<a href=\'../Documenti/HMR_2014i_GC-HHour.pdf\'>La Macchina Ridotta (la CEP prima della CEP)</a>\", intervento all\'Happy Hour della Tecnica e della Scienza, Ist. Tecnico Industriale Statale G. Marconi, Pontedera (Pi), 2014-05-09', 'si'),
(47, 'interventiSeminariPresentazioni', '2014-05-13', 'Da Gutenberg a Knuth, storie di caratteri', 'seminario nell\'ambito della mostra Questioni di Carattere, Museo della Grafica, Pisa', '', '', '', 'G.A. Cignoni, \"<a href=\'../Documenti/HMR_2014i_GC-GutKnuth.pdf\'>Da Gutenberg a Knuth, storie di caratteri</a>\", seminario nell\'ambito della mostra Questioni di Carattere, Museo della Grafica, Pisa, 2014-05-13', 'si'),
(49, 'interventiSeminariPresentazioni', '2014-06-12', 'Idee, calcoli e calcolatori che ci hanno portato sulla Luna (non senza sorprese)', 'intervento a <a href=\'../Luna/\'>La Luna, da Galileo all\'Apollo 11</a>, Museo degli Strumenti per il Calcolo, Pisa', '', '', '', 'G.A. Cignoni, \"<a href=\'../Documenti/HMR_2014i_GC-Luna.pdf\'>Idee, calcoli e calcolatori che ci hanno portato sulla Luna (non senza sorprese)</a>\", intervento a <a href=\'../Luna/\'>La Luna, da Galileo all\'Apollo 11</a>, Museo degli Strumenti per il Calcolo, Pisa, 2014-06-12', 'si'),
(50, 'interventiSeminariPresentazioni', '2014-09-26', 'Dalla ricerca al pubblico - l\'informatica al Museo degli Strumenti per il Calcolo', 'intervento per il Sistema Museale di Ateneo a Bright! La Notte dei Ricercatori, L.go C. Menotti, Pisa', '', '', '', 'G.A. Cignoni, \"<a href=\'../Documenti/HMR_2014i_GC-Bright.pdf\'>Dalla ricerca al pubblico - l\'informatica al Museo degli Strumenti per il Calcolo</a>\", intervento per il Sistema Museale di Ateneo a Bright! La Notte dei Ricercatori, L.go C. Menotti, Pisa, 2014-09-26', 'si'),
(51, 'interventiSeminariPresentazioni', '0000-00-00', 'Iniziano i seminari di Storia dell\'informatica', 'seminari di Storia dell\'Informatica, corso di Cultura e Metodo Scientifico, Laurea in Informatica, Università di Pisa, 9 ottobre - 11 dicembre 2014', '', '', '', 'G.A. Cignoni, \"Iniziano i seminari di Storia dell\'informatica\", seminari di Storia dell\'Informatica, corso di Cultura e Metodo Scientifico, Laurea in Informatica, Università di Pisa, 9 ottobre - 11 dicembre 2014 (<a href=\'../Documenti/HMR_2014i_GC-SemSTI1.pdf\'>Storia dell\'Informatica, di cosa parliamo, termini e concetti</a>, <a href=\'../Documenti/HMR_2014i_GC-SemSTI2.pdf\'>Verso il calcolatore, prodromi di un\'idea</a>, <a href=\'../Documenti/HMR_2014i_GC-SemSTI3.pdf\'>Le meccaniche, da Pascal e Leibniz alla Curta</a>, <a href=\'../Documenti/HMR_2014i_GC-SemSTI4.pdf\'>I precursori, né calcolatrici né calcolatori</a>, <a href=\'../Documenti/HMR_2014i_GC-SemSTI5.pdf\'>I calcolatori, dai primi ai super</a>, <a href=\'../Documenti/HMR_2014i_GC-SemSTI6.pdf\'>Il capitolo pisano, dal sincrotrone alle CEP</a>, <a href=\'../Documenti/HMR_2014i_GC-SemSTI7.pdf\'>Il calcolo personale, la storia del PC</a>, <a href=\'../Documenti/HMR_2014i_GC-SemSTI8.pdf\'>L\'avventura Olivetti, in più capitoli</a>)', 'si'),
(52, 'interventiSeminariPresentazioni', '2014-10-25', '50 anni in 30\', l\'informatica aperta, prima di GNU', 'intervento al Linux Day, Ist. Tecnico Industriale Statale G. Marconi, Pontedera (Pi)', '', '', '', 'G.A. Cignoni, \"<a href=\'../Documenti/HMR_2014i_GC-LinuxDay.pdf\'>50 anni in 30\', l\'informatica aperta, prima di GNU</a>\", intervento al Linux Day, Ist. Tecnico Industriale Statale G. Marconi, Pontedera (Pi), 2014-10-25', 'si'),
(53, 'interventiSeminariPresentazioni', '2014-10-29', 'Linotype: una meraviglia di strumento di calcolo', 'lezione ai Seminari di Cultura Digitale, Laurea in Informatica Umanistica, Università di Pisa', '', '', '', 'G.A. Cignoni, \"<a href=\'../Documenti/HMR_2014i_GC-CultDig.pdf\'>Linotype: una meraviglia di strumento di calcolo</a>\", lezione ai Seminari di Cultura Digitale, Laurea in Informatica Umanistica, Università di Pisa, 2014-10-29', 'si'),
(54, 'pubblicazioni', '0000-00-00', 'Raccontare il calcolo, senza fare conti', 'intervento a Contact Zone - XXIV Congresso dell\'Associazione Nazionale dei Musei Scientifici, Livorno, 11-13 novembre 2014', '', '', '', 'G.A. Cignoni, C. Colosimo, \"<a href=\'../Documenti/HMR_2014s_GCCC-ANMS-ab.pdf\'>Raccontare il calcolo, senza fare conti</a>\", intervento a Contact Zone - XXIV Congresso dell\'Associazione Nazionale dei Musei Scientifici, Livorno, 11-13 novembre 2014 (<a href=\'../Documenti/HMR_2014s_GCCC-ANMS-pr.pdf\'>Presentazione</a>)', 'si'),
(56, 'pubblicazioni', '0000-00-00', 'A Virtual Experience on the Very First Italian Computer', 'in ACM Journal on Computing and Cultural Heritage, Vo. 7, No. 4, 2014', '', '', '', 'G.A. Cignoni, F. Gadducci, S. Paci, \"<a href=\'../Documenti/HMR_2014s_GCFGSP-ACMJoCCH-cr.pdf\'>A Virtual Experience on the Very First Italian Computer</a>\", in ACM Journal on Computing and Cultural Heritage, Vo. 7, No. 4, 2014', 'si'),
(57, 'pubblicazioni', '0000-00-00', 'Rebuilding/Interacting at the Museum of Computing Machinery', 'poster a RICHES First International Conference - Cultural Heritage: Recalibrating Relationships, Pisa, 4-5 dicembre 2014.', '', '', '', 'G.A. Cignoni, F. Gadducci, G. Lettieri, \"<a href=\'../Documenti/HMR_2014s_GCFGGL-RICHES-ps.pdf\'>Rebuilding/Interacting at the Museum of Computing Machinery</a>\", poster a RICHES First International Conference - Cultural Heritage: Recalibrating Relationships, Pisa, 4-5 dicembre 2014.', 'si'),
(58, 'pubblicazioni', '0000-00-00', 'Neko, giocare al gatto con il topo', 'in Siamo del Gatto! Storie e immagini di gatti, Edizioni ETS, Pisa 2015', '', '', 'ISBN: 978-884674216-2', 'G.A. Cignoni, \"Neko, giocare al gatto con il topo\", in Siamo del Gatto! Storie e immagini di gatti, Edizioni ETS, Pisa 2015, ISBN: 978-884674216-2', 'si'),
(60, 'interventiSeminariPresentazioni', '2015-03-22', 'Retrocomputing, molto retro', 'intervento all\'inaugurazione della mostra Quando ieri era già domani, Stradella (Pv)', '', '', '', 'G.A. Cignoni, \"<a href=\'../Documenti/HMR_2015i_GC-Stradella.pdf\'>Retrocomputing, molto retro</a>\", intervento all\'inaugurazione della mostra Quando ieri era già domani, Stradella (Pv), 2015-03-22', 'si'),
(62, 'interventiSeminariPresentazioni', '2015-04-16', 'L\'informatica, che storie', 'seminario al Museo Storico della Comunicazione, Ministero dello Sviluppo Economico, Roma', '', '', '', 'G.A. Cignoni, \"<a href=\'../Documenti/HMR_2015i_GC-MiSE.pdf\'>L\'informatica, che storie</a>\", seminario al Museo Storico della Comunicazione, Ministero dello Sviluppo Economico, Roma, 2015-04-16', 'si'),
(63, 'interventiSeminariPresentazioni', '2015-04-17', 'Informatica al Museo dalle elementari in su, senza mai banalizzare', 'intervento al Convegno Nazionale 2015 - Se l\'Informatica è per tutti, come insegnare l\'Informatica a tutti?, Associazione Nazionale dei Docenti di Informatica, Museo degli Strumenti per il Calcolo, Pisa', '', '', '', 'G.A. Cignoni, \"<a href=\'../Documenti/HMR_2015i_GC-ANDInf.pdf\'>Informatica al Museo dalle elementari in su, senza mai banalizzare</a>\", intervento al Convegno Nazionale 2015 - Se l\'Informatica è per tutti, come insegnare l\'Informatica a tutti?, Associazione Nazionale dei Docenti di Informatica, Museo degli Strumenti per il Calcolo, Pisa, 2015-04-17', 'si'),
(64, 'pubblicazioni', '2015-05-31', 'Archeologi dell\'informatica', 'in X la tangente', '3', '', '', 'G.A. Cignoni, \"<a href=\'../Documenti/HMR_2015s_GC-XlaTang-sc.pdf\'>Archeologi dell\'informatica</a>\", in X la tangente, 2015-05-31, n. 3 (<a href=\'http://www.xlatangente.it/upload/files/XlaT_online/03/index.html\'>la rivista online</a>)', 'si'),
(65, 'interventiSeminariPresentazioni', '2015-05-29', 'La Olivetti, fra emozioni e razioncinio', 'intervento a Oltre le occasioni perdute, presentazione del libro di Simone Fubini, Scuola Superiore S. Anna, Pisa', '', '', '', 'G.A. Cignoni, \"<a href=\'../Documenti/HMR_2015i_GC-Fubini.pdf\'>La Olivetti, fra emozioni e razioncinio</a>\", intervento a Oltre le occasioni perdute, presentazione del libro di Simone Fubini, Scuola Superiore S. Anna, Pisa, 2015-05-29', 'si'),
(68, 'pubblicazioni', '0000-00-00', 'Games, from Engaging to Understanding: a Perspective from a Museum of Computing Machinery', 'atti della 14th International Conference on Entertainment Computing, Trondheim, 30 settembre - 2 ottobre 2015', '', '', '', 'G.A. Cignoni, T. Mongelli, L. Cappellini, \"<a href=\'../Documenti/HMR_2015s_GCLCTM-ICEC.pdf\'>Games, from Engaging to Understanding: a Perspective from a Museum of Computing Machinery</a>\", atti della 14th International Conference on Entertainment Computing, Trondheim, 30 settembre - 2 ottobre 2015 (<a href=\'../Documenti/HMR_2015s_GCLCTM-ICEC-ps.pdf\'>Poster</a>)', 'si'),
(69, 'pubblicazioni', '0000-00-00', 'Functional or appealing? Traces of a long struggle', 'intervento a 3rd Int. Conference on the History and Philosophy of Computing, Pisa, 8-11 ottobre 2015', '', '', '', 'G.A. Cignoni, \"<a href=\'../Documenti/HMR_2015s_GC-HaPoC-ea.pdf\'>Functional or appealing? Traces of a long struggle</a>\", intervento a 3rd Int. Conference on the History and Philosophy of Computing, Pisa, 8-11 ottobre 2015 (<a href=\'../Documenti/HMR_2015s_GC-HaPoC-pr.pdf\'>Presentazione</a>)', 'si'),
(70, 'interventiSeminariPresentazioni', '2015-10-16', 'Design ed elettronica: Olivetti, il bel calcolo', 'intervento a Eredità del Novecento. Arte e design nelle collezioni civiche livornesi, Fondazione Livorno', '', '', '', 'G.A. Cignoni, \"<a href=\'../Documenti/HMR_2015i_GC-BelCalc.pdf\'>Design ed elettronica: Olivetti, il bel calcolo</a>\", intervento a Eredità del Novecento. Arte e design nelle collezioni civiche livornesi, Fondazione Livorno, 2015-10-16', 'si'),
(71, 'pubblicazioni', '0000-00-00', 'Lezioni al Museo: cimeli dell\'informatica per la didattica e l\'orientamento', 'intervento a Cose di Scienza - XXV Congresso dell\'Associazione Nazionale dei Musei Scientifici, Torino, 11-13 novembre 2015', '', '', '', 'G.A. Cignoni, \"<a href=\'../Documenti/HMR_2015s_GC-ANMS-ea.pdf\'>Lezioni al Museo: cimeli dell\'informatica per la didattica e l\'orientamento</a>\", intervento a Cose di Scienza - XXV Congresso dell\'Associazione Nazionale dei Musei Scientifici, Torino, 11-13 novembre 2015 (<a href=\'../Documenti/HMR_2015s_GC-ANMS-pr.pdf\'>Presentazione</a>)', 'si'),
(73, 'documentiMaterialiProgetto', '2015-11-28', 'DJ set a manovella', 'introduzione alla serata Primadell\'emmepitré a Senza Filo 2015, Cantiere Sanbernardo, Pisa', '', '', '', 'G.A. Cignoni, A. Magnani, \"<a href=\'../Documenti/HMR_2015d_GCAM-SFilo.pdf\'>DJ set a manovella</a>\", introduzione alla serata Primadell\'emmepitré a Senza Filo 2015, Cantiere Sanbernardo, Pisa, 2015-11-28 (<a href=\'../Documenti/HMR_2015d_GCAM-SFilo.jpg\'>Locandina</a>)', 'si'),
(75, 'interventiSeminariPresentazioni', '2015-12-14', 'La Ferranti dell\'INAC cos\'era, come funzionava, che ci facevano', 'intervento a Il Calcolatore Ferranti dell\'Istituto Nazionale per le Applicazioni del Calcolo, al CNR 60 anni fa', '', '', '', 'G.A. Cignoni, \"<a href=\'../Documenti/HMR_2015i_GC-Finac.pdf\'>La Ferranti dell\'INAC cos\'era, come funzionava, che ci facevano</a>\", intervento a Il Calcolatore Ferranti dell\'Istituto Nazionale per le Applicazioni del Calcolo, al CNR 60 anni fa, 2015-12-14 (<a href=\'../Documenti/FINAC60_2015d_Brochure.pdf\'>Brochure</a>)', 'si'),
(76, 'pubblicazioni', '0000-00-00', 'CHKB: dare struttura (visitabile) alle collezioni tecnico-scientifiche', 'intervento a IV Conferenza Nazionale dell\'Associazione per l\'Informatica Umanistica e la Cultura Digitale, Torino, 17-19 dicembre 2015', '', '', '', 'G.A. Cignoni, \"<a href=\'../Documenti/HMR_2015s_GC-AIUCDab.pdf\'>CHKB: dare struttura (visitabile) alle collezioni tecnico-scientifiche</a>\", intervento a IV Conferenza Nazionale dell\'Associazione per l\'Informatica Umanistica e la Cultura Digitale, Torino, 17-19 dicembre 2015 (<a href=\'../Documenti/HMR_2015s_GC-AIUCDpr.pdf\'>Presentazione</a>)', 'si'),
(77, 'interventiSeminariPresentazioni', '2016-02-12', 'Informatica: la sua storia come completamento culturale del professionista', 'seminario di formazione per l\'Ordine degli Ingegneri di Pisa, Pisa', '', '', '', 'G.A. Cignoni, \"<a href=\'../Documenti/HMR_2016i_GC-OrdIng.pdf\'>Informatica: la sua storia come completamento culturale del professionista</a>\", seminario di formazione per l\'Ordine degli Ingegneri di Pisa, Pisa, 2016-02-12', 'si'),
(79, 'interventiSeminariPresentazioni', '2016-02-27', 'Computers for the masses: una storia di informatica', 'presentazioni a <a href=\'../ComputersForTheMasses/\'>L\'aritmometro \'di Marconi\' in funzione</a>, Museo Tecnico Navale, La Spezia', '', '', '', 'G.A. Cignoni, \"<a href=\'../Documenti/HMR_2016i_GC-CompMassIntro.pdf\'>Computers for the masses: una storia di informatica</a>\", presentazioni a <a href=\'../ComputersForTheMasses/\'>L\'aritmometro \'di Marconi\' in funzione</a>, Museo Tecnico Navale, La Spezia, 2016-02-27 (<a href=\'../Documenti/HMR_2016i_GC-CompMassPezzi.pdf\'>pezzi in mostra</a>)', 'si'),
(81, 'pubblicazioni', '0000-00-00', 'Bene insegnare l\'informatica in una società sempre più complicata', 'atti di Didamatica 2016, Udine, 19-21 aprile 2016', '', '', 'ISBN: 978889809144 7', 'G.A. Cignoni, \"<a href=\'../Documenti/HMR_2016s_GC-Didamat.pdf\'>Bene insegnare l\'informatica in una società sempre più complicata</a>\", atti di Didamatica 2016, Udine, 19-21 aprile 2016, ISBN: 978889809144 7 (<a href=\'../Documenti/HMR_2016s_GC-Didamat-pr.pdf\'>Presentazione</a>)', 'si'),
(82, 'interventiSeminariPresentazioni', '2016-04-29', 'Chiacchiere e videogiochi', 'introduzione per l\'<a href=\'../ChiacchiereVG/\'>incontro</a> al Caffè Letterario Voltapagina, Pisa', '', '', '', 'G.A. Cignoni, \"<a href=\'../Documenti/HMR_2016i_GC-ChiacchiereVG.pdf\'>Chiacchiere e videogiochi</a>\", introduzione per l\'<a href=\'../ChiacchiereVG/\'>incontro</a> al Caffè Letterario Voltapagina, Pisa, 2016-04-29', 'si'),
(83, 'interventiSeminariPresentazioni', '2016-05-14', 'Dall\'Aritmometro all\'Amiga', 'presentazione per l\'<a href=\'../ComputersForTheMasses/#Amiga\'>incontro con le scuole</a> al Nuovo Teatro Pacini, Fucecchio', '', '', '', 'G.A. Cignoni, \"<a href=\'../Documenti/HMR_2016i_GC-CompMassAmiga.pdf\'>Dall\'Aritmometro all\'Amiga</a>\", presentazione per l\'<a href=\'../ComputersForTheMasses/#Amiga\'>incontro con le scuole</a> al Nuovo Teatro Pacini, Fucecchio, 2016-05-14', 'si'),
(84, 'interventiSeminariPresentazioni', '2016-05-21', 'Hackerare la Storia (dell\'Informatica, ovviamente)', 'intervento a a bit of [hi]story, Torino', '', '', '', 'G.A. Cignoni, \"<a href=\'../Documenti/HMR_2016i_GC-ABitOfHistory.pdf\'>Hackerare la Storia (dell\'Informatica, ovviamente)</a>\", intervento a a bit of [hi]story, Torino, 2016-05-21', 'si'),
(85, 'pubblicazioni', '0000-00-00', 'The Global Virtual Museum of Information Science & Technology, a Project Idea', 'in atti di International Communities of Invention and Innovation - IFIP WG 9.7 Int. Conference, New York, 25-29 maggio 2016, in (a cura di A. Tatnall & C. Leslie) IFIP Advances in Information and Communication Technologies, Springer, 2016', '491', '101-114', 'ISBN: 978-3-319-49462-3 ', 'G.A. Cignoni, G.A. Cossu, \"<a href=\'../Documenti/HMR_2016s_GCGC-IFIP97.pdf\'>The Global Virtual Museum of Information Science & Technology, a Project Idea</a>\", in atti di International Communities of Invention and Innovation - IFIP WG 9.7 Int. Conference, New York, 25-29 maggio 2016, in (a cura di A. Tatnall & C. Leslie) IFIP Advances in Information and Communication Technologies, Springer, 2016, n. 491, pp. 101-114, ISBN: 978-3-319-49462-3  (<a href=\'../Documenti/HMR_2016s_GCGC-IFIP97-pp.pdf\'>Articolo</a>, <a href=\'../Documenti/HMR_2016s_GCGC-IFIP97-rt.pdf\'>Tavola rotonda</a>)', 'si'),
(86, 'interventiSeminariPresentazioni', '2016-06-05', 'HMR racconta: storie del calcolo personale', 'interventi a Vicoretrò, Vicopisano', '', '', '', 'G.A. Cignoni, \"<a href=\'../Documenti/HMR_2016i_GC-Vicoretro1.pdf\'>HMR racconta: storie del calcolo personale</a>\", interventi a Vicoretrò, Vicopisano, 2016-06-05 (<a href=\'../Documenti/HMR_2016i_GC-Vicoretro2.pdf\'>il demoracconto della Macchina</a>)', 'si'),
(87, 'interventiSeminariPresentazioni', '2016-06-18', 'Dai cataloghi alla conoscenza: un contributo da informatici alla storia dell\'informatica', 'intervento a Il computer racconta sé stesso, AICA & Università di Verona, Verona', '', '', '', 'G.A. Cignoni, \"<a href=\'../Documenti/HMR_2016i_GC-AICAVerona.pdf\'>Dai cataloghi alla conoscenza: un contributo da informatici alla storia dell\'informatica</a>\", intervento a Il computer racconta sé stesso, AICA & Università di Verona, Verona, 2016-06-18 (<a href=\'../Documenti/HMR_2016i_GC-AICAVerona-abs.pdf\'>Sommario</a>)', 'si'),
(88, 'documentiMaterialiProgetto', '0000-00-00', 'Fare Videogiochi - palestra scientifica', 'flyer per i campi solari del CUS Pisa, 2016', '', '', '', 'G.A. Cignoni, T. Mongelli, \"<a href=\'../Documenti/HMR_2016d_GCTM-CUSFareVG.pdf\'>Fare Videogiochi - palestra scientifica</a>\", flyer per i campi solari del CUS Pisa, 2016', 'si'),
(90, 'documentiMaterialiProgetto', '0000-00-00', 'Estensione e validazione di CHKB, una base di conoscenza web per il Museo degli Strumenti per il Calcolo', 'relazione di tirocinio in Ing. Informatica relatori G. Lettieri, G.A. Cignoni, Università di Pisa, 2016', '', '', '', 'E. Meloni, \"<a href=\'../Documenti/HMR_2016d_EM-TirCHKB.pdf\'>Estensione e validazione di CHKB, una base di conoscenza web per il Museo degli Strumenti per il Calcolo</a>\", relazione di tirocinio in Ing. Informatica relatori G. Lettieri, G.A. Cignoni, Università di Pisa, 2016', 'si'),
(94, 'documentiMaterialiProgetto', '2016-10-29', 'Digitale a manovella, calcoli con l\'aritmometro', 'note tecniche per L\'aritmometro \"di Marconi\", Festival della Scienza di Genova', '', '', '', 'G.A. Cignoni, \"<a href=\'../Documenti/HMR_2016d_GC-Manovella.pdf\'>Digitale a manovella, calcoli con l\'aritmometro</a>\", note tecniche per L\'aritmometro \"di Marconi\", Festival della Scienza di Genova, 2016-10-29', 'si'),
(95, 'pubblicazioni', '0000-00-00', 'Strutturazione e condivisione della conoscenza, informatica ed economia della catalogazione', 'intervento a I musei al tempo della crisi - XXVI Congresso dell\'Associazione Nazionale dei Musei Scientifici, Trieste, 16-18 novembre 2016 ', '', '', '', 'G.A. Cignoni, E. Meloni, \"<a href=\'../Documenti/HMR_2016s_GCEM-ANMS-abs.pdf\'>Strutturazione e condivisione della conoscenza, informatica ed economia della catalogazione</a>\", intervento a I musei al tempo della crisi - XXVI Congresso dell\'Associazione Nazionale dei Musei Scientifici, Trieste, 16-18 novembre 2016  (<a href=\'../Documenti/HMR_2016s_GCEM-ANMS-pr.pdf\'>Presentazione in inglese</a>)', 'si'),
(98, 'pubblicazioni', '0000-00-00', 'KB-Driven Information Extraction to Enable Distant Reading of Museum Collections', 'intervento a 6th AIUCD Conference 2017, Roma, 26-28 gennaio 2017', '', '', '', 'G.A. Cignoni, E. Meloni, \"<a href=\'../Documenti/HMR_2017s_GCEM-AIUCD-BoA.pdf\'>KB-Driven Information Extraction to Enable Distant Reading of Museum Collections</a>\", intervento a 6th AIUCD Conference 2017, Roma, 26-28 gennaio 2017 (<a href=\'../Documenti/HMR_2017s_GCEM-AIUCD-pr.pdf\'>Presentazione in inglese</a>)', 'si'),
(99, 'interventiSeminariPresentazioni', '2017-02-03', 'Programmi per dire cose', 'intervento a Indiesagio 1.0 - Convention sul Videogioco Indipendente Pisano, Pisa, Cantiere Sanbernardo', '', '', '', 'G.A. Cignoni, \"<a href=\'../Documenti/HMR_2017i_GC-Indiesagio-pr.pdf\'>Programmi per dire cose</a>\", intervento a Indiesagio 1.0 - Convention sul Videogioco Indipendente Pisano, Pisa, Cantiere Sanbernardo, 2017-02-03', 'si'),
(100, 'interventiSeminariPresentazioni', '2010-10-01', 'Un giro (simulato) sulla Macchina Ridotta', 'intervento alla sessione Il futuro della storia dell\'informatica: didattica e divulgazione, Congresso Nazionale AICA 2010, L\'Aquila', '', '', '', 'G.A. Cignoni, \"<a href=\'../Documenti/HMR_2010i_GC-AICA.pdf\'>Un giro (simulato) sulla Macchina Ridotta</a>\", intervento alla sessione Il futuro della storia dell\'informatica: didattica e divulgazione, Congresso Nazionale AICA 2010, L\'Aquila, 2010-10-01 (<a href=\'../Documenti/HMR_2010i_GC-AICAsess.pdf\'>Introduzione alla sessione</a>)', 'si'),
(102, 'documentiMaterialiProgetto', '0000-00-00', 'Caratteri/Emozioni, pannelli', 'installazione alla Stazione Leopolda, Internet Festival, 10-13 ottobre 2013', '', '', '', 'G.A. Cignoni, \"Caratteri/Emozioni, pannelli\", installazione alla Stazione Leopolda, Internet Festival, 10-13 ottobre 2013 (<a href=\'../Documenti/HMR_2013d_GC-CarEmo01.jpg\'>1</a>, <a href=\'../Documenti/HMR_2013d_GC-CarEmo02.jpg\'>2</a>, <a href=\'../Documenti/HMR_2013d_GC-CarEmo03.jpg\'>3</a>, <a href=\'../Documenti/HMR_2013d_GC-CarEmo04.jpg\'>4</a>, <a href=\'../Documenti/HMR_2013d_GC-CarEmo05.jpg\'>5</a>, <a href=\'../Documenti/HMR_2013d_GC-CarEmo06.jpg\'>6</a>, <a href=\'../Documenti/HMR_2013d_GC-CarEmo07.jpg\'>7</a>, <a href=\'../Documenti/HMR_2013d_GC-CarEmo08.jpg\'>8</a>, <a href=\'../Documenti/HMR_2013d_GC-CarEmo09.jpg\'>9</a>, <a href=\'../Documenti/HMR_2013d_GC-CarEmo10.jpg\'>10</a>, <a href=\'../Documenti/HMR_2013d_GC-CarEmo11.jpg\'>11</a>, <a href=\'../Documenti/HMR_2013d_GC-CarEmo12.jpg\'>12</a>, <a href=\'../Documenti/HMR_2013d_GC-CarEmo13.jpg\'>13</a>, <a href=\'../Documenti/HMR_2013d_GC-CarEmo14.jpg\'>14</a>, <a href=\'../Documenti/HMR_2013d_GC-CarEmo15.jpg\'>15</a>, <a href=\'../Documenti/HMR_2013d_GC-CarEmo16.jpg\'>16</a>)', 'si'),
(105, 'documentiMaterialiProgetto', '2014-06-20', 'Musica, elettronica, calcolatori', 'introduzione e programma della serata Prima dell\'emmepitré, Museo degli Strumenti per il Calcolo', '', '', '', 'G.A. Cignoni, L. Tarabella, A. Magnani, \"<a href=\'../Documenti/HMR_2014d_GCAMMFLT-PrimaMP3.pdf\'>Musica, elettronica, calcolatori</a>\", introduzione e programma della serata Prima dell\'emmepitré, Museo degli Strumenti per il Calcolo, 2014-06-20', 'si'),
(106, 'interventiSeminariPresentazioni', '2014-10-11', 'Perché i videogiochi, perché Mario', 'intervento a <a href=\'../NVV2014if/\'>La Notte dei Vecchi Videogiochi 2014 - Speciale IF</a>, Museo degli Strumenti per il Calcolo, Pisa', '', '', '', 'G.A. Cignoni, \"<a href=\'../Documenti/HMR_2014i_GC-NVVif.pdf\'>Perché i videogiochi, perché Mario</a>\", intervento a <a href=\'../NVV2014if/\'>La Notte dei Vecchi Videogiochi 2014 - Speciale IF</a>, Museo degli Strumenti per il Calcolo, Pisa, 2014-10-11', 'si'),
(107, 'interventiSeminariPresentazioni', '2014-10-24', 'Uno spazio attrezzato al MSC', 'intervento all\'inaugurazione della <a href=\'../SalaLab/\'>Sala Laboratori Didattici HMR</a>, Museo degli Strumenti per il Calcolo, Pisa', '', '', '', 'G.A. Cignoni, \"<a href=\'../Documenti/HMR_2014i_GC-SalaLab.pdf\'>Uno spazio attrezzato al MSC</a>\", intervento all\'inaugurazione della <a href=\'../SalaLab/\'>Sala Laboratori Didattici HMR</a>, Museo degli Strumenti per il Calcolo, Pisa, 2014-10-24', 'si'),
(108, 'documentiMaterialiProgetto', '2014-11-06', 'L\'alba del XX secolo', 'introduzione e programma della serata a Senza Filo', '', '', '', 'G.A. Cignoni, G. Lettieri, A. Magnani, \"<a href=\'../Documenti/HMR_2014d_GCGLAM-SFilo1.pdf\'>L\'alba del XX secolo</a>\", introduzione e programma della serata a Senza Filo, 2014-11-06', 'si'),
(109, 'interventiSeminariPresentazioni', '0000-00-00', 'Un mese con Turing e l’Enigma', 'interventi a Un mese con <a href=\'../TuringEnigma/\'>Turing e l’Enigma</a>, Museo degli Strumenti per il Calcolo, Pisa, 28 febbraio - 21 marzo 2015, aggiornati ottobre 2018', '', '', '', 'G.A. Cignoni, \"Un mese con Turing e l’Enigma\", interventi a Un mese con <a href=\'../TuringEnigma/\'>Turing e l’Enigma</a>, Museo degli Strumenti per il Calcolo, Pisa, 28 febbraio - 21 marzo 2015, aggiornati ottobre 2018 (<a href=\'../Documenti/HMR_2018d_GC-TIG1-Persone.pdf\'>Turing e gli altri</a>, <a href=\'../Documenti/HMR_2018d_GC-TIG2-Bletchley.pdf\'>Bletchley Park e Ultra</a>, <a href=\'../Documenti/HMR_2018d_GC-TIG3-Enigma.pdf\'>L’Enigma</a>, <a href=\'../Documenti/HMR_2018d_GC-TIG4-LeAltre.pdf\'>Le altre macchine</a>)', 'si'),
(110, 'interventiSeminariPresentazioni', '2015-05-16', 'Volterra, i modelli, la simulazione: l\'informatica e gli equilibri degli ecosistemi', 'intervento a <a href=\'../NotteMusei2015/\'>Da Vito Volterra alla simulazione ad agenti - Notte dei Musei 2015</a>, Museo degli Strumenti per il Calcolo, Pisa', '', '', '', 'G.A. Cignoni, \"<a href=\'../Documenti/HMR_2015i_GC-Volterra.pdf\'>Volterra, i modelli, la simulazione: l\'informatica e gli equilibri degli ecosistemi</a>\", intervento a <a href=\'../NotteMusei2015/\'>Da Vito Volterra alla simulazione ad agenti - Notte dei Musei 2015</a>, Museo degli Strumenti per il Calcolo, Pisa, 2015-05-16', 'si'),
(112, 'documentiMaterialiProgetto', '2015-06-05', '64, musica a 8 bit, serata di brani digitali e suggestioni in vinile', 'introduzione e programma della serata Prima dell\'emmepitre, Museo degli Strumenti per il Calcolo', '', '', '', 'G.A. Cignoni, G. Lettieri, A. Magnani, \"<a href=\'../Documenti/HMR_2015d_GCGLAM-64Musica.pdf\'>64, musica a 8 bit, serata di brani digitali e suggestioni in vinile</a>\", introduzione e programma della serata Prima dell\'emmepitre, Museo degli Strumenti per il Calcolo, 2015-06-05', 'si'),
(113, 'documentiMaterialiProgetto', '0000-00-00', 'Killing polyhedral models', 'introduzione agli FPS per la Notte dei Vecchi Videogiochi 2015 AIRO, Museo degli Strumenti per il Calcolo, settembre 2015', '', '', '', 'G.A. Cignoni, A. Frangioni, \"<a href=\'../Documenti/HMR_2015d_GCAF-NVVairoInfo.pdf\'>Killing polyhedral models</a>\", introduzione agli FPS per la Notte dei Vecchi Videogiochi 2015 AIRO, Museo degli Strumenti per il Calcolo, settembre 2015', 'si'),
(115, 'documentiMaterialiProgetto', '0000-00-00', 'Commissione Nazionale per il Museo degli Strumenti per il Calcolo', 'Ministero dell\'Università e della Ricerca Scientifica e tecnologica, Decreto del 4 aprile 1993', '0', '', '', '\"<a href=\'../Documenti/HMR_1993d_DM0419.pdf\'>Commissione Nazionale per il Museo degli Strumenti per il Calcolo</a>\", Ministero dell\'Università e della Ricerca Scientifica e tecnologica, Decreto del 4 aprile 1993', 'si'),
(116, 'interventiSeminariPresentazioni', '2017-12-01', 'Coltano: l’<em>Atlantide</em> delle radiocomunicazioni', 'seminario invitato al corso di <a HREF=\'http://progettohmr.it/Corso\'>Storia dell’Informatica</a>', '', '', '', 'F. Giannetti, \"<a href=\'../Documenti/HMR_2017l_FG-STI-ColtanoAtlantide.pdf\'>Coltano: l’<em>Atlantide</em> delle radiocomunicazioni</a>\", seminario invitato al corso di <a HREF=\'http://progettohmr.it/Corso\'>Storia dell’Informatica</a>, 2017-12-01 (<a href=\'../Documenti/HMR_2017l_FG-STI-ColtanoAtlantideAbs.pdf\'>sommario</a>)', 'si'),
(117, 'pubblicazioni', '0000-00-00', 'Creare contatti: raccontare sul luogo', 'intervento a <em>Il museo e i suoi contatti - XXVII Congresso dell’Associazione Nazionale dei Musei Scientifici</em>, Genova, 25-27 ottobre 2017', '', '', '', 'G.A. Cignoni, E.A. Colazzo, M.S. Papa, N. Pratelli, \"<a href=\'../Documenti/HMR_2017s_GCECMPNP-ANMSLuoghiCEPabs.pdf\'>Creare contatti: raccontare sul luogo</a>\", intervento a <em>Il museo e i suoi contatti - XXVII Congresso dell’Associazione Nazionale dei Musei Scientifici</em>, Genova, 25-27 ottobre 2017 (<a href=\'../Documenti/HMR_2017s_GCECMPNP-ANMSLuoghiCEPpr.pdf\'>presentazione</a>)', 'si'),
(118, 'interventiSeminariPresentazioni', '2017-12-18', 'ComPVter: non solo retrocomputing', 'Seminario invitato al corso di <a HREF=\'http://progettohmr.it/Corso\'>Storia dell’Informatica</a>', '', '', '', 'D. Baldi, \"<a href=\'https://drive.google.com/open?id=1dcR5BP3rUS2Fm765mUSZgD9S5Cr-KzBg\'>ComPVter: non solo retrocomputing</a>\", Seminario invitato al corso di <a HREF=\'http://progettohmr.it/Corso\'>Storia dell’Informatica</a>, 2017-12-18', 'si'),
(119, 'pubblicazioni', '0000-00-00', 'Lezioni al Museo: cimeli dell\'informatica per didattica e orientamento all\'Università di Pisa', 'in Museologia Scientifica Memorie, ISSN 1972-6848, (articolo seguito all\'<a href=\'#2015s-ANMS\'>intervento</a> al XXV Congresso ANMS)', '17/2017', '162-165', '', 'G.A. Cignoni, \"<a href=\'../Documenti/HMR_2017s_GC-MusScMem17.pdf\'>Lezioni al Museo: cimeli dell\'informatica per didattica e orientamento all\'Università di Pisa</a>\", in Museologia Scientifica Memorie, ISSN 1972-6848, (articolo seguito all\'<a href=\'#2015s-ANMS\'>intervento</a> al XXV Congresso ANMS), n. 17/2017, pp. 162-165', 'si'),
(120, 'pubblicazioni', '0000-00-00', 'Prima dell\'emmepitré pixel a 45 giri: contatti fra musica e tecnologia', '(abstract), intervento a Il museo e i suoi contatti - XXVII Congresso dell\'Associazione Nazionale dei Musei Scientifici, Genova, 25-27 ottobre 2017', '', '', '', 'G.A. Cignoni, A. Magnani, \"<a href=\'../Documenti/HMR_2017s_GCAM-ANMSPixel45abs.pdf\'>Prima dell\'emmepitré pixel a 45 giri: contatti fra musica e tecnologia</a>\", (abstract), intervento a Il museo e i suoi contatti - XXVII Congresso dell\'Associazione Nazionale dei Musei Scientifici, Genova, 25-27 ottobre 2017 (<a href=\'../Documenti/HMR_2017s_GCAM-ANMSPixel45pr.pdf\'>presentazione</a>)', 'si'),
(121, 'pubblicazioni', '0000-00-00', 'Raccontare il calcolo senza fare i conti', 'in Museologia Scientifica Memorie, (articolo seguito all\'<a href=\'#2014i-ANMS\'>intervento</a> al XXIV Congresso ANMS)', '16/2017', '97-101', 'ISSN 1972-6848', 'G.A. Cignoni, C. Colosimo, \"<a href=\'../Documenti/HMR_2017s_GCCC-MusScMem16.pdf\'>Raccontare il calcolo senza fare i conti</a>\", in Museologia Scientifica Memorie, (articolo seguito all\'<a href=\'#2014i-ANMS\'>intervento</a> al XXIV Congresso ANMS), n. 16/2017, pp. 97-101, ISSN 1972-6848', 'si'),
(122, 'pubblicazioni', '0000-00-00', 'Cosa s\'impara da un aritmometro', 'atti di Didamatica 2017, Roma, 15-16 maggio 2017', '', '', 'ISBN: 9788898091461 ', 'G.A. Cignoni, \"<a href=\'../Documenti/HMR_2017s_GC-Didamat.pdf\'>Cosa s\'impara da un aritmometro</a>\", atti di Didamatica 2017, Roma, 15-16 maggio 2017, ISBN: 9788898091461  (<a href=\'../Documenti/HMR_2017s_GC-Didamat-pr.pdf\'>presentazione</a>)', 'si'),
(123, 'pubblicazioni', '2016-05-30', 'Il progetto di una sala sulla storia dell\'informatica personale', 'in Museologia Scientifica Memorie, articolo seguito al <a href=\'#2013s-ANMS\'>poster</a> al XXIII Congresso ANMS', '15/2016', '55-58', 'ISSN 1972-6848', 'G.A. Cignoni, F. Gadducci, C. Tarantino, \"<a href=\'../Documenti/HMR_2016s_GCFGCT-ANMS2013.pdf\'>Il progetto di una sala sulla storia dell\'informatica personale</a>\", in Museologia Scientifica Memorie, articolo seguito al <a href=\'#2013s-ANMS\'>poster</a> al XXIII Congresso ANMS, 2016-05-30, n. 15/2016, pp. 55-58, ISSN 1972-6848', 'si'),
(124, 'interventiSeminariPresentazioni', '2017-12-07', 'Hacker, archivi e simulatori: la riscoperta della 1a CEP', 'serata a ComPVter, Pavia', '', '', '', 'G.A. Cignoni, \"<a href=\'../Documenti/HMR_2017i_GC-ComPVter.pdf\'>Hacker, archivi e simulatori: la riscoperta della 1a CEP</a>\", serata a ComPVter, Pavia, 2017-12-07', 'si'),
(125, 'interventiSeminariPresentazioni', '2017-07-01', 'La mela più tosta', 'intervento a All About Apple ][ - 40 anni di Apple ][ e 15 di All About Apple, Savona, All About Apple Museum', '', '', '', 'G.A. Cignoni, \"<a href=\'../Documenti/HMR_2017i_GC-MelaTosta.pdf\'>La mela più tosta</a>\", intervento a All About Apple ][ - 40 anni di Apple ][ e 15 di All About Apple, Savona, All About Apple Museum, 2017-07-01', 'si');
INSERT INTO `biblios` (`IdBi`, `Category`, `Date`, `Title`, `PubReference`, `VolNum`, `Pages`, `ISBN`, `HTMLSrc`, `Visible`) VALUES
(126, 'interventiSeminariPresentazioni', '2017-06-11', 'HMR Racconta - Segreti per la vittoria: intelligenze artificiali di altri tempi (fatte girare sulla programma101)', 'intervento a Vicoretrò, Vicopisano', '', '', '', 'G.A. Cignoni, W. Zaniewski, \"<a href=\'../Documenti/HMR_2017i_GCWZ-Vicoretro.pdf\'>HMR Racconta - Segreti per la vittoria: intelligenze artificiali di altri tempi (fatte girare sulla programma101)</a>\", intervento a Vicoretrò, Vicopisano, 2017-06-11', 'si'),
(127, 'interventiSeminariPresentazioni', '2017-06-08', '45 giri: analogici, multimediali', 'intervento all\'inaugurazione di Pixel a 45 giri - Prima dell\'emmepitré, una storia in 126 copertine, multimediale e interattiva, Gipsoteca di Arte Antica, Pisa', '', '', '', 'G.A. Cignoni, A. Magnani, \"<a href=\'../Documenti/HMR_2017i_GCAM-Pixel45-0608.pdf\'>45 giri: analogici, multimediali</a>\", intervento all\'inaugurazione di Pixel a 45 giri - Prima dell\'emmepitré, una storia in 126 copertine, multimediale e interattiva, Gipsoteca di Arte Antica, Pisa, 2017-06-08', 'si'),
(128, 'interventiSeminariPresentazioni', '2017-05-04', 'Calcoli e calcolatori che ci han portato sulla luna', 'intervento a I giovedì alla Cittadella Galileiana, serata organizzata da Ludoteca Scientifica & La Nuova Limonaia, Pisa', '', '', '', 'G.A. Cignoni, \"<a href=\'../Documenti/HMR_2017i_GC-Luna.pdf\'>Calcoli e calcolatori che ci han portato sulla luna</a>\", intervento a I giovedì alla Cittadella Galileiana, serata organizzata da Ludoteca Scientifica & La Nuova Limonaia, Pisa, 2017-05-04', 'si'),
(129, 'interventiSeminariPresentazioni', '2017-04-26', 'Le Calcolatrici Elettroniche Pisane: proprio qui!', 'lezione ai Seminari di Cultura Digitale, Laurea in Informatica Umanistica, Università di Pisa', '', '', '', 'G.A. Cignoni, N. Pratelli, E.A. Colazzo, \"Le Calcolatrici Elettroniche Pisane: proprio qui!\", lezione ai Seminari di Cultura Digitale, Laurea in Informatica Umanistica, Università di Pisa, 2017-04-26 (<a href=\'../Documenti/HMR_2017i_GCNPEC-CultDigGCpr.pdf\'>GC</a>, <a href=\'../Documenti/HMR_2017i_GCNPEC-CultDigNPpr.pdf\'>NP</a>, <a href=\'../Documenti/HMR_2017i_GCNPEC-CultDigECpr.pdf\'>EC</a>)', 'si'),
(130, 'documentiMaterialiProgetto', '0000-00-00', 'Un\'applicazione web: Oggi nella storia dell\'informatica', 'relazione di laurea in Informatica umanistica, relatori G.A. Cignoni, E. Salvatori, Università di Pisa, 2017', '', '', '', 'N. Pratelli, \"<a href=\'../Documenti/HMR_2017d_NP-TesiOggiSTI.pdf\'>Un\'applicazione web: Oggi nella storia dell\'informatica</a>\", relazione di laurea in Informatica umanistica, relatori G.A. Cignoni, E. Salvatori, Università di Pisa, 2017', 'si'),
(131, 'documentiMaterialiProgetto', '0000-00-00', 'La Programma 101 e la notazione polacca inversa', 'documento post Vicoretrò 2017 per soddisfare una domanda sulla notazione usata dalla P101, giugno 2017', '', '', '', 'G.A. Cignoni, \"<a href=\'../Documenti/HMR_2017d_GC-P101RPN.pdf\'>La Programma 101 e la notazione polacca inversa</a>\", documento post Vicoretrò 2017 per soddisfare una domanda sulla notazione usata dalla P101, giugno 2017', 'si'),
(132, 'documentiMaterialiProgetto', '0000-00-00', 'Pixel a 45 giri - Mappa per anno e numero', 'documentazione per Pixel a 45 giri - Prima dell\'emmepitré, una storia in 126 copertine, multimediale e interattiva, Gipsoteca di Arte Antica, Pisa, 8-15 giugno 2017', '', '', '', 'G.A. Cignoni, A. Magnani, \"<a href=\'../Documenti/HMR_2017d_GCAM-Pixel45-Mappa.pdf\'>Pixel a 45 giri - Mappa per anno e numero</a>\", documentazione per Pixel a 45 giri - Prima dell\'emmepitré, una storia in 126 copertine, multimediale e interattiva, Gipsoteca di Arte Antica, Pisa, 8-15 giugno 2017', 'si'),
(133, 'documentiMaterialiProgetto', '0000-00-00', 'Pixel a 45 giri - Elenco dischi/copertine', 'documentazione per Pixel a 45 giri - Prima dell\'emmepitré, una storia in 126 copertine, multimediale e interattiva, Gipsoteca di Arte Antica, Pisa, 8-15 giugno 2017', '', '', '', 'G.A. Cignoni, A. Magnani, \"<a href=\'../Documenti/HMR_2017d_GCAM-Pixel45-Elenco.pdf\'>Pixel a 45 giri - Elenco dischi/copertine</a>\", documentazione per Pixel a 45 giri - Prima dell\'emmepitré, una storia in 126 copertine, multimediale e interattiva, Gipsoteca di Arte Antica, Pisa, 8-15 giugno 2017', 'si'),
(134, 'documentiMaterialiProgetto', '2017-06-07', 'Reingegnerizzazione di ruoli e permessi in CHKB, una base di conoscenza web per la storia dell\'informatica', 'relazione di tirocinio in Ing. Informatica, relatori G. Lettieri, G.A. Cignoni, Università di Pisa, 2017', '', '', '', 'E. Sassu, \"<a href=\'../Documenti/HMR_2017d_ES-TirCHKB.pdf\'>Reingegnerizzazione di ruoli e permessi in CHKB, una base di conoscenza web per la storia dell\'informatica</a>\", relazione di tirocinio in Ing. Informatica, relatori G. Lettieri, G.A. Cignoni, Università di Pisa, 2017, 2017-06-07', 'si'),
(135, 'interventiSeminariPresentazioni', '2016-10-29', '<a href=\'../FestivalScienza2016\'>L\'aritmometro \'di Marconi\'</a>', 'conferenza/spettacolo al Festival della Scienza, Genova', '', '', '', 'G.A. Cignoni, S. Benedetti, M. Stroobant, \"<a href=\'../FestivalScienza2016\'>L\'aritmometro \'di Marconi\'</a>\", conferenza/spettacolo al Festival della Scienza, Genova, 2016-10-29 (<a href=\'../Documenti/HMR_2016d_GCRPMS-FScienza-Prop.pdf\'>sommario</a>)', 'si'),
(137, 'documentiMaterialiProgetto', '2014-06-12', 'La Terra e la Luna, in scala, da ritagliare', 'gioco di carta per la serata La Luna da Galileo all\'Apollo 11, Museo degli Strumenti per il Calcolo', '', '', '', 'G.A. Cignoni, \"<a href=\'../Documenti/HMR_2014d_GC-TerraLuna.pdf\'>La Terra e la Luna, in scala, da ritagliare</a>\", gioco di carta per la serata La Luna da Galileo all\'Apollo 11, Museo degli Strumenti per il Calcolo, 2014-06-12', 'si'),
(138, 'documentiMaterialiProgetto', '0000-00-00', 'La Formula di Leon Battista Alberti', 'gioco di carta e materiale per attività didattiche sulla crittografia, Museo degli Strumenti per il Calcolo, marzo 2014', '', '', '', 'G.A. Cignoni, \"<a href=\'../Documenti/HMR_2014d_GC-Formula.pdf\'>La Formula di Leon Battista Alberti</a>\", gioco di carta e materiale per attività didattiche sulla crittografia, Museo degli Strumenti per il Calcolo, marzo 2014', 'si'),
(139, 'documentiMaterialiProgetto', '0000-00-00', 'Disco Cifrante, da Cesare a Vigènere', 'gioco di carta e materiale per attività didattiche sulla crittografia, Museo degli Strumenti per il Calcolo', '', '', '', 'G.A. Cignoni, \"<a href=\'../Documenti/HMR_2014d_GC-DiscoCif.pdf\'>Disco Cifrante, da Cesare a Vigènere</a>\", gioco di carta e materiale per attività didattiche sulla crittografia, Museo degli Strumenti per il Calcolo', 'si'),
(140, 'interventiSeminariPresentazioni', '0000-00-00', 'HMR - Laboratori', 'intervento a La CEP prima della CEP - Storia dell\'Informatica, divulgazione scientifica, didattica sperimentale, Pisa, 11-13 novembre 2011', '', '', '', 'G.A. Cignoni, \"<a href=\'../Documenti/HMR_2011i_GC-CEPprimaCEP.pdf\'>HMR - Laboratori</a>\", intervento a La CEP prima della CEP - Storia dell\'Informatica, divulgazione scientifica, didattica sperimentale, Pisa, 11-13 novembre 2011', 'si'),
(141, 'interventiSeminariPresentazioni', '2011-12-15', 'Prevedere le tecnologie: aspettative deluse e inattese sorprese', 'intervento a 150 anni di Tecnologia Italiana, Ass. Culturale Forseti, Varese', '', '', '', 'F. Gadducci, \"<a href=\'../Documenti/HMR_2011i_FG-Forseti.pdf\'>Prevedere le tecnologie: aspettative deluse e inattese sorprese</a>\", intervento a 150 anni di Tecnologia Italiana, Ass. Culturale Forseti, Varese, 2011-12-15', 'si'),
(142, 'interventiSeminariPresentazioni', '2012-04-28', 'When Hackers Rewrite History: the Lost Machine of Pisa', 'intervento al 13th Vintage Computer Festival Europe, Munich', '', '', '', 'G.A. Cignoni, F. Gadducci, A. Rubinelli, \"<a href=\'../Documenti/HMR_2012i_GCFGAR-VCFE13.pdf\'>When Hackers Rewrite History: the Lost Machine of Pisa</a>\", intervento al 13th Vintage Computer Festival Europe, Munich, 2012-04-28', 'si'),
(143, 'interventiSeminariPresentazioni', '2013-05-18', 'Il calcolatore immaginato', 'intervento a <a href=\'../NotteMusei2013/\'>La notte dei calcolatori raccontati - Notte dei Musei 2013</a>, Museo degli Strumenti per il Calcolo, Pisa', '', '', '', 'G.A. Cignoni, \"<a href=\'../Documenti/HMR_2013i_GC-CalcImm.pdf\'>Il calcolatore immaginato</a>\", intervento a <a href=\'../NotteMusei2013/\'>La notte dei calcolatori raccontati - Notte dei Musei 2013</a>, Museo degli Strumenti per il Calcolo, Pisa, 2013-05-18', 'si'),
(144, 'interventiSeminariPresentazioni', '2013-12-20', 'Un laboratorio per fare e capire, il prossimo progetto al Museo', 'intervento all\'inaugurazione della sala <a href=\'../AritPC/\'>Dall\'Aritmometro al PC</a>, Museo degli Strumenti per il Calcolo, Pisa', '', '', '', 'F. Gadducci, \"<a href=\'../Documenti/HMR_2013i_FG-LabMuseo.pdf\'>Un laboratorio per fare e capire, il prossimo progetto al Museo</a>\", intervento all\'inaugurazione della sala <a href=\'../AritPC/\'>Dall\'Aritmometro al PC</a>, Museo degli Strumenti per il Calcolo, Pisa, 2013-12-20', 'si'),
(145, 'interventiSeminariPresentazioni', '0000-00-00', 'Caccia alla macchina', 'idea e presentazione per attività didattiche con i più piccoli, Museo degli Strumenti per il Calcolo, Pisa, aprile 2014', '', '', '', 'G.A. Cignoni, \"<a href=\'../Documenti/HMR_2014i_GC-Caccia.pdf\'>Caccia alla macchina</a>\", idea e presentazione per attività didattiche con i più piccoli, Museo degli Strumenti per il Calcolo, Pisa, aprile 2014', 'si'),
(146, 'interventiSeminariPresentazioni', '2014-10-24', 'Laboratorio di Videogiochi', 'intervento all\'inaugurazione della <a href=\'../SalaLab/\'>Sala Laboratori Didattici HMR</a>, Museo degli Strumenti per il Calcolo, Pisa', '', '', '', 'T. Mongelli, L. Cappellini, \"<a href=\'../Documenti/HMR_2014i_TMLC-LabVG.pdf\'>Laboratorio di Videogiochi</a>\", intervento all\'inaugurazione della <a href=\'../SalaLab/\'>Sala Laboratori Didattici HMR</a>, Museo degli Strumenti per il Calcolo, Pisa, 2014-10-24', 'si'),
(147, 'interventiSeminariPresentazioni', '2015-10-07', 'Giochi: dal coinvolgere al capire, un punto di vista dal Museo degli Strumenti per il Calcolo', 'lezione ai Seminari di Cultura Digitale, Laurea in Informatica Umanistica, Università di Pisa', '', '', '', 'G.A. Cignoni, T. Mongelli, L. Cappellini, \"<a href=\'../Documenti/HMR_2015i_GCLCTM-CultDig.pdf\'>Giochi: dal coinvolgere al capire, un punto di vista dal Museo degli Strumenti per il Calcolo</a>\", lezione ai Seminari di Cultura Digitale, Laurea in Informatica Umanistica, Università di Pisa, 2015-10-07', 'si'),
(148, 'interventiSeminariPresentazioni', '2016-02-27', 'L\'aritmometro \'di Marconi\' in funzione', 'presentazioni a <a href=\'../ComputersForTheMasses/\'>L\'aritmometro \'di Marconi\' in funzione</a>, Museo Tecnico Navale, La Spezia', '', '', '', 'A. Celli, \"<a href=\'../Documenti/HMR_2016i_AC-CompMassArit.pdf\'>L\'aritmometro \'di Marconi\' in funzione</a>\", presentazioni a <a href=\'../ComputersForTheMasses/\'>L\'aritmometro \'di Marconi\' in funzione</a>, Museo Tecnico Navale, La Spezia, 2016-02-27', 'si'),
(149, 'pubblicazioni', '0000-00-00', 'UML Modelling and Code Generation For Agent-based, Discrete Events Simulation', 'atti di International Workshop on Applied Modeling and Simulation, Roma, 24-27 settembre 2012', '', '', 'ISBN: 978-88-97999-06-5', 'G.A. Cignoni, S. Paci, \"<a href=\'../Documenti/HMR_2012s_GCSP-WAMS-cr.pdf\'>UML Modelling and Code Generation For Agent-based, Discrete Events Simulation</a>\", atti di International Workshop on Applied Modeling and Simulation, Roma, 24-27 settembre 2012, ISBN: 978-88-97999-06-5 (<a href=\'../Documenti/HMR_2012s_GCSP-WAMS-pr.pdf\'>presentazione</a>)', 'si'),
(150, 'pubblicazioni', '0000-00-00', 'La storia dell\'informatica al Museo degli Strumenti per il Calcolo di Pisa', 'in atti di Pianeta Galileo 2012, Reg. Toscana, 2013', '', '', 'ISBN: 978-88-89365-36-6', 'G.A. Cignoni, F. Gadducci, \"<a href=\'../Documenti/HMR_2013s_GCFG-PiGal-tx.pdf\'>La storia dell\'informatica al Museo degli Strumenti per il Calcolo di Pisa</a>\", in atti di Pianeta Galileo 2012, Reg. Toscana, 2013, ISBN: 978-88-89365-36-6', 'si'),
(151, 'pubblicazioni', '0000-00-00', 'Calcolatori d\'epoca per la didattica dell\'Informatica al Museo degli Strumenti per il Calcolo', 'in atti di Didamatica 2013, Pisa, 7-9 maggio 2013', '', '', 'ISBN: 978-88-98091-10-2', 'G.A. Cignoni, F. Gadducci, \"<a href=\'../Documenti/HMR_2013s_GCFG-Didamat-cr.pdf\'>Calcolatori d\'epoca per la didattica dell\'Informatica al Museo degli Strumenti per il Calcolo</a>\", in atti di Didamatica 2013, Pisa, 7-9 maggio 2013, ISBN: 978-88-98091-10-2 (<a href=\'../Documenti/HMR_2013s_GCFG-Didamat-pr.pdf\'>presentazione</a>)', 'si'),
(152, 'pubblicazioni', '0000-00-00', 'I documenti raccontano le storie delle CEP', 'in Quaderni della Fondazione Galileo Galilei, <a href=\'#2013s-CEPprimaCEP\'>n. 1</a>, Pisa University Press, 2013', '', '', '', 'G.A. Cignoni, F. Gadducci, D. Ronco, \"<a href=\'../Documenti/HMR_2013s_GCFGDR-DocCEP.pdf\'>I documenti raccontano le storie delle CEP</a>\", in Quaderni della Fondazione Galileo Galilei, <a href=\'#2013s-CEPprimaCEP\'>n. 1</a>, Pisa University Press, 2013', 'si'),
(153, 'pubblicazioni', '0000-00-00', 'Dall\'aritmometro al PC - La storia del calcolo personale nelle collezioni del Museo degli Strumenti per il Calcolo', 'Quaderni della Fondazione Galileo Galilei, n. 2, Pisa University Press, 2014', '', '', 'ISBN: 978-88-6741-314-0', 'G.A. Cignoni, \"Dall\'aritmometro al PC - La storia del calcolo personale nelle collezioni del Museo degli Strumenti per il Calcolo\", Quaderni della Fondazione Galileo Galilei, n. 2, Pisa University Press, 2014, ISBN: 978-88-6741-314-0 (<a href=\'https://www.pisauniversitypress.it/scheda-libro/dallaritmometro-al-pc-9788867413140-166002.html\'>sul catalogo della Pisa University Press</a>)', 'si'),
(155, 'documentiMaterialiProgetto', '0000-00-00', 'MR57 Mangiasoldi', 'materiale per le attività didattiche con il sim della MR57, marzo 2012', '', '', '', 'G.A. Cignoni, \"<a href=\'../Documenti/HMR_2012d_GC-MRMangiasoldi.pdf\'>MR57 Mangiasoldi</a>\", materiale per le attività didattiche con il sim della MR57, marzo 2012', 'si'),
(156, 'documentiMaterialiProgetto', '0000-00-00', 'MR 57 - Quadro di Controllo Manuale', 'materiale per le attività didattiche con il sim della MR57, aprile 2013', '', '', '', 'G.A. Cignoni, \"<a href=\'../Documenti/HMR_2013d_GC-MR57QCM.pdf\'>MR 57 - Quadro di Controllo Manuale</a>\", materiale per le attività didattiche con il sim della MR57, aprile 2013', 'si'),
(157, 'documentiMaterialiProgetto', '0000-00-00', 'Le istruzioni di macchina della MR57', 'materiale per le attività didattiche con il sim della MR57, aprile 2013.', '', '', '', 'G.A. Cignoni, \"<a href=\'../Documenti/HMR_2013d_GC-MR57IstrNI38.pdf\'>Le istruzioni di macchina della MR57</a>\", materiale per le attività didattiche con il sim della MR57, aprile 2013.', 'si'),
(158, 'documentiMaterialiProgetto', '0000-00-00', 'Gli schemi della MR56 e della MR57', 'commento agli schemi esposti al Dipartimento di Informatica, giugno 2009', '', '', '', 'G.A. Cignoni, \"<a href=\'../Documenti/HMR_2009d_GC-NotaSchemi.pdf\'>Gli schemi della MR56 e della MR57</a>\", commento agli schemi esposti al Dipartimento di Informatica, giugno 2009', 'si'),
(159, 'documentiMaterialiProgetto', '2011-11-13', 'Cronologia dell\'informatica e del progetto CEP', 'pannello per la Mostra <a href=\'../MSC/\'>La CEP prima della CEP</a>, Museo degli Strumenti per il Calcolo', '', '', '', 'G.A. Cignoni, F. Gadducci, \"<a href=\'../Documenti/HMR_2011d_GCFG-Crono-2400.png\'>Cronologia dell\'informatica e del progetto CEP</a>\", pannello per la Mostra <a href=\'../MSC/\'>La CEP prima della CEP</a>, Museo degli Strumenti per il Calcolo, 2011-11-13 (<a href=\'../Documenti/HMR-Crono-4800.png\'>16000x4800</a>, <a href=\'../Documenti/HMR-Crono-7200.png\'>24000x7200</a>)', 'si'),
(160, 'documentiMaterialiProgetto', '0000-00-00', 'Progetto e realizzazione di CHKB, una base di conoscenza web per il Museo degli Strumenti per il Calcolo', 'tesi di laurea specialistica in Ingegneria Informatica, relatori G. Lettieri e G.A. Cignoni, Università di Pisa, 2012', '', '', '', 'A. Biagini, \"Progetto e realizzazione di CHKB, una base di conoscenza web per il Museo degli Strumenti per il Calcolo\", tesi di laurea specialistica in Ingegneria Informatica, relatori G. Lettieri e G.A. Cignoni, Università di Pisa, 2012 (<a href=\'https://etd.adm.unipi.it/t/etd-11132012-133307/\'>tesi online</a>)', 'si'),
(161, 'documentiMaterialiProgetto', '2012-03-24', 'Breve cronistoria dei primi calcolatori Olivetti', 'documento di approfondimento per l\'<a href=\'#2012i-AnniVel\'>intervento</a> a Sottsass e il design dei primi calcolatori Olivetti, Museo della Grafica', '', '', '', 'G.A. Cignoni, \"<a href=\'../Documenti/HMR_2012d_GC-Olivetti.pdf\'>Breve cronistoria dei primi calcolatori Olivetti</a>\", documento di approfondimento per l\'<a href=\'#2012i-AnniVel\'>intervento</a> a Sottsass e il design dei primi calcolatori Olivetti, Museo della Grafica, 2012-03-24', 'si'),
(162, 'documentiMaterialiProgetto', '0000-00-00', 'Il carattere delle telescriventi Olivetti T2', 'cenni storici e documentazione del carattere TTF HMR-OliT2, aprile 2013', '', '', '', 'G.A. Cignoni, \"<a href=\'../Documenti/HMR-OliT2-04.pdf\'>Il carattere delle telescriventi Olivetti T2</a>\", cenni storici e documentazione del carattere TTF HMR-OliT2, aprile 2013', 'si'),
(163, 'documentiMaterialiProgetto', '0000-00-00', 'Cronologia dell\'informatica e del progetto CEP', 'lettura dettagliata dell\'<a href=\'#2011d-Crono\'>omonimo pannello</a>, Museo degli Strumenti per il Calcolo, maggio 2013', '', '', '', 'G.A. Cignoni, F. Gadducci, \"<a href=\'../Documenti/HMR_2013d_GCFG-Crono.pdf\'>Cronologia dell\'informatica e del progetto CEP</a>\", lettura dettagliata dell\'<a href=\'#2011d-Crono\'>omonimo pannello</a>, Museo degli Strumenti per il Calcolo, maggio 2013', 'si'),
(164, 'documentiMaterialiProgetto', '0000-00-00', 'Manovellando, manovellando', 'documentazione per attività con le calcolatrici meccaniche, Museo degli Strumenti per il Calcolo, maggio 2014', '', '', '', 'G.A. Cignoni, G. Lettieri, \"<a href=\'../Documenti/HMR_2014d_GCGL-Manovellando.pdf\'>Manovellando, manovellando</a>\", documentazione per attività con le calcolatrici meccaniche, Museo degli Strumenti per il Calcolo, maggio 2014', 'si'),
(165, 'documentiMaterialiProgetto', '0000-00-00', 'Progetto per l\'allestimento degli spazi dedicati alla Storia dell\'Informatica al Museo degli Strumenti per il Calcolo', 'allegato tecnico al progetto presentato alla Fondazione Pisa, Dipartimento di Informatica, Università di Pisa, maggio 2014', '', '', '', 'G.A. Cignoni, \"<a href=\'../Documenti/HMR_2014d_GC-AllestMSC.pdf\'>Progetto per l\'allestimento degli spazi dedicati alla Storia dell\'Informatica al Museo degli Strumenti per il Calcolo</a>\", allegato tecnico al progetto presentato alla Fondazione Pisa, Dipartimento di Informatica, Università di Pisa, maggio 2014', 'si'),
(166, 'documentiMaterialiProgetto', '0000-00-00', 'Progetto per il riallestimento della Sala CEP al Museo degli Strumenti per il Calcolo', 'allegato tecnico al progetto presentato alla Fondazione Pisa, Dipartimento di Informatica, Università di Pisa, maggio 2014', '', '', '', 'G.A. Cignoni, \"<a href=\'../Documenti/HMR_2014d_GC-AllestCEP.pdf\'>Progetto per il riallestimento della Sala CEP al Museo degli Strumenti per il Calcolo</a>\", allegato tecnico al progetto presentato alla Fondazione Pisa, Dipartimento di Informatica, Università di Pisa, maggio 2014', 'si'),
(167, 'documentiMaterialiProgetto', '0000-00-00', 'Replica del pannello di controllo della Macchina Ridotta', 'nota interna con distinta componenti, Dipartimento di Informatica, novembre 2014', '', '', '', 'G.A. Cignoni, \"<a href=\'../Documenti/HMR_2014d_GC-QCM.pdf\'>Replica del pannello di controllo della Macchina Ridotta</a>\", nota interna con distinta componenti, Dipartimento di Informatica, novembre 2014 (<a href=\'../Documenti/HMR_2014d_GC-QCMblprnt.pdf\'>disegno allegato</a>)', 'si'),
(168, 'documentiMaterialiProgetto', '2014-11-13', 'Gli anni ruggenti', 'introduzione e programma della serata a Senza Filo', '', '', '', 'G.A. Cignoni, G. Lettieri, A. Magnani, \"<a href=\'../Documenti/HMR_2014d_GCGLAM-SFilo2.pdf\'>Gli anni ruggenti</a>\", introduzione e programma della serata a Senza Filo, 2014-11-13', 'si'),
(169, 'documentiMaterialiProgetto', '2014-11-20', 'Momenti neri', 'introduzione e programma della serata a Senza Filo', '', '', '', 'G.A. Cignoni, G. Lettieri, A. Magnani, \"<a href=\'../Documenti/HMR_2014d_GCGLAM-SFilo3.pdf\'>Momenti neri</a>\", introduzione e programma della serata a Senza Filo, 2014-11-20', 'si'),
(170, 'documentiMaterialiProgetto', '2014-11-27', 'Ma il morale è alto...', 'introduzione e programma della serata a Senza Filo', '', '', '', 'G.A. Cignoni, G. Lettieri, A. Magnani, \"<a href=\'../Documenti/HMR_2014d_GCGLAM-SFilo4.pdf\'>Ma il morale è alto...</a>\", introduzione e programma della serata a Senza Filo, 2014-11-27', 'si'),
(171, 'documentiMaterialiProgetto', '2014-11-29', 'Ultimi giri', 'introduzione e programma della serata a Senza Filo', '', '', '', 'G.A. Cignoni, G. Lettieri, A. Magnani, \"<a href=\'../Documenti/HMR_2014d_GCGLAM-SFilo5.pdf\'>Ultimi giri</a>\", introduzione e programma della serata a Senza Filo, 2014-11-29', 'si'),
(172, 'documentiMaterialiProgetto', '0000-00-00', 'Armee-Stabs-Maschinenschlüssel Nr 28', 'materiale per attività di codifica e decodifica con Enigma (dati originali, vecchia carta finta), Museo degli Strumenti per il Calcolo, marzo 2015', '', '', '', 'G.A. Cignoni, \"<a href=\'../Documenti/HMR_2015d_GC-FakeStab.pdf\'>Armee-Stabs-Maschinenschlüssel Nr 28</a>\", materiale per attività di codifica e decodifica con Enigma (dati originali, vecchia carta finta), Museo degli Strumenti per il Calcolo, marzo 2015', 'si'),
(173, 'documentiMaterialiProgetto', '0000-00-00', 'Lernwerkstatt - Kryptographie - Enigma!', 'materiale per attività di codifica e decodifica con Enigma, Museo degli Strumenti per il Calcolo, marzo 2015', '', '', '', 'G.A. Cignoni, \"<a href=\'../Documenti/HMR_2015d_GC-EnigmaLab.pdf\'>Lernwerkstatt - Kryptographie - Enigma!</a>\", materiale per attività di codifica e decodifica con Enigma, Museo degli Strumenti per il Calcolo, marzo 2015', 'si'),
(174, 'documentiMaterialiProgetto', '0000-00-00', 'C=64 Mania - POKE cose sugli sprite', 'materiale ed esempi di retroprogrammazione sul C=64, Museo degli Strumenti per il Calcolo, giugno 2015', '', '', '', 'G.A. Cignoni, G. Lettieri, \"<a href=\'../Documenti/HMR_2015d_GCGL-64Sprite.pdf\'>C=64 Mania - POKE cose sugli sprite</a>\", materiale ed esempi di retroprogrammazione sul C=64, Museo degli Strumenti per il Calcolo, giugno 2015', 'si'),
(175, 'documentiMaterialiProgetto', '0000-00-00', 'C=64 Mania - POKE cose sul SID', 'materiale ed esempi di retroprogrammazione sul C=64', '', '', '', 'G.A. Cignoni, G. Lettieri, \"<a href=\'../Documenti/HMR_2015d_GCGL-64SID.pdf\'>C=64 Mania - POKE cose sul SID</a>\", materiale ed esempi di retroprogrammazione sul C=64', 'si'),
(176, 'documentiMaterialiProgetto', '0000-00-00', 'Progettazione e Realizzazione di un Modulo per i Percorsi Virtuali in una Base di Conoscenza Informatica', 'relazione di tirocinio in Ing. Informatica relatori G. Lettieri, M.G.C.A. Cimino, Università di Pisa, 2015', '', '', '', 'D. Aimini, \"<a href=\'../Documenti/HMR_2015d_DA-TirCHKB.pdf\'>Progettazione e Realizzazione di un Modulo per i Percorsi Virtuali in una Base di Conoscenza Informatica</a>\", relazione di tirocinio in Ing. Informatica relatori G. Lettieri, M.G.C.A. Cimino, Università di Pisa, 2015', 'si'),
(177, 'documentiMaterialiProgetto', '2016-06-05', 'Un tuffo musicale nel passato analogico', 'Prima dell\'emmepitré a Vicoretrò, Vicopisano', '', '', '', 'G.A. Cignoni, A. Magnani, \"<a href=\'../Documenti/HMR_2016d_GCAM-VicoPrimaMP3.pdf\'>Un tuffo musicale nel passato analogico</a>\", Prima dell\'emmepitré a Vicoretrò, Vicopisano, 2016-06-05', 'si'),
(178, 'documentiMaterialiProgetto', '2016-06-05', 'Qua e là nella storia del calcolo personale', 'miniesposizione a Vicoretrò, Vicopisano', '', '', '', 'G.A. Cignoni, T. Mongelli, D. Minneci, F. Gori, M. Concas, \"<a href=\'../Documenti/HMR_2016d_GCMCFGDMTM-VicoMiniExpo.pdf\'>Qua e là nella storia del calcolo personale</a>\", miniesposizione a Vicoretrò, Vicopisano, 2016-06-05', 'si'),
(179, 'articoliVari', '2015-02-24', 'Un mese con Turing e l\'Enigma', 'su UniPi News, Università di Pisa', '', '', '', 'G.A. Cignoni, \"Un mese con Turing e l\'Enigma\", su UniPi News, Università di Pisa, 2015-02-24 (<a href=\'http://www.unipi.it/index.php/tutte-le-news/item/5631-un-mese-con-turing-e-lenigma\'>su UniPi News</a>)', 'si'),
(180, 'articoliVari', '2015-04-03', 'La crittografia e l\'Enigma', 'su UniPi News, Università di Pisa', '', '', '', 'G.A. Cignoni, F. Luccio, \"La crittografia e l\'Enigma\", su UniPi News, Università di Pisa, 2015-04-03 (<a href=\'http://www.unipi.it/index.php/tutte-le-news/item/5826-la-crittografia-e-l%E2%80%99enigma\'>su UniPi News</a>)', 'si'),
(181, 'interventiSeminariPresentazioni', '0000-00-00', 'Assaggi digitali', 'presentazione per introduzione alle visite per gruppi non scolastici, Museo degli Strumenti per il Calcolo, Pisa, aprile 2013', '', '', '', 'G.A. Cignoni, \"<a href=\'../Documenti/HMR_2013i_GC-Assaggi.pdf\'>Assaggi digitali</a>\", presentazione per introduzione alle visite per gruppi non scolastici, Museo degli Strumenti per il Calcolo, Pisa, aprile 2013', 'si'),
(182, 'interventiSeminariPresentazioni', '2013-04-20', 'Invasioni digitali', 'interventi alle Invasioni digitali, Museo degli Strumenti per il Calcolo, Pisa', '', '', '', 'G.A. Cignoni, \"Invasioni digitali\", interventi alle Invasioni digitali, Museo degli Strumenti per il Calcolo, Pisa, 2013-04-20 (<a href=\'../Documenti/HMR_2013i_GC-InvDig1.pdf\'>L\'eredità di Fibonacci</a>, <a href=\'../Documenti/HMR_2013i_GC-InvDig2.pdf\'>Maledetti Transistor</a>, <a href=\'../Documenti/HMR_2013i_GC-InvDig3.pdf\'>Schermata di memoria</a>, <a href=\'../Documenti/HMR_2013i_GC-InvDig4.pdf\'>La memoria bit per bit</a>, <a href=\'../Documenti/HMR_2013i_GC-InvDig5.pdf\'>La chiavetta primordiale</a>, <a href=\'../Documenti/HMR_2013i_GC-InvDig6.pdf\'>La rivincita del software</a>)', 'si'),
(183, 'pubblicazioni', '0000-00-00', 'Dall\'aritmometro al PC', 'in Quaderni della Fondazione Galileo Galilei, n. 2, Pisa University Press, 2014', '', '', '', 'G.A. Cignoni, \"<a href=\'../Documenti/HMR_2014s_GC-AritPCQFGGn2.pdf\'>Dall\'aritmometro al PC</a>\", in Quaderni della Fondazione Galileo Galilei, n. 2, Pisa University Press, 2014', 'si'),
(185, 'documentiMaterialiProgetto', '0000-00-00', 'Un generatore di codice per simulatori di sistemi dinamici', 'Tesi di Laurea in Informatica (vecchio ordinamento), relatore G.A. Cignoni, Università di Firenze, 2005', '', '', '', 'S. Masoni, \"Un generatore di codice per simulatori di sistemi dinamici\", Tesi di Laurea in Informatica (vecchio ordinamento), relatore G.A. Cignoni, Università di Firenze, 2005', 'si'),
(186, 'documentiMaterialiProgetto', '0000-00-00', 'Realizzazione di un chatbot: messaggistica istantanea per raccontare la storia dell\'informatica basandosi su database di oggiSTI analizzati con NLP', 'relazione di laurea in Informatica umanistica (relatori G.A. Cignoni, A.Lenci), Università di Pisa, 2017', '', '', '', 'T. La Bruna, \"<a href=\'../Documenti/HMR_2017d_TL-Tesi.pdf\'>Realizzazione di un chatbot: messaggistica istantanea per raccontare la storia dell\'informatica basandosi su database di oggiSTI analizzati con NLP</a>\", relazione di laurea in Informatica umanistica (relatori G.A. Cignoni, A.Lenci), Università di Pisa, 2017', 'si'),
(191, 'documentiMaterialiProgetto', '0000-00-00', 'Comunicazione e progetti di ricerca: una soluzione CMS per HMR', 'relazione di laurea in Informatica Umanistica (relatori G.A. Cignoni, S. Turbanti), Università di Pisa, 2018', '', '', '', 'E. Lenzi, \"<a href=\'../Documenti/HMR_2018d_EL-Tesi.pdf\'>Comunicazione e progetti di ricerca: una soluzione CMS per HMR</a>\", relazione di laurea in Informatica Umanistica (relatori G.A. Cignoni, S. Turbanti), Università di Pisa, 2018', 'si'),
(192, 'interventiSeminariPresentazioni', '2018-02-15', 'Le Calcolatrici Elettroniche Pisane, storia di un progetto', 'Intervento alla Cena Conviviale del Rotary Club di Rosignano Solvay', '', '', '', 'G.A. Cignoni, \"<a href=\'../Documenti/HMR_2018i_GC-Rosignano.pdf\'>Le Calcolatrici Elettroniche Pisane, storia di un progetto</a>\", Intervento alla Cena Conviviale del Rotary Club di Rosignano Solvay, 2018-02-15', 'si'),
(202, 'pubblicazioni', '0000-00-00', 'Padroni di un sapere o consumatori di gadget? Sfide didattiche ad All About Apple', 'atti di Didamatica 2018, Cesena 19-20 aprile', '', '258-261', 'ISBN 978-88-98091-47-8', 'G.A. Cignoni, A. Ferraro, \"<a href=\'../Documenti/HMR_2018s_CGAF-Didamatica.pdf\'>Padroni di un sapere o consumatori di gadget? Sfide didattiche ad All About Apple</a>\", atti di Didamatica 2018, Cesena 19-20 aprile, pp. 258-261, ISBN 978-88-98091-47-8 (<a href=\'../Documenti/HMR_2018s_GCAF-Didamatica-pr.pdf\'>presentazione</a>)', 'si'),
(206, 'interventiSeminariPresentazioni', '2018-05-26', 'Da Galileo all&rsquo;iPad, il mercato del calcolo personale', 'Lezione all&rsquo;<em>All About Apple Museum</em>', '', '', '', 'G.A. Cignoni, \"<a href=\'../Documenti/HMR_2018s_GC-LezAAA-GalileoIPad.pdf\'>Da Galileo all&rsquo;iPad, il mercato del calcolo personale</a>\", Lezione all&rsquo;<em>All About Apple Museum</em>, 2018-05-26', 'si'),
(208, 'pubblicazioni', '0000-00-00', 'Raccontare la storia dell’informatica giorno per giorno', 'intervento a <em>Metti la Storia al lavoro - II Conferenza Italiana di Public History</em>, Pisa, 11-15 giugno 2018', '', '', '', 'G.A. Cignoni, N. Pratelli, \"<a href=\'../Documenti/HMR_2018s_GCNP-AIPHabs.pdf\'>Raccontare la storia dell’informatica giorno per giorno</a>\", intervento a <em>Metti la Storia al lavoro - II Conferenza Italiana di Public History</em>, Pisa, 11-15 giugno 2018 (<a href=\'../Documenti/HMR_2018s_GCNP-AIPHpr.pdf\'>presentazione</a>)', 'si'),
(211, 'pubblicazioni', '0000-00-00', 'Discovering Eastern European PCs by hacking them. Today', 'intervento a <em>Histories of Computing in Eastern Europe</em>, <em>IFIP World Congress</em>, Poznań, 19-21 settembre 2018', '', '', '', 'S. Bodrato, F. Caruso, G.A. Cignoni, \"Discovering Eastern European PCs by hacking them. Today\", intervento a <em>Histories of Computing in Eastern Europe</em>, <em>IFIP World Congress</em>, Poznań, 19-21 settembre 2018 (<a href=\'../Documenti/HMR_2018s_SBFCGC-IFIP97Conf-pr.pdf\'>presentazione</a>)', 'si'),
(213, 'pubblicazioni', '0000-00-00', 'La CEP prima della CEP: storia dell\'informatica, divulgazione scientifica e didattica sperimentale', 'Atti del Convegno Pisa 11-12 novembre 2011, Quaderni della Fondazione Galileo Galilei, Pisa University Press', '1', '', 'ISBN: 978-88-6741-303-4', 'G.A. Cignoni, F. Gadducci, \"La CEP prima della CEP: storia dell\'informatica, divulgazione scientifica e didattica sperimentale\", Atti del Convegno Pisa 11-12 novembre 2011, Quaderni della Fondazione Galileo Galilei, Pisa University Press, n. 1, ISBN: 978-88-6741-303-4 (<a href=\'https://www.pisauniversitypress.it/scheda-libro/la-cep-prima-della-cep-9788867413034-155663.html\'>sul catalogo della Pisa University Press</a>)', 'si'),
(216, 'pubblicazioni', '0000-00-00', 'Oltre la Mela: competenze per valorizzare un patrimonio particolare', 'intervento a <em>I Musei scientifici nell’anno europeo del patrimonio - XXVIII Congresso dell’Associazione Nazionale dei Musei Scientifici</em>, Vicenza 24-26 ottobre 2018', '', '', '', 'G.A. Cignoni, A. Ferraro, \"<a href=\'../Documenti/HMR_2018s_GCAF-ANMS-OltreLaMela-sub.pdf\'>Oltre la Mela: competenze per valorizzare un patrimonio particolare</a>\", intervento a <em>I Musei scientifici nell’anno europeo del patrimonio - XXVIII Congresso dell’Associazione Nazionale dei Musei Scientifici</em>, Vicenza 24-26 ottobre 2018 (<a href=\'../Documenti/HMR_2018s_GCAF-ANMS-pr.pdf\'>presentazione</a>)', 'si'),
(220, 'pubblicazioni', '0000-00-00', 'Storia dell’informatica: metodi e strumenti per raccontarla da informatici', 'intervento a <em>Pedagogy, Teaching, and Research in the Age of Digital Humanities</em>, 8th AIUCD Conference, Udine 22-25 gennaio 2019', '', '', '', 'V. Bongini, G.A. Cignoni, E. Lenzi, N. Pratelli, \"<a href=\'../Documenti/HMR_2019s_VBGCELNP-AIUCD2019-ExtAbs.pdf\'>Storia dell’informatica: metodi e strumenti per raccontarla da informatici</a>\", intervento a <em>Pedagogy, Teaching, and Research in the Age of Digital Humanities</em>, 8th AIUCD Conference, Udine 22-25 gennaio 2019 (<a href=\'../Documenti/HMR_2019s_VBGCELNP-AIUCD2019pres.pdf\'>presentazione</a>)', 'si'),
(221, 'documentiMaterialiProgetto', '0000-00-00', 'Facebook come testata: linee guida redazionali per un progetto di ricerca in storia dell’informatica', 'Relazione di laurea triennale in Informatica Umanistica (relatori G.A. Cignoni, S. Turbanti), Università di Pisa', '', '', '', 'V. Bongini, \"<a href=\'../Documenti/HMR_2019d_VB-RelLaurea.pdf\'>Facebook come testata: linee guida redazionali per un progetto di ricerca in storia dell’informatica</a>\", Relazione di laurea triennale in Informatica Umanistica (relatori G.A. Cignoni, S. Turbanti), Università di Pisa', 'si'),
(226, 'interventiSeminariPresentazioni', '0000-00-00', 'The Imagination Game: riflessioni sulla narrazione della storia dell’informatica', 'Intervento all’Accademia Giovani per la Scienza, 1° Campus residenziale, Bertinoro, 23 marzo 2019', '', '', '', 'G.A. Cignoni, \"<a href=\'../Documenti/HMR_2019d_GC-TIGBertinoro.pdf\'>The Imagination Game: riflessioni sulla narrazione della storia dell’informatica</a>\", Intervento all’Accademia Giovani per la Scienza, 1° Campus residenziale, Bertinoro, 23 marzo 2019', 'si'),
(227, 'interventiSeminariPresentazioni', '0000-00-00', 'Videogiochi, una definizione in prospettiva storica', 'Lezione al corso di Game Design, Circolo Alhambra, Pisa, 29 marzo 2019', '', '', '', 'G.A. Cignoni, \"<a href=\'../Documenti/HMR_2019i_GC-LezCorsoVG.pdf\'>Videogiochi, una definizione in prospettiva storica</a>\", Lezione al corso di Game Design, Circolo Alhambra, Pisa, 29 marzo 2019', 'si'),
(228, 'interventiSeminariPresentazioni', '0000-00-00', 'Fra sogni e fisica, idee e calcoli che ci han portato sulla Luna', 'intervento alle serate di Storia dell’Informatica a Vicoretrò, 4 aprile 2019', '', '', '', 'G.A. Cignoni, \"<a href=\'../Documenti/HMR_2019i_GC-VicoLuna.pdf\'>Fra sogni e fisica, idee e calcoli che ci han portato sulla Luna</a>\", intervento alle serate di Storia dell’Informatica a Vicoretrò, 4 aprile 2019', 'si'),
(231, 'pubblicazioni', '0000-00-00', 'Narrativa storica: un esempio molto particolare di realtà virtuale e aumentata', 'atti di Didamatica 2019, Reggio Calabria 16-17 maggio', '', '67-70', 'ISBN 978-88-98091-50-8', 'G.A. Cignoni, M. Gazzarri, \"<a href=\'../Documenti/HMR_2019s_GCMG-Didamatica-AttiEs.pdf\'>Narrativa storica: un esempio molto particolare di realtà virtuale e aumentata</a>\", atti di Didamatica 2019, Reggio Calabria 16-17 maggio, pp. 67-70, ISBN 978-88-98091-50-8 (<a href=\'../Documenti/HMR_2019s_GCMG-Didamatica-Pres.pdf\'>presentazione</a>)', 'si'),
(232, 'documentiMaterialiProgetto', '2019-06-03', 'La seconda CEP, da Pisa a Parigi: quando il successo di un esempio diventa un problema', 'Nota interna', '', '', '', 'G.A. Cignoni, \"<a href=\'../Documenti/HMR_2019d_GC-PisaParigi.pdf\'>La seconda CEP, da Pisa a Parigi: quando il successo di un esempio diventa un problema</a>\", Nota interna, 2019-06-03', 'si'),
(233, 'pubblicazioni', '0000-00-00', 'Verità veloci e storia dell’informatica', 'intervento a <i>ConfGARR 2019</i>, Torino 4-6 giugno 2019', '', '', '', 'G.A. Cignoni, \"<a href=\'../Documenti/HMR_2019s_GC-GARRTo-Sub.pdf\'>Verità veloci e storia dell’informatica</a>\", intervento a <i>ConfGARR 2019</i>, Torino 4-6 giugno 2019 (<a href=\'../Documenti/HMR_2019s_GC-GARRpr.pdf\'>presentazione</a>)', 'si'),
(234, 'interventiSeminariPresentazioni', '0000-00-00', 'AAAllunati!', 'Interventi per il 50° dell’allunaggio all’All About Apple Museum, Savona 20-21 luglio 2019', '', '', '', 'G.A. Cignoni, \"AAAllunati!\", Interventi per il 50° dell’allunaggio all’All About Apple Museum, Savona 20-21 luglio 2019 (<a href=\'../Documenti/HMR_2019i_GC-AAAllunati-p1.pdf\'>Parte I: fantasia, formule e manovre</a>, <a href=\'../Documenti/HMR_2019i_GC-AAAllunati-p2.pdf\'>Parte II: macchine a terra e a bordo</a>)', 'si'),
(235, 'pubblicazioni', '0000-00-00', 'Prima dell’emmepitré, Pixel a 45 giri: contatti fra musica e tecnologia', 'in <em>Museologia Scientifica Memorie</em>, ISBN 978-88-908819-2-3 (articolo seguito all’<a href=\'?id=2017s-ANMS2\'>intervento</a> al XXVII Congresso ANMS)', '19/2019', '216-220', '', 'G.A. Cignoni, A. Magnani, \"<a href=\'../Documenti/HMR_2019s_GCAM-MusScPixel45.pdf\'>Prima dell’emmepitré, Pixel a 45 giri: contatti fra musica e tecnologia</a>\", in <em>Museologia Scientifica Memorie</em>, ISBN 978-88-908819-2-3 (articolo seguito all’<a href=\'?id=2017s-ANMS2\'>intervento</a> al XXVII Congresso ANMS), n. 19/2019, pp. 216-220', 'si'),
(236, 'pubblicazioni', '0000-00-00', 'Raccontare sul luogo: le Calcolatrici Elettroniche Pisane', 'in <em>Museologia Scientifica Memorie</em>, ISBN 978-88-908819-2-3 (articolo seguito all’<a href=\'?id=2017s-ANMS1\'>intervento</a> al XXVII Congresso ANMS)', '19/2019', '212-215', '', 'G.A. Cignoni, N. Pratelli, M.S. Papa, \"<a href=\'../Documenti/HMR_2019s_GCNPMP-MusScLuoghiCEP.pdf\'>Raccontare sul luogo: le Calcolatrici Elettroniche Pisane</a>\", in <em>Museologia Scientifica Memorie</em>, ISBN 978-88-908819-2-3 (articolo seguito all’<a href=\'?id=2017s-ANMS1\'>intervento</a> al XXVII Congresso ANMS), n. 19/2019, pp. 212-215', 'si'),
(240, 'interventiSeminariPresentazioni', '0000-00-00', 'Scalare il futuro, il gioco di ruolo sull’alba dell’informatica', 'presentazione e anteprima all’<em>Internet Festival</em>, Pisa, 10-13 ottobre 2019', '', '', '', 'G.A. Cignoni, M. Gazzarri, \"<a href=\'../Documenti/HMR_2019i_GCMG-SFGdR-Pres.pdf\'>Scalare il futuro, il gioco di ruolo sull’alba dell’informatica</a>\", presentazione e anteprima all’<em>Internet Festival</em>, Pisa, 10-13 ottobre 2019', 'si'),
(242, 'pubblicazioni', '0000-00-00', 'Discovering Eastern Europe PCs by Hacking them... Today', 'in <em>Histories of Computing in Eastern Europe</em>, atti del IFIP WG 9.7 Int. Workshop on the History of Computing, Poznań, 19–21 settembre 2018, in (a c. di C. Leslie, M. Schmitt) IFIP AICT n. 549, pp 279-294, Springer, 2019', '', '', 'ISBN 978-3-030-29159-4', 'S. Bodrato, F. Caruso, G.A. Cignoni, \"<a href=\'../Documenti/HMR_2019s_SBFCGC-IFIP97Conf18Proc.pdf\'>Discovering Eastern Europe PCs by Hacking them... Today</a>\", in <em>Histories of Computing in Eastern Europe</em>, atti del IFIP WG 9.7 Int. Workshop on the History of Computing, Poznań, 19–21 settembre 2018, in (a c. di C. Leslie, M. Schmitt) IFIP AICT n. 549, pp 279-294, Springer, 2019, ISBN 978-3-030-29159-4', 'si'),
(243, 'pubblicazioni', '0000-00-00', 'Strutturazione e condivisione della conoscenza, informatica ed economia della catalogazione', 'in <em>Museologia Scientifica Memorie</em>, n. 18/2019, pp. 84-86, ISBN 978-88-908819-1-6 (articolo seguito all’<a href=\'?id=2016s-ANMS\'>intervento</a> al XXVI Congresso ANMS)', '', '', '', 'G.A. Cignoni, E. Meloni, \"<a href=\'../Documenti/HMR_2019s_GCEM-MusScMem18.pdf\'>Strutturazione e condivisione della conoscenza, informatica ed economia della catalogazione</a>\", in <em>Museologia Scientifica Memorie</em>, n. 18/2019, pp. 84-86, ISBN 978-88-908819-1-6 (articolo seguito all’<a href=\'?id=2016s-ANMS\'>intervento</a> al XXVI Congresso ANMS)', 'si'),
(244, 'pubblicazioni', '0000-00-00', 'AAAllunati: la Luna resa accessibile', 'Intervento a <em>L’accessibilità nei musei- XXIX Congresso dell’Associazione Nazionale dei Musei Scientifici</em>, Chieti 23-25 ottobre 2019', '', '', '', 'G.A. Cignoni, M. Fanciulli, A. Ferraro, A. Palermo, \"<a href=\'../Documenti/HMR_2019s_GCMFAFAP-ANMS-AAAllunati-sub.pdf\'>AAAllunati: la Luna resa accessibile</a>\", Intervento a <em>L’accessibilità nei musei- XXIX Congresso dell’Associazione Nazionale dei Musei Scientifici</em>, Chieti 23-25 ottobre 2019 (<a href=\'../Documenti/HMR_2019i_GCMFAFAP-ANMS-AAAllunati-pres.pdf\'>presentazione</a>)', 'si'),
(245, 'documentiMaterialiProgetto', '0000-00-00', 'Verità veloci ed etica nella narrazione dell’informatica', 'tesi di laurea magistrale in Informatica Umanistica, relatori G.A. Cignoni e S. Turbanti, Università di Pisa, 2019', '', '', '', 'N. Pratelli, \"<a href=\'http://etd.adm.unipi.it/theses/available/etd-10292019-100625/\'>Verità veloci ed etica nella narrazione dell’informatica</a>\", tesi di laurea magistrale in Informatica Umanistica, relatori G.A. Cignoni e S. Turbanti, Università di Pisa, 2019', 'si'),
(246, 'interventiSeminariPresentazioni', '0000-00-00', '50 anni del CdL in Scienze dell’Informazione: un complesso percorso dalla ricerca alla didattica', 'intervento a <i>Firenze Vintage Bit 2019</i>, Lastra a Signa, 24 novembre 2019', '', '', '', 'G.A. Cignoni, \"<a href=\'../Documenti/HMR_2019i_GC-Informatica50-FVBit.pdf\'>50 anni del CdL in Scienze dell’Informazione: un complesso percorso dalla ricerca alla didattica</a>\", intervento a <i>Firenze Vintage Bit 2019</i>, Lastra a Signa, 24 novembre 2019', 'si'),
(249, 'pubblicazioni', '0000-00-00', 'Oltre la mela: competenze per valorizzare un patrimonio particolare', 'in <em>Museologia Scientifica Memorie</em> (articolo seguito all’<a href=\'?id=2018s-ANMS\'>intervento</a> al XXVIII Congresso ANMS)', '20/2019', '172-176', ' ISBN 978-88-908819-3-0', 'G.A. Cignoni, A. Ferraro, \"<a href=\'../Documenti/HMR_2019s_GCAF-MusSc20-OltreLaMela.pdf\'>Oltre la mela: competenze per valorizzare un patrimonio particolare</a>\", in <em>Museologia Scientifica Memorie</em> (articolo seguito all’<a href=\'?id=2018s-ANMS\'>intervento</a> al XXVIII Congresso ANMS), n. 20/2019, pp. 172-176,  ISBN 978-88-908819-3-0', 'si'),
(250, 'interventiSeminariPresentazioni', '0000-00-00', 'Videogiochi: ma quando sono nati?', 'intervento organizzato insieme a Vicoretrò a <i>Empoli Vintage</i>, Empoli, 22 dicembre 2019', '', '', '', 'G.A. Cignoni, \"<a href=\'../Documenti/HMR_2019i_GC-VicoSTI-EmpVintg.pdf\'>Videogiochi: ma quando sono nati?</a>\", intervento organizzato insieme a Vicoretrò a <i>Empoli Vintage</i>, Empoli, 22 dicembre 2019', 'si'),
(252, 'documentiMaterialiProgetto', '0000-00-00', 'L’Enigma senza sconti', 'istruzioni e materiale per laboratori didattici sull’Enigma, 2015 (rivisto 2018)', '', '', '', 'G.A. Cignoni, \"<a href=\'../Documenti/HMR_2018d_GC-CryptoLab.pdf\'>L’Enigma senza sconti</a>\", istruzioni e materiale per laboratori didattici sull’Enigma, 2015 (rivisto 2018)', 'si'),
(254, 'interventiSeminariPresentazioni', '0000-00-00', 'Giocare con vecchi calcolatori, molto vecchi', 'intervento a <i>Rome VideoGame lab</i>, Roma 7 novembre 2020', '', '', '', 'G.A. Cignoni, \"<a href=\'../Documenti/HMR_2020p_GC-RomaVGLab-pres.pdf\'>Giocare con vecchi calcolatori, molto vecchi</a>\", intervento a <i>Rome VideoGame lab</i>, Roma 7 novembre 2020', 'si'),
(255, 'pubblicazioni', '0000-00-00', 'Pisa, 1954–1961: Assessing Key Stages of a Seminal Italian Project', 'in IEEE Annals of the History of Computing, vol. 42, no. 2, pp. 6-19, 1 April-June 2020, doi: 10.1109/MAHC.2020.2978162.', '', '', '', 'G.A. Cignoni, F. Gadducci, \"<a href=\'../Documenti/HMR_2020s_GCFG-CEP-IEEEAnnals.pdf\'>Pisa, 1954–1961: Assessing Key Stages of a Seminal Italian Project</a>\", in IEEE Annals of the History of Computing, vol. 42, no. 2, pp. 6-19, 1 April-June 2020, doi: 10.1109/MAHC.2020.2978162.', 'si'),
(256, 'pubblicazioni', '0000-00-00', 'RiBau: il CANE torna a correre, un calcolatore didattico del 1970', 'atti di <i>Didamatica 2020</i>, 12-13 novembre 2020, online', '', '262-271', 'ISBN: 978-8-89-809161-4', 'A. Cignoni, G.A. Cignoni, G. Pacini, D. Ronco, \"<a href=\'../Documenti/2020_DidamaticaAtti-Estr262-271.pdf\'>RiBau: il CANE torna a correre, un calcolatore didattico del 1970</a>\", atti di <i>Didamatica 2020</i>, 12-13 novembre 2020, online, pp. 262-271, ISBN: 978-8-89-809161-4 (<a href=\'https://youtu.be/j-N3Nnx4KAE\'>video</a>)', 'si'),
(258, 'pubblicazioni', '0000-00-00', 'AAAllunati! La Luna resa accessible all’All About Apple Museum', 'in <em>Museologia Scientifica Memorie</em> (articolo seguito all’<a href=\'../Documentazione?id=2019s_ANMS\'>intervento</a> al XXIX Congresso ANMS), n. 21/2020', '', '219-223', 'ISBN 978-88-908819-4-7', 'G.A. Cignoni, M. Fanciulli, A. Ferraro, A. Palermo, \"<a href=\'../Documenti/HMR_2019s_GCMFAFAP-ANMS-AAAllunati-AttiEstr.pdf\'>AAAllunati! La Luna resa accessible all’All About Apple Museum</a>\", in <em>Museologia Scientifica Memorie</em> (articolo seguito all’<a href=\'../Documentazione?id=2019s_ANMS\'>intervento</a> al XXIX Congresso ANMS), n. 21/2020, pp. 219-223, ISBN 978-88-908819-4-7', 'si'),
(259, 'pubblicazioni', '0000-00-00', 'Virtuale sì, virtuale no', 'Intervento a <i>I Musei Italiani nel 2020 - Congresso ANMS 2020</i>, 18-20 novembre 2020, online', '', '', '', 'G.A. Cignoni, \"<a href=\'../Documenti/HMR_2020s_GC-ANMS-VirtSiNo-Abs.pdf\'>Virtuale sì, virtuale no</a>\", Intervento a <i>I Musei Italiani nel 2020 - Congresso ANMS 2020</i>, 18-20 novembre 2020, online (<a href=\'../Documenti/HMR_2020p_GC-ANMSVirtSiVirtNo-pres.pdf\'>presentazione</a>)', 'si'),
(261, 'documentiMaterialiProgetto', '0000-00-00', 'La stanza della prima CEP, appunti sparsi per una ricostruzione virtuale', 'Nota interna, 2020', '', '', '', 'G.A. Cignoni, \"<a href=\'../Documenti/HMR_2020d_GC-StanzaPrimaCEP.pdf\'>La stanza della prima CEP, appunti sparsi per una ricostruzione virtuale</a>\", Nota interna, 2020', 'si'),
(262, 'pubblicazioni', '0000-00-00', 'RiBau: il CANE torna a correre, un calcolatore didattico del 1970', 'in <i>Mondo Digitale</i>, n.89, dicembre 2020, pp. 1-14 (versione aggiornata dopo l’<a href=\"../Documentazione/?id=2020s_Dida\">intervento</a> a Didamatica 2020)', '', '', '', 'A. Cignoni, G.A. Cignoni, G. Pacini, D. Ronco, \"<a href=\'../Documenti/HMR_2020s_ACGCGPDR-CANE-MondoDigPubb.pdf\'>RiBau: il CANE torna a correre, un calcolatore didattico del 1970</a>\", in <i>Mondo Digitale</i>, n.89, dicembre 2020, pp. 1-14 (versione aggiornata dopo l’<a href=\"../Documentazione/?id=2020s_Dida\">intervento</a> a Didamatica 2020)', 'si');

-- --------------------------------------------------------

--
-- Struttura della tabella `bibliosediting`
--

CREATE TABLE `bibliosediting` (
  `IdBi` int(11) NOT NULL,
  `Category` varchar(32) COLLATE utf8_bin NOT NULL,
  `Date` date NOT NULL,
  `Title` varchar(250) COLLATE utf8_bin NOT NULL,
  `PubReference` varchar(250) COLLATE utf8_bin NOT NULL,
  `VolNum` varchar(20) COLLATE utf8_bin NOT NULL,
  `Pages` int(10) NOT NULL,
  `ISBN` varchar(25) COLLATE utf8_bin NOT NULL,
  `HTMLSrc` varchar(900) COLLATE utf8_bin NOT NULL,
  `Visible` varchar(2) COLLATE utf8_bin NOT NULL
) ENGINE=InnoDB DEFAULT CHARSET=utf8 COLLATE=utf8_bin;

-- --------------------------------------------------------

--
-- Struttura della tabella `cronopeople`
--

CREATE TABLE `cronopeople` (
  `IdCr` int(11) NOT NULL,
  `IdPp` int(11) NOT NULL
) ENGINE=InnoDB DEFAULT CHARSET=utf8 COLLATE=utf8_bin;

--
-- Dump dei dati per la tabella `cronopeople`
--

INSERT INTO `cronopeople` (`IdCr`, `IdPp`) VALUES
(59, 1),
(42, 1),
(51, 1),
(97, 47),
(96, 45),
(95, 1),
(95, 44),
(89, 1),
(89, 36),
(88, 1),
(88, 36),
(87, 1),
(85, 1),
(85, 43),
(84, 1),
(83, 1),
(83, 41),
(83, 42),
(81, 1),
(79, 1),
(77, 1),
(76, 1),
(75, 1),
(73, 1),
(73, 39),
(71, 1),
(70, 1),
(69, 1),
(113, 1),
(113, 50),
(66, 36),
(66, 37),
(66, 1),
(112, 1),
(112, 23),
(112, 39),
(111, 1),
(111, 23),
(64, 1),
(65, 1),
(110, 1),
(63, 1),
(62, 1),
(60, 1),
(58, 1),
(57, 1),
(57, 21),
(57, 23),
(55, 36),
(55, 37),
(55, 1),
(54, 1),
(54, 34),
(108, 1),
(108, 39),
(108, 23),
(53, 1),
(52, 1),
(107, 1),
(106, 1),
(50, 1),
(105, 1),
(105, 39),
(105, 24),
(49, 1),
(48, 1),
(104, 1),
(47, 1),
(103, 1),
(46, 1),
(45, 1),
(44, 1),
(44, 21),
(44, 23),
(44, 35),
(41, 1),
(41, 21),
(40, 1),
(40, 21),
(102, 1),
(39, 1),
(38, 1),
(37, 1),
(36, 1),
(36, 21),
(36, 23),
(36, 33),
(35, 1),
(35, 21),
(34, 1),
(34, 21),
(33, 1),
(32, 1),
(31, 1),
(31, 21),
(30, 1),
(29, 1),
(29, 32),
(28, 1),
(27, 31),
(26, 30),
(25, 1),
(101, 1),
(101, 21),
(101, 23),
(22, 1),
(22, 21),
(21, 1),
(20, 21),
(20, 1),
(19, 1),
(19, 21),
(18, 1),
(17, 1),
(16, 1),
(16, 21),
(15, 1),
(14, 1),
(13, 1),
(12, 1),
(10, 1),
(100, 1),
(9, 1),
(9, 21),
(9, 20),
(8, 1),
(8, 18),
(8, 19),
(3, 1),
(3, 19),
(3, 18),
(2, 1),
(2, 19),
(2, 18),
(187, 2),
(188, 1),
(188, 2),
(6, 1),
(6, 19),
(6, 18),
(1, 1),
(5, 1),
(5, 19),
(5, 18),
(68, 1),
(68, 37),
(68, 36),
(209, 124),
(207, 1),
(207, 36),
(11, 1),
(11, 21),
(43, 34),
(109, 1),
(94, 1),
(94, 45),
(94, 46),
(114, 1),
(214, 1),
(214, 127),
(216, 1),
(216, 108),
(212, 1),
(210, 1),
(208, 1),
(208, 3),
(206, 1),
(192, 1),
(191, 2),
(211, 125),
(211, 126),
(211, 1),
(190, 65),
(118, 54),
(116, 51),
(186, 123),
(117, 1),
(117, 52),
(117, 53),
(117, 3),
(136, 1),
(203, 1),
(204, 1),
(189, 64),
(201, 1),
(99, 1),
(98, 1),
(98, 44),
(217, 139),
(218, 108),
(219, 1),
(219, 127),
(61, 1),
(220, 124),
(220, 1),
(220, 2),
(220, 3),
(221, 124),
(205, 1),
(56, 1),
(56, 21),
(56, 38),
(223, 1),
(224, 127),
(224, 1),
(225, 1),
(227, 1),
(228, 1),
(226, 1),
(229, 1),
(231, 1),
(231, 127),
(202, 1),
(202, 108),
(232, 1),
(233, 1),
(234, 1),
(239, 148),
(239, 152),
(239, 143),
(222, 141),
(222, 140),
(222, 145),
(222, 142),
(238, 1),
(238, 39),
(238, 3),
(238, 53),
(215, 1),
(241, 3),
(242, 125),
(242, 126),
(242, 1),
(245, 3),
(246, 1),
(247, 24),
(248, 1),
(248, 127),
(248, 3),
(250, 1),
(249, 1),
(249, 108),
(237, 1),
(253, 1),
(253, 3),
(255, 1),
(255, 21),
(254, 1),
(257, 176),
(257, 1),
(257, 175),
(257, 58),
(260, 154),
(259, 1),
(256, 176),
(256, 1),
(256, 175),
(256, 58),
(244, 1),
(244, 139),
(244, 108),
(244, 158),
(240, 1),
(240, 127),
(7, 1),
(7, 18),
(7, 19),
(90, 44);

-- --------------------------------------------------------

--
-- Struttura della tabella `cronos`
--

CREATE TABLE `cronos` (
  `IdCr` int(11) NOT NULL,
  `Date` date NOT NULL,
  `Title` varchar(250) COLLATE utf8_bin NOT NULL,
  `Subtitle` varchar(250) COLLATE utf8_bin NOT NULL,
  `Text` text COLLATE utf8_bin NOT NULL,
  `Visible` varchar(2) COLLATE utf8_bin NOT NULL
) ENGINE=InnoDB DEFAULT CHARSET=utf8 COLLATE=utf8_bin;

--
-- Dump dei dati per la tabella `cronos`
--

INSERT INTO `cronos` (`IdCr`, `Date`, `Title`, `Subtitle`, `Text`, `Visible`) VALUES
(1, '2008-03-07', 'Prima della CEP: la Macchina Ridotta, 50 anni fa a Pisa', '<a href=\"http://www.progettohmr.it/Documentazione/?id=2008i-LezSti\">Lezione</a> al corso di Storia dell\'Informatica 2007/08', 'Dopo due anni e passa di ricerche e studio della documentazione recuperata, HMR ha da raccontare qualcosa.<br />La lezione celebra il 50esimo del&nbsp;<em>Manuale Utente</em>&nbsp;della Macchina Ridotta, uno dei documenti ritrovati.<br />&Egrave; datato marzo 1958, il mese successivo veniva completato il primo calcolo commissionato dall\'esterno. La Macchina Ridotta, non un pezzo della CEP, ma un calcolatore assai diverso, era gi&agrave; in funzione dal luglio del 1957, ma il manuale &egrave; un simbolo concreto dell\'uso della MR per servizi di calcolo e dell\'esistenza di utenti esterni al progetto CEP.<br />La lezione segna la prima uscita pubblica di HMR. Il corso prester&agrave; a HMR anche valide braccia studentesche.', 'si'),
(2, '2008-11-28', 'Hackerando la Macchina Ridotta', '<a href=\'http://www.progettohmr.it/Documentazione/?id=2008i-SemDip\'>Seminario</a> al Dipartimento di Informatica', 'Il seminario presenta gli ultimi progressi del progetto HMR ottenuti grazie anche al contributo di tre studenti del corso di Storia dell\'Informatica. Il seminario &egrave; organizzato in quattro interventi e presenta risultati raggiunti, problemi incontrati e dettagli curiosi. Il seminario propone anche una prima versione del simulatore della MR.', 'si'),
(3, '2009-03-02', 'Prima della CEP: (simulare) la Macchina Ridotta', '<a href=\'http://www.progettohmr.it/Documentazione/?id=2009i-LezSti\'>Lezione</a> al corso di Storia dell\'Informatica 2008/09', 'La lezione aggiorna sui progressi del progetto e propone una sessione d\'uso sul simulatore per eseguire un programma che calcola la radice quadrata facendo uso dell\'interfaccia storica della MR. La MR aveva un \"sistema operativo\" che comprendeva i sottoprogrammi di uso comune e che era caricato in memoria all\'accensione della macchina. Il programma mostrato fa uso dei sottoprogrammi, recuperati e \"restaurati\", per la moltiplicazione, per la divisione e per la stampa in decimale.', 'si'),
(4, '2009-03-21', 'HMR ha una sua pagina web', '', 'HMR comincia ad avere diverso materiale che vale la pena rendere pubblico in maniera organica. Oltre al materiale originale realizzato dal progetto (documenti, presentazioni e software) c\'&egrave; l\'<a href=\"http://www.progettohmr.it/Documentazione/Archivio/\">archivio</a>&nbsp;della documentazione storica ritrovata, digitalizzata e riordinata. Come tutto il progetto, le pagine web di HMR sono ospitate dal Dipartimento di Informatica dell\'Universit&agrave; di Pisa. Sulla nuova URL hmr.di.unipi.it migra tutto il materiale che, dal 2006, era online in una cartella della HP di G.A. Cignoni. Il primo progetto grafico delle pagine &egrave; di Cordigitale.', 'si'),
(5, '2009-06-12', 'Software e interfaccia utente di una calcolatrice pisana degli anni \'50', '<a href=\'http://www.progettohmr.it/Documentazione/?id=2009i-PisaCulla\'>Intervento</a> a Pisa culla dell\'Informatica', 'O, come sottotitolo alternativo: quando per usare una calcolatrice si doveva indossare il camice. L\'intervento propone una rapida descrizione di come si programmava e si usava la Macchina Ridotta e una sessione dal vivo sul simulatore, per caricare ed eseguire un semplice programma. Con il sottoprogramma di lettura si &egrave; completato il restauro del software di sistema della Macchina Ridotta v1.', 'si'),
(6, '2009-11-05', 'Il \"restauro\" del software di sistema della Macchina Ridotta del 1956', '<a href=\'http://www.progettohmr.it/Documentazione/?id=2009s-AICA\'>Articolo</a> al Congresso Nazionale AICA', 'La documentazione del primo progetto della MR risale al 1956. A oggi, questa &egrave; l\'unica fonte sufficientemente completa per tentare una ricostruzione della MR ed &egrave; stata usata per realizzare il simulatore della macchina hardware. Per recuperare il software di sistema della MR &egrave; stato invece necessario un \"restauro\" correttivo e integrativo: la documentazione che &egrave; stato possibile recuperare infatti riporta solamente una versione preliminare dei sottoprogrammi. L\'articolo descrive la documentazione recuperata, illustra l\'interfaccia utente della MR, presenta e discute i criteri adottati per il restauro del software di sistema.', 'si'),
(7, '2010-04-16', 'Hackerando la Macchina Ridotta ', '<a href=\'http://www.progettohmr.it/Documentazione/?id=2010i-CalcPd\'>Seminario</a> alla CLAC di Padova', 'La serata a tema inizia leggera con un po\' di storia dell\'informatica, della CEP e della MR. Si passa poi a qualche dettaglio tecnico sulle scoperte e i restauri realizzati da HMR. Segue la sessione sulla MR da semplici utenti e infine, in tarda serata quando i bimbi sono a letto, assembler e diodi!', 'si'),
(8, '2010-04-22', 'Vecchi calcolatori per incuriosire e insegnare', '<a href=\'http://www.progettohmr.it/Documentazione/?id=2010i-Didamat\'>Intervento</a> a Didamatica', 'L\'informatica comincia ad avere un certa et&agrave; ed &egrave; giusto che, fra le tante discipline che la compongono, si affermi anche la Storia dell\'Informatica. L\'intervento presenta HMR come progetto di archeologia sperimentale dell\'informatica. HMR ha recuperato quasi completamente la documentazione originale e ha realizzato un simulatore fedele della MR. Dove la documentazione non &egrave; arrivata a noi &egrave;, stata integrata formulando ipotesi e verificandole sperimentalmente, I risultati di HMR, in termini di documentazione e di software si prestano a essere usati per eventi di diffusione della cultura scientifica, per raccontare e incuriosire, e a scopi didattici, per spiegare, dal diodo al software di sistema, tutto un calcolatore, vero e detentore di un importante primato.', 'si'),
(9, '2010-05-01', 'luglio - Le radici toscane dell\'informatica e la Macchina Ridotta pisana', '<a href=\'http://www.progettohmr.it/Documentazione/?id=2010v-EtrOggi\'>Articolo</a> su Etruria Oggi', 'L\'articolo, destinato a un pubblico pi&ugrave; ampio possibile, propone alcuni aspetti toscani della storia dell\'informatica. In particolare presenta i progetti di archeologia dell\'informatica relativi alla Macchina Ridotta e all\'ELEA 9003 conservato all\'ISIS di Bibbiena.', 'si'),
(10, '0000-00-00', '5-8 maggio - HMR all\'Internet Festival', '<a href=\'http://www.progettohmr.it/Documentazione/?id=2011i-IntFest\'>Laboratori</a> al Museo degli Strumenti per il Calcolo', 'I laboratori, organizzati al Museo nell\'ambito dell\'edizione \"zero\" dell\'Internet Festival sono la prima realizzazione concreta dell\'idea di usare i vecchi calcolatori e il loro fascino come strumenti didattici, per incuriosire, spiegare ed eventualmente invitare a seguire percorsi di studio in informatica ed elettronica.', 'si'),
(11, '0000-00-00', '11-13 novembre - La CEP prima della CEP', '<a href=\' http://www.progettohmr.it/MSC/#CEP50\'>Mostra</a> e <a href=\' http://www.progettohmr.it/Documentazione/?id=2013s-CEPprimaCEP\'>convegno</a>', 'La riscoperta della Macchina Ridotta, finora sottovalutata e quasi ignorata dalla storia dell\'informatica italiana, &egrave; un risultato di HMR ottenuto applicando i metodi dell\'archeologia sperimentale. La comprensione piena delle tecnologie del tempo ha permesso di ricostruire la macchina, di capirne la rilevanza e di apprezzare il lavoro di studio e affinamento dei progetti svolto dai pionieri pisani. Grazie ai finanziamenti ottenuti tramite il&nbsp;<em>Dipartimento di Informatica</em>&nbsp;da&nbsp;<em>Fondazione Pisa</em>,&nbsp;<em>Fondazione Cassa di Risparmio di Lucca&nbsp;</em>e&nbsp;<em>AICA</em>, nel 50esimo dell\'inaugurazione della&nbsp;<em>seconda CEP</em>, quella del 1961, HMR cura una mostra e organizza un convegno per svelare alla comunit&agrave; scientifica e al pubblico la&nbsp;<em>prima CEP</em>: la Macchina Ridotta del 1957. La Mostra, allestita al Museo degli Strumenti per il Calcolo, racconta le storie e le tecnologie della MR, aggiungendo dettagli e nuovo spessore alla storia dedel progetto CEP e dell\'informatica italiana. Il Convegno, ospitato dalla Limonaia, fa il punto sulla didattica dell\'informatica e i suoi collegamenti con la storia della disciplina. La cornice ideale per presentare l\'idea di HMR di sfruttare il fascino e la semplicit&agrave; dei primi calcolatori per&nbsp;<a href=\"http://www.progettohmr.it/Documentazione/?id=2011i-CEPprimaCEP\">spiegare</a>&nbsp;l\'informatica.', 'si'),
(12, '2011-11-28', 'Fra metodo e curiosità', '<a href=\' http://www.progettohmr.it/Documentazione/?id=2011i-LezInfDid\'>Lezione</a> al corso di <a href=\'http://didawiki.cli.di.unipi.it/doku.php/magistraleinformatica/id/start\' target=\'_blank\'>Informatica e Didattica</a>', 'La lezione affronta due temi: il metodo con cui affrontare la ricostruzione (e poi il racconto) di una storia e la curiosit&agrave; che stimola la ricerca e che dovrebbe essere suscitata negli studenti. Il metodo &egrave; quello utilizzato d HMR che, proprio perch&eacute; animato da inguaribile curiosit&agrave;, non si &egrave; fermato alla superficie ma ha scavato nei dettagli delle tecnologie e verificato le ipotesi di ricostruzione. La curiosit&agrave; &egrave; anche quella che HMR vorrebbe suscitare negli studenti attraverso la proposta di laboratori che usano il fascino dei vecchi calcolatori per spiegare le basi e i meccanismi dell\'informatica.', 'si'),
(13, '2011-12-02', 'HMR i laboratori', '<a href=\'http://www.progettohmr.it/Documentazione/?id=2011i-Lab\'>Presentazione</a> a Palazzo Blu', 'Con la Mostra \"La CEP prima della CEP\", per il Museo degli Strumenti per il Calcolo, inizia un nuovo ciclo segnato anche dalla proposta di attivit&agrave; didattiche originali, molto diverse dall\'antiquato concetto di \"visita guidata\". I laboratori di HMR sono proposti alle scuole come esperimento didattico. Le macchine del passato si possono usare per spiegare i princip&icirc; e i meccanismi con cui ancora funzionano i calcolatori di oggi dalle prestazioni incredibili e quasi magiche. La scommessa &egrave; capire se il fascino e le stranezze delle macchine di un tempo sono capaci di suscitare nei ragazzi la curiosit&agrave; e la passione necessarie per affrontare lo studio delle discipline scientifiche, purtroppo spesso considerate una fatica da evitare in tutti i modi.', 'si'),
(14, '2011-12-15', 'HMR a Varese (in videoconferenza)', 'Interventi a 150 anni di Tecnologia Italiana', 'A Varese una mostra celebra la storia tecnologica del nostro paese. Gli interventi affrontano la difficile <a href=\"http://www.progettohmr.it/Documentazione/?id=2011i-ForcetiFG\">previsione del futuro</a> che ci riserva lo sviluppo tecnologico e il delicato insieme di condizioni che determinano il successo di un\'impresa tecnologica, difficile e rischiosa, come fu il <a href=\"http://www.progettohmr.it/Documentazione/?id=2011i-ForcetiGC\">progetto CEP</a>.', 'si'),
(15, '2012-03-24', 'I primi calcolatori Olivetti, dieci anni veloci', '<a href=\'http://www.progettohmr.it/Documentazione/?id=2012i-AnniVel\'>Intervento</a> e <a href=\'http://www.progettohmr.it/Documentazione/?id=2012d-Olivetti\'>articolo</a> per Sottsass e il design dei primi calcolatori Olivetti', 'La storia dei primi calcolatori Olivetti si apre e si chiude in un decennio, dal 1955 quando inizia la collaborazione con l\'Universit&agrave; di Pisa al 1965 quando il settore dei grandi calcolatori viene ceduto alla General Electric. Sono anni veloci: una successione di lucide scommesse in persone, collaborazioni, investimenti imprenditoriali che, da zero, portano Olivetti a un\'offerta di calcolatori commerciali di tutto rispetto. &Egrave; un primo passo nello studio della storia dei calcolatori Olivetti che, superando l\'approccio emotivo al mito nazionale, va affrontata con il metodo di HMR: rigorosa curiosit&agrave;, storica e tecnologica.', 'si'),
(16, '2012-04-14', 'Cronologia dell\'informatica: the Directors\' cut', '<a href=\'http://www.progettohmr.it/Documentazione/?id=2012i-Crono\'>Seminario</a> al Museo degli Strumenti per il Calcolo', 'La <a href=\"http://www.progettohmr.it/Documentazione/?id=2011d-Crono\">cronologia</a> dell\'informatica e del progetto CEP che introduce la mostra <a href=\"http://www.progettohmr.it/Cronologia/#2013s-CEPprimaCEP\">La CEP prima della CEP</a>, per motivi di spazio, ha subito dei \"tagli\", necessari ma dolorosi. In occasione dell\'apertura della Settimana della Cultura, il Directors\'cut presenta al pubblico la versione integrale e commentata.', 'si'),
(17, '2012-04-28', 'HMR a Monaco di Baviera!', '<a href=\'http://www.progettohmr.it/Documentazione/?id=2012d-VCFE13\'>Allestimento</a> al 13mo Vintage Computer Festival di Monaco', 'HMR porta i risultati della sua ricerca al pi&ugrave; importante appuntamento europeo per gli appassionati di vecchi calcolatori. HMR partecipa al festival insieme al Museo del Computer di Novara, con un allestimento con la replica dell\'addizionatore a 6 bit, il simulatore della Macchina Ridotta del 1957 e con un <a href=\"../Documentazione/?id=2012i-VCFE13\">seminario</a> sui metodi usati da HMR nella sua ricerca storica e tecnologica. L\'addizionatore di HMR &egrave; stato scelto per aprire il <a href=\"http://www.youtube.com/watch?v=-hwafAJTd3A\" target=\"_blank\" rel=\"noopener\">video del Festival</a> :)', 'si'),
(18, '2012-05-07', 'La Macchina Ridotta: un progetto ben studiato', '<a href=\'http://www.progettohmr.it/Documentazione/?id=2012i-DiPlng\'>Seminario</a> al Dipartimento di Ingegneria della Informazione', 'La Macchina Ridotta del 1957 fu il primo calcolatore del progetto CEP. Il recupero della documentazione della MR ha svelato il lavoro di studio e approfondimento affrontato dai ricercatori dell\'Universit&agrave; di Pisa nelle prime fasi del progetto. Il seminario propone una caccia alle differenze fra la MR realizzata nel \'57 e il suo primo progetto del luglio \'56. L\'analisi testimonia la maturazione di numerose scelte progettuali, alcune delle quali eleganti e, con buona probabilit&agrave;, originali.', 'si'),
(19, '2012-05-16', 'I laboratori didattici di HMR al Museo degli Strumenti per il Calcolo', '<a href=\'http://www.progettohmr.it/Documentazione/?id=2012s-Didamat\'>Articolo</a> a Didamatica', 'La Macchina Ridotta, il primo calcolatore costruito in Italia nel 1957, ricostruita virtualmente e, in parte, anche fisicamente, &egrave; protagonista dei laboratori didattici proposti da HMR al Museo degli Strumenti per il Calcolo di Pisa. L\'articolo descrive il percorso del progetto e come i suoi risultati concreti, repliche hardware e simulatori, siano stati usati per realizzare un\'offerta didattica unica in Italia: il fascino e la curiosit&agrave; di giocare con una macchina antica sono usati per svelare e far comprendere i principi e i meccanismi che, ancora oggi, governano il funzionamento dei calcolatori.', 'si'),
(20, '2012-05-25', 'Archeologia Sperimentale dell\'Informatica', '<a href=\' http://www.progettohmr.it/Documentazione/?id=2012s-Calci\'>Articolo</a> a La ricerca scientifica in Museo', 'L\'articolo (in Inglese) presenta la ricerca del progetto HMR realizzata applicando alla storia dell\'informatica i metodi dell\'archeologia sperimentale, come nei progetti promossi dai pi&ugrave; prestigiosi musei europei. Le tecnologie informatiche si sviluppano in fretta, diventano vecchie e sono dimenticate. Per ricostruirle occorre scavare nei depositi e negli archivi, ricomporre i frammenti e confrontarli con le altre macchine coeve. Le lacune vanno colmate formulando ipotesi e verificandole sperimentalmente. La ricerca di HMR, sulla storia e la tecnologia della Macchina Ridotta si &egrave; basata sulla documentazione recuperata dall\'Archivio dell\'Universit&agrave; di Pisa e dalla Biblioteca del CNR. Per provare le ipotesi ricostruttive sono stati utilizzati simulatori software e repliche hardware.', 'si'),
(21, '0000-00-00', 'agosto - Alan Turing, il genio con due anime in petto', '<a href=\' http://www.progettohmr.it/Documentazione/?id=2012s-Turing\'>Articolo</a> su Sapere', 'Pensando a Turing vengono subito in mente la macchina universale e la prova per decidere se un calcolatore &egrave; capace di riprodurre un comportamento umano. Ed &egrave; giusto cos&igrave;: le basi teoriche del calcolo e la speculazione sul confronto fra macchina e uomo ben racchiudono l\'opera di Turing, dal punto di partenza all\'ideale traguardo di arrivo. Nel mezzo per&ograve; c\'&egrave; anche un Turing tecnologo, partecipe di progetti concreti, impegnato a collaborare con altre persone (scienziati e non), sempre in grado di dare il suo contributo, spesso determinante. Per celebrare il centenario della nascita di uno dei padri dell\'informatica, nello stile di HMR, attento ai dettagli e curioso delle tecnologie, l\'articolo lega le macchine protagoniste delle vicende della II Guerra Mondiale ai primi veri calcolatori realizzati negli anni immediatamente successivi e racconta Turing criptoanalista a Bletchley Park e progettista dei primi calcolatori inglesi.', 'si'),
(22, '2012-09-07', 'Rediscovering the Very First Italian Digital Computer', '<a href=\' http://www.progettohmr.it/Documentazione/?id=2012s-HistElCon\'>Articolo</a> a IEEE HistElCon', 'Fino a poco tempo fa, l\'ELEA 9003 e la CEP erano considerati i primi calcolatori costruiti in Italia. La CEP fu l\'ultimo risultato di un progetto durato dal 1955 al 1961 realizzato dall\'Universit&agrave; di Pisa con il contributo di Olivetti. Questo progetto gi&agrave; nel 1957 aveva prootto la Macchina Ridotta, pienamente funzionante e usata nel 1958 per fornire servizi di calcolo alla ricerca. Tuttavia, la MR &egrave; stata dimenticata e gli storici precedenti non hanno compreso n&eacute; il suo primato n&eacute; le sue soluzioni tecnologiche, particolarmente interessanti in una macchina del 1957. L\'articolo (in Inglese) presenta la storia dei primi anni del progetto CEP arricchita di un intero nuovo capitolo. In particolare, si sottolineano i benefici della ricostruzione tecnologica per la corretta valutazione degli eventi storici.', 'si'),
(23, '0000-00-00', 'febbraio - Nasce HMR', '', 'Risale a <a href=\"../Documentazione/?id=2015d-TesiSistemiAutomatici\">fine 2005</a> l\'insana idea di trovare a un caso di studio interessante e sfizioso per le tecniche di modellazione e generazione di codice di simulatori di sistemi dinamici sviluppate nell\'ambito di <a href=\"http://www.progettohmr.it/Documentazione/?id=2006s-AICA\">GeneSim</a>. La Macchina Ridotta sembra un buon candidato. Ma la ricerca della documentazione della MR, in corso gi&agrave; da diversi mesi, si sta rivelando pi&ugrave; difficile (e appassionante) del previsto. Inoltre, sta iniziando a emergere il sospetto che la MR non fosse solo il \"nucleo centrale della CEP\" descritto dalla poca letteratura esistente. In un giorno di febbraio 2006 la decisione: la MR merita un progetto tutto suo, i suoi segreti vanno hackerati.', 'si'),
(24, '0000-00-00', 'Prima di HMR', '', 'Ma anche durante, quindi diciamo &ldquo;prima&rdquo; come &ldquo;basi&rdquo;. HMR, oltre che sulla Storia come imprescindibile eredit&agrave; culturale e sulla curiosit&agrave; ossessivo-compulsiva degli hacker, si fonda su solide basi informatiche. Modellazione e simulazione di sistemi sono all&rsquo;origine dell&rsquo;idea di ricostruire &ldquo;in software&rdquo; la prima CEP. Le tecniche usate sono state parte dei corsi di <a href=\"http://www.di.unipi.it/~giovanni/Didattica/UniPi-Sim/\" target=\"_blank\" rel=\"noopener\">Simulazione</a> fino al 2011/12 e sono state messe a punto grazie a tesi e tirocini alle Universit&agrave; di Pisa e di Firenze. In ordine di apparizione: S. Masoni, A. Bresciani, U. Vespier, A. Lulli, F. Bertuccelli, A. Salines, G. Mirri, C. Gervasi, S. Paci.', 'si'),
(25, '0000-00-00', 'ottobre - Pianeta Galileo per le attività didattiche al Museo', '<a href=\'http://www.progettohmr.it/MSC/#Didattica\'>Attività didattiche</a> al Museo degli Strumenti per il Calcolo', 'Nell\'ambito di&nbsp;<em>Pianeta Galileo 2012</em>&nbsp;HMR propone un percorso didattico costituito di due incontri organizzati al Museo degli Strumenti per il Calcolo dell\'Universit&agrave; di Pisa. I due momenti uniscono la narrazione per immagini alla visita alle macchine del Museo e all\'esperienza pratica, offrendo al pubblico, soprattutto ma non necessariamente scolastico, la possibilit&agrave; di scoprire la storia e le basi scientifiche e tecnologiche dell\'informatica.', 'si'),
(26, '0000-00-00', 'dicembre - Alla ricerca del calcolatore perduto', '<a href=\'http://www.progettohmr.it/Documentazione/?id=2012v-Imprenditori\'>Articolo</a> su Imprenditori', 'L\'intervista di Fabrizio Corgnati ripercorre la ricerca svolta dal progetto HMR, descrive la riscoperta della MR grazie ai metodi di archeologia sperimentale dell\'informatica adottati da HMR e, infine, illustra come la MR ricostruita come simulatori software e repliche hardware sia usata per animare i laboratori didattici al Museo degli Strumenti per il Calcolo.', 'si'),
(27, '2013-03-01', 'Buon compleanno Macchina Ridotta!', '<a href=\'http://www.progettohmr.it/Documentazione/?id=2012v-Google\'>Articolo</a> su Google Europe Blog', 'Il Manuale Utente della Macchina Ridotta era datato 1 marzo 1958. Completata nel luglio del 1957, nei primi mesi del \'58 la MR fu usata per servizi di calcolo richiesti da altri progetti di ricerca. Il primo servizio di calcolo fu completato con successo in aprile e, almeno in un caso, sappiamo che i programmi furono totalmente scritti dagli utenti: i ricercatori dell\'Istituto di Chimica Fisica. Il Manuale, redatto da Elisabetta Abate (una delle prime informatiche italiane), testimonia la funzionalit&agrave; e l\'affidabilit&agrave; della MR: per questo HMR lo ha scelto per segnare il compleanno della MR. Il <a href=\"http://www.progettohmr.it/Cronologia/#2008i-LezSti\">50-esimo</a> del Manuale della MR fu celebrato da HMR nel 2008, quindi sono anche 5 anni di interventi pubblici di HMR. Siamo perci&ograve; assai felici (con tutto l\'Ateneo) che quest\'anno si unisca alla festa anche Google Europe Blog.', 'si'),
(28, '2013-03-07', 'Un calcolatore, un artista e dintorni', '<a href=\'http://www.progettohmr.it/Documentazione/?id=2013i-Caruso\'>Seminario</a> nell\'ambito della mostra Bruno Caruso. L\'arte del disegno, Museo della Grafica', 'Nel 1959 Bruno Caruso visit&ograve; i reparti Olivetti, inclusi quelli dove si stava avviando la produzione di ELEA 9003, il primo calcolatore commerciale italiano. Le sue impressioni si tradussero in una serie di disegni intitolata \"Dalla calligrafia alla memoria\", pubblicati nell\'Agenda Olivetti del 1960, diversi dei quali ritraggono proprio l\'ELEA. Le tavole di Caruso offrono pi&ugrave; di uno spunto di riflessione: fu una pagina particolarmente felice dell\'industria italiana, &egrave; curioso ritrovare i componenti delle macchine reali nell\'interpretazione grafica dell\'artista, i commenti di Caruso ci permettono di rivivere le suggestioni di un futuro che, allora, sembrava a portata di mano. L\'incursione di HMR sul lavoro di Caruso &egrave; una proposta di lettura dove i dettagli tecnici delle macchine Olivetti non sono nascosti ma, anzi, cercati e usati per comprendere meglio l\'interpretazione dell\'artista e il soggetto tecnologico.', 'si'),
(29, '2013-04-20', 'Invasione al Museo!', '<a href=\'http://www.progettohmr.it/MSC/#AltriEv\'>Invasioni Digitali</a> al Museo degli Strumenti per il Calcolo', 'Le&nbsp;<em>Invasioni Digitali</em>&nbsp;dei Musei sono un esempio di partecipazione collettiva, di condivisione di contenuti e di contaminazione culturale resa possibile dalle tecnologie informatiche. HMR partecipa all\'iniziativa offrendo agli invasori del Museo un\'introduzione storico/tecnologica e un po\' di spunti per ispirare la caccia video/fotografica alle macchine e ai loro dettagli, a quei particolari che rendono le collezioni del Museo affascinanti, sia per le storie che raccontano, sia perch&eacute; sono esempi che ci aiutano a comprendere i segreti e le magie dell\'informatica.', 'si'),
(30, '0000-00-00', '8-9 maggio - Informatica per la Storia dell\'Informatica', '<a href=\'http://www.progettohmr.it/MSC/#AltriEv\'>HMR e il Museo all\'Open Day della Ricerca</a> dell\'Università di Pisa', 'Open Day della Ricerca 2013, Universit&agrave; di Pisa.<br />Lo stand allestito da HMR presenta come l\'informatica di oggi possa essere usata per studiare e raccontare l\'informatica di ieri. L\'indagine storica realizzata da HMR per riscoprire e ricostruire la Macchina Ridotta &egrave; stata condotta usando metodi e strumenti di simulazione software che sono oggetto di ricerca e di insegnamento al Corso di Laurea in Informatica Applicata. Dopo essere stati strumento di ricerca, i simulatori diventano mezzi di divulgazione nei laboratori didattici al Museo degli Strumenti per il Calcolo.', 'si'),
(31, '0000-00-00', '9 maggio - Calcolatori d\'epoca per insegnare l\'informatica', '<a href=\'http://www.progettohmr.it/MSC/#AltriEv\'>Sessione</a> a Didamatica', 'Didamatica &egrave; un appuntamento nazionale sui punti di contatto fra informatica e didattica. L\'edizione 2013 si svolge a Pisa.<br />La sessione organizzata da HMR a Didamatica 2013 propone esempi e testimonianze di progetti e iniziative nazionali che affrontano la diffusione dell\'informatica e, pi&ugrave; in generale, della scienza e della tecnologia, raccontandole da prospettive nuove e accattivanti. Nell\'ambito della conferenza HMR cura anche una visita speciale al Museo degli Strumenti per il Calcolo mirata a mostrare come i calcolatori d\'epoca possono essere usati per spiegare come funzionano i calcolatori di oggi, aprendoli, mostrandone i dettagli, o entrandoci dentro - letteralmente.', 'si'),
(32, '2013-05-18', 'La notte dei calcolatori raccontati', '<a href=\'http://www.progettohmr.it/MSC/#NotteMusei\'>Notte dei Musei</a> al Museo degli Strumenti per il Calcolo', 'L\'informatica &egrave; una disciplina scientifica e tecnologica, ma spesso &egrave; presentata in modi che sfuggono al rigore e alla concretezza del suo naturale contesto. HMR propone un incontro al Museo per raccontare i calcolatori attraverso la <a href=\"http://www.progettohmr.it/Documentazione/?id=2013i-CalcPer\">pubblicit&agrave;</a> e l\'<a href=\"http://www.progettohmr.it/Documentazione/?id=2013i-CalcImm\">immaginario</a>. Citazioni, foto e filmati sono commentati dal vivo per ragionare sulle lusinghe dell\'informatica di consumo e per rivivere le suggestioni di chi immaginando il futuro delle macchine ha visto prestazioni strabilianti e persino intelligenza e sentimenti da sempre considerati prerogativa dell\'uomo.', 'si'),
(33, '2013-05-24', 'Computer Science Illustrated through Old Computers', '<a href=\'http://www.progettohmr.it/Documentazione/?id=2013i-KTriang\'>Intervento</a> a Knowledge Triangle', 'I calcolatori del passato oltre l\'interesse storico, hanno il pregio di essere macchine semplici. Furono costruiti a misura d\'uomo (spesso letteralmente) e sono comprensibili fino ai minimi dettagli. Essendo strani e affascinanti, i vecchi calcolatori sono esempi accattivanti per illustrare le nozioni di base dell\'informatica: nonostante gli incredibili miglioramenti in dimensioni, prestazioni e interfacce amichevoli, i calcolatori di oggi ancora funzionano secondo i principi elaborati all\'inizio dell\'era informatica. L\'intervento presenta una sessione dal vivo sulla Macchina Ridotta, il primo calcolatore progettato e costruito in Italia negli anni Cinquanta, a Pisa, che oggi, dopo una minuziosa ricerca storica, possiamo di nuovo ammirare in funzione grazie alle moderne tecnologie di simulazione software.', 'si'),
(34, '2013-06-17', 'Old Computers for Teaching Computer Science: HMR allo Science Museum!', '<a href=\'http://www.progettohmr.it/Documentazione/?id=2013s-IfipMHCR\'>Articolo</a> a Making the History of Computing Relevant, Science Museum, Londra', 'Una delle caratteristiche di HMR &egrave; l\'approfondimento tecnologico della storia dell\'informatica. I vecchi calcolatori sono studiati nei dettagli del loro funzionamento. I risultati di HMR sono resi accessibili al pubblico attraverso le esposizioni e i laboratori didattici organizzati al Museo degli Strumenti per il Calcolo. I visitatori del Museo, soprattutto studenti di scuole medie e superiori, apprendono i concetti di base dell\'informatica attraverso le affascinanti macchine del passato. L\'articolo mostra come alcuni calcolatori storici conservati al Museo o ricostruiti da HMR, in hardware o come simulatori software, sono usati per mostrare al pubblico i princip&icirc; e i meccanismi dell\'informatica.', 'si'),
(35, '2013-06-25', 'Les premiers ordinateurs Olivetti: Deux études de cas in brand making', '<a href=\'http://www.progettohmr.it/Documentazione/?id=2013i-CNAM\'>Seminario</a> al Conservatoire National des Arts et Métiers, Parigi', 'La storia di Olivetti &egrave; segnata da una grande cura nella costruzione del proprio marchio (tanto nel design dei prodotti quanto nella comunicazione aziendale) e nel mantenimento di uno stato dell\'arte tecnologico (spesso in collaborazione con istituti di ricerca). Tracce di questi segni distintivi si trovano nello sviluppo della prima generazione di calcolatori Olivetti, pi&ugrave; o meno un <a href=\"http://www.progettohmr.it/Documentazione/?id=2012d-AnniVel\">decennio</a> che va dal laboratorio di New Canaan (1952) fino alla vendita della Divisione Elettronica alla General Electrics (1964). Il seminario ripercorre i principali eventi di quegli anni, incentrati su due significativi casi: la collaborazione con l\'Universit&agrave; di Pisa e la realizzazione del primo calcolatore italiano, la Macchina Ridotta (1957), e la campagna per il lancio di ELEA 9003 (1960), il primo calcolatore commerciale italiano, con il coinvolgimento di artisti come <a href=\"http://www.progettohmr.it/Documentazione/?id=2013i-Caruso\">Bruno Caruso</a> che illustr&ograve; l\'agenda aziendale di quell\'anno.', 'si'),
(36, '2013-09-18', 'Per un Museo Nazionale dell\'Informatica', '<a href=\'http://www.progettohmr.it/Documentazione/?id=2013s-AICA\'>Articolo</a> al Congresso Nazionale AICA', 'La cosiddetta \"smart society\" dovrebbe trarre vantaggi economici, sociali e culturali dall\'uso sapiente e cosciente delle tecnologie informatiche. Un requisito di base per tale obiettivo &egrave; una chiara e diffusa comprensione di cosa sia l\'informatica, come scienza, come tecnologia e come applicazioni. L\'articolo discute l\'importanza della storia dell\'informatica nella costruzione e nel mantenimento di un tale background culturale. Quindi sono illustrate e confrontate con le pi&ugrave; significative esperienze internazionali le collezioni e le attivit&agrave; di ricerca e di diffusione della cultura scientifica del Museo degli Strumenti per il Calcolo dell\'Universit&agrave; di Pisa, proponendolo alla comunit&agrave; informatica italiana come candidato a Museo Nazionale dell\'Informatica.', 'si'),
(37, '2013-09-27', 'I ricercatori della Macchina Perduta: HMR a Shine!', '<a href=\'http://www.progettohmr.it/Documentazione/?id=2013i-Shine\'>Intervento</a> a Shine! La Notte dei Ricercatori', 'L\'intervento racconta l\'avventura della riscoperta della Macchina Ridotta, il primo calcolatore progettato e costruito in Italia, a Pisa, nel 1957. Quasi dimenticata dalla storiografia precedente, sicuramente incompresa nei suoi rimarchevoli aspetti tecnologici, &egrave; stata riportata alla luce da HMR grazie all\'adozione di metodi di archeologia sperimentale e all\'uso della simulazione software.', 'si'),
(38, '2013-10-02', 'Storia dell\'Informatica, seriamente', '<a href=\'http://www.progettohmr.it/Documentazione/?id=2013i-CultDig\'>Lezione</a> ai Seminari di Cultura Digitale', 'Come altre aree della scienza, l\'informatica &egrave; stata (ed &egrave;) oggetto di fantastiche suggestioni, di mode popolari, di retorica nazionale. Fughe interessanti, ma anche rumore che pu&ograve; contaminare la storia della disciplina. Alcuni esempi ci mostrano la portata di questo effetto che non si limita alla percezione popolare, ma a volte inganna anche i ricercatori.', 'si'),
(39, '2013-10-04', 'La storia dell\'informatica per capire l\'informatica', '<a href=\'http://www.progettohmr.it/Documentazione/?id=2013i-PresDid\'>Presentazione</a> agli insegnanti delle attività didattiche di HMR', 'Il Museo realizza la sua natura \"universitaria\" come destinatario dei risultati della ricerca di HMR. Il pomeriggio, dedicato agli insegnanti, prevede una presentazione dettagliata e organica dell\'offerta didattica di HMR al Museo, e una visita mirata per mostrare come attraverso le macchine storiche si pu&ograve; spiegare l\'informatica di oggi.', 'si'),
(40, '2013-10-28', 'A Syllabus for the Fifties, Teaching Computer Science on the first Italian Computers', '<a href=\' http://www.progettohmr.it/Documentazione/?id=2013s-HaPoC\'>Intervento</a> a History and Philosophy of Computing', 'Il progetto CEP &egrave; la culla dell\'informatica italiana. A parte la realizzazione del primo calcolatore elettronico progettato e costruito in Italia (la Macchine Ridotta, nel 1957), fu il seme da cui nacque il Corso di Scienze dell\'Informazione (di nuovo, il primo in Italia). L\'intervento &egrave; dedicato ai primi corsi tenuti a Pisa dal 1956 al 1958 e sul loro sorprendente mix di contenuti teorici, pratici e applicativi.', 'si'),
(41, '0000-00-00', '13-15 novembre - Designing an exhibition about the history of personal computing', '<a href=\'http://www.progettohmr.it/Documentazione/?id=2013s-ANMS\'>Poster</a> al XXIII Congresso dell\'Associazione Nazionale dei Musei Scientifici', 'La ricca collezione del Museo degli Strumenti per il Calcolo spazia dai calcolatori meccanici del XIX secolo ai primi calcolatori elettronici italiani, dalle icone del supercalcolo alle pietre miliari della pi&ugrave; recente informatica commerciale. Al Congresso dell\'ANMS sono presentati i vincoli e le scelte alla base della progettazione del nuovo allestimento, in particolare la volont&agrave; di mostrare una spettacolare collezione raccontando con accuratezza scientifica una lunga storia di sviluppo scientifico e tecnologico.', 'si'),
(42, '2013-12-20', 'Dall\'aritmometro al PC: la nuova Sala al Museo', '<a href=\'http://www.progettohmr.it/AritPC/\'>Inaugurazione</a> del nuovo allestimento permanente al Museo degli Strumenti per il Calcolo', 'Il Museo degli Strumenti per il Calcolo conserva una collezione sull\'informatica personale unica in Italia e invidiabile in Europa. Un tesoro che, a causa della riduzione degli spazi disponibili per il Museo, da diversi anni non era visibile al pubblico. La nuova Sala si inserisce in un pi&ugrave; ampio progetto di allestimento e di rinnovamento di un Museo - Universitario - che vuole essere centro attivo per la diffusione, la didattica e lo studio dell\'informatica. La giornata inaugurale &egrave; dedicata proprio a questi temi e presenta i progetti per lo sviluppo del Museo, quelli appena conclusi e quelli da poco iniziati.', 'si'),
(43, '2014-01-15', 'il Museo e HMR su paginaQ', '<a href=\'http://www.progettohmr.it/PaginaQ/#4CCsC_001\'>Articolo</a> su paginaQ', 'Pisa si arricchisce di un quotidiano online costruito con una formula nuova: attento alla cronaca locale, ma con approfondimenti e attenzioni culturali su un orizzonte ben pi&ugrave; ampio. L\'edizione di apertura dedica un servizio al Museo degli Strumenti per il Calcolo e alla sua eccezionale collezione e al progetto HMR e alle sue attivit&agrave; di ricerca storica e tecnologica.', 'si'),
(44, '0000-00-00', '10-11 aprile - Dall\'aritmometro al PC, un allestimento al Museo degli Strumenti per il Calcolo', '<a href=\' http://www.progettohmr.it/MSC/#AltriEv\'>il Museo e HMR all\'Open Day della Ricerca</a> dell\'Università di Pisa', 'Lo stand presenta la ricerca storica e tecnologica di HMR alla base dell\'allestimento al Museo e delle attivit&agrave; educative che lo accompagnano fornendo un esempio di ricerca museale che collega la memoria storica agli orizzonti attuali del sapere. Protagonisti dello stand all\'Open Day sono una Brunsviga 20, una calcolatrice meccanica del 1957, e un Digital VT105, un terminale del 1979, entrambi dalla collezione del Museo.', 'si'),
(45, '2014-05-06', 'Programmazione su un calcolatore anni \'50 (la Macchina Ridotta)', '<a href=\'http://www.progettohmr.it/Documentazione/?id=2014i-LezEspProg\'>Lezione</a> al corso di Esperienze di Programmazione', 'I calcolatori sono nati alla fine degli anni \'40. Dimensioni e prestazioni a parte, le prime macchine da un punto di vista hardware non erano poi cos&igrave; diverse da quelle a cui siamo abituati oggi. E dal punto di vista software? Come si programmavano e quali strumenti c\'erano per facilitare la programmazione? La Macchina Ridotta, come ottimo rappresentante della prima generazione di calcolatori ci aiuta a scoprirlo e a toccarlo con mano.', 'si'),
(46, '2014-05-09', 'La Macchina Ridotta (la CEP prima della CEP)', '<a href=\'http://www.progettohmr.it/Documentazione/?id=2014i-HHour\'>Intervento</a> a Happy Hour della Tecnica e della Scienza', 'La Macchina Ridotta &egrave; il primo calcolatore progettato e costruito in Italia, nel 1957, a Pisa. La riscoperta della Macchina Ridotta, fino a poco tempo fa dimenticata dalla storia, &egrave; un risultato della ricerca di HMR. Oggi, ricostruita con sofisticate tecniche di simulazione software, &egrave; protagonista dell\'offerta educativa del Museo degli Strumenti per il Calcolo.', 'si'),
(47, '2014-05-13', 'Da Gutenberg a Knuth, storie di caratteri', '<a href=\'http://www.progettohmr.it/Documentazione/?id=2014i-GutKnuth\'>Seminario</a> nell\'ambito della mostra Questioni di Caratter, Museo della Grafica', 'Dai primissimi incisori, alle grandi fonderie della fine dell\'800, fino al digitale dei giorni d\'oggi, ogni carattere &egrave; nato per distinguersi, per desiderio del disegnatore o per richiesta di originalit&agrave; di un committente. Il seminario &egrave; un approfondimento sul contesto storico, sulle vicende dei personaggi, sui cambiamenti indotti dalle tecnologie: ripercorre l\'evoluzione dei caratteri mostrandone le caratteristiche secondo la classificazione vox-atypi. Chi viene porti un libro, il preferito o quello che sta leggendo: dopo l\'incontro la visita alla mostra &egrave; l\'occasione per scoprire un altro aspetto del piacere della carta stampata.', 'si'),
(48, '2014-06-07', 'I am a Monument Man', '<a href=\'http://www.progettohmr.it/MSC/#AltriEv\'>Invasioni digitali</a> al Museo degli Strumenti per il Calcolo', 'I patrimoni dei Musei sono in pericolo. Sei pronto a salvarli? Diventa anche tu un Monument Man al Museo degli Strumenti per il Calcolo dell\'Universit&agrave; di Pisa! Vieni a visitare i Museo e condividi su Facebook, Twitter, Instagram, insomma sul tuo social preferito, tutte le foto e i selfie che vuoi. Usa gli hashtag #MonumentsMenWe #museodelcalcolo #pisa.', 'si'),
(49, '2014-06-12', 'La Luna da Galileo all\'Apollo 11', '<a href=\'http://www.progettohmr.it/MSC/#AltriEv\'>Serata</a> del Giugno Pisano al Museo degli Strumenti per il Calcolo', 'Rigorosa, come nello stile HMR, ma senza insistere troppo e con l\'intento di incuriosire e intrattenere intelligentemente, la serata incrocia i riferimenti ai classici - da Icaromenippo a M&eacute;li&egrave;s - con i meccanismi dei voli spaziali e racconta i calcolatori che, risolvendo i calcoli, resero possibile l\'impresa riservarono anche qualche... sorpresa, come negli ultimi concitati minuti dell\'allunaggio di Apollo 11. Inoltre, il Museo aperto, osservazioni astronomiche e laboratori per i pi&ugrave; piccoli.', 'si'),
(50, '2014-09-26', 'Dalla ricerca al pubblico: l\'informatica al Museo degli Strumenti per il Calcolo', '<a href=\' http://www.progettohmr.it/Documentazione/?id=2014i-Bright\'>Intervento</a> allo stand del Sistema Museale di Ateneo a Bright, la Notte dei Ricercatori', 'L\'analisi, da informatici, di quello che potrebbe essere un semplice slogan \"dalla ricerca al pubblico\" ci porta a concludere che il compito chiesto ai ricercatori ad eventi come Bright &egrave; arduo: spesso i benefici della ricerca per il pubblico sono difficili da spiegare. Chi fa ricerca in un Museo &egrave; pi&ugrave; fortunato: il pubblico &egrave; destinatario della ricerca fin dalle premesse.', 'si'),
(51, '2014-10-09', 'Iniziano i seminari di Storia dell\'informatica', '<a href=\'http://www.di.unipi.it/~giovanni/Didattica/UniPi-SInfo/\' target=\'_blank\'>Ciclo di seminari</a> al Dipartimento di Informatica', 'Nella storia dell\'informatica nazionale Pisa &egrave; un\'indiscussa protagonista: qui nascono i primi calcolatori italiani, sia scientifici sia commerciali, i primi centri di ricerca del CNR, il primo corso di laurea a livello nazionale, il primo nodo Internet nel nostro paese. Dedicati alla storia dell\'informatica a Pisa c\'&egrave; un Museo, con una collezione di rilevanza internazionale, e un progetto di ricerca, HMR :) L\'idea di ciclo di seminari di Storia dell\'Informatica (prova generale di un vero e proprio corso) si colloca in questo contesto. Gli undici seminari valgono come lezioni del corso di Cultura e Metodo Scientifico.', 'si'),
(52, '2014-10-25', '50 anni in 30\', l\'informatica aperta, prima di GNU', '<a href=\'http://www.progettohmr.it/Documentazione/?id=2014i-LinuxDay\'>Intervento</a> al Linux Day di Pontedera', 'Una lettura storica del software (e dell\'hardware) aperto. Cosa succedeva agli albori dell\'informatica, cosa pi&ugrave; tardi, e com\'&egrave; che, a un certo punto, anni fa (circa 30), qualcuno si &egrave; alzato una mattina e ha inventato (?) il software libero.', 'si'),
(53, '2014-10-29', 'Linotype: una meraviglia di strumento di calcolo', '<a href=\'http://www.progettohmr.it/Documentazione/?id=2014i-CultDig\'>Lezione</a> ai Seminari di Cultura Digitale', 'Testo giustificato o a bandiera? Una scelta di cui oggi consideriamo solo gli aspetti estetici beatamente incuranti di chi, per noi, risolver&agrave; i calcoli di giustezza. Gran bella cosa i programmi per l\'elaborazione dei testi che ci danno una mano dalla fine degli anni \'60. E prima? Prima c\'era la Linotype (e i suoi simili). La Linotype di Ottmar Mergenthaler (per alcuni il secondo Gutemberg) &egrave; uno dei primi esempi di strumento dedicato all\'elaborazione di testi, alla composizione tipografica in particolare. Ingegnosa e affascinante come solo lo sono i macchinari di fine 800, ci rivela meccanismi di calcolo sia analogici che digitali.', 'si'),
(54, '2014-11-12', 'Raccontare il calcolo, senza fare conti', '<a href=\'http://www.progettohmr.it/Documentazione/?id=2014i-ANMS\'>Intervento</a> al XXIV Congresso dell\'Associazione Nazionale dei Musei Scientifici', 'Dal Bodmer Report all\'engagement with science, da tempo i Musei scientifici sono attenti a come comunicare con il proprio pubblico. L\'incontro con paginaQ &egrave; diventato un dialogo fra HMR, il Museo e i lettori del quotidiano: una serie di articoli sull\'informatica e la sua storia, scritti incuriosendo e utilizzando un linguaggio non esclusivo, ma senza mai banalizzare. &Egrave; un esperimento che presenteremo al Congresso dell\'ANMS come un nuovo modo di fare comunicazione museale.', 'si'),
(55, '2014-11-19', 'Al via il Laboratorio di Videogiochi', '<a href=\'http://www.progettohmr.it/MSC/#Didattica\'>Laboratorio</a> al Museo degli Strumenti per il Calcolo', 'I videogiochi appartengono di diritto alla Storia dell\'Informatica.<br />Oggi ognuno pu&ograve; avere una sala giochi in tasca; &egrave; anche diventato (relativamente) facile programmare e distribuire un gioco. Ma la domanda \"cosa &egrave; che fa un buon videogioco?\" &egrave; sempre attuale. La risposta &egrave; nei tanti titoli che fanno la storia del mezzo espressivo, ma anche nell\'esperienza di provare a realizzare un videogioco e nelle competenze che, da tale cimento, emergono. Il laboratorio, 30+1 appuntamenti dal 13 novembre 2014 al 30 giugno 2015, &egrave; proposto con lo scopo di identificare, sviluppare, discutere e mettere in comune tali competenze.', 'si'),
(56, '0000-00-00', 'A Virtual Experience on the Very First Italian Computer', '<a href=\'http://www.progettohmr.it/Documentazione/?id=2014s-ACMJoCCH\'>Articolo</a> su ACM Journal of Computing and Cultural Heritage', 'L\'articolo ripercorre l\'esperienza di HMR nella riscoperta della Macchina Ridotta, ottenuta applicando metodi di archeologia sperimentale e utilizzando la simulazione software per validare le ipotesi di ricostruzione. In particolare, &egrave; descritta l\'applicazione al caso della MR di specifiche <a href=\"http://www.progettohmr.it/Documentazione/?id=2012s-WAMS\">tecniche</a> di modellazione e di simulazione. Al termine della ricerca, il simulatore della MR da strumento di ricostruzione storica diventa mezzo di interazione con il passato a beneficio del pubblico del Museo, permettendo anche di rendere evidenti alcune banalizzazioni tipiche della rappresentazione dei calcolatori nell\'immaginario collettivo.', 'si'),
(57, '0000-00-00', '4-5 dicembre - Rebuilding/Interacting at the Museum of Computing Machinery', '<a href=\'http://www.progettohmr.it/Documentazione/?id=2014s-RICHES\'>Poster</a> a RICHES, Cultural Heritage: Recalibrating Relationships', 'La simulazione software &egrave; (anche) uno strumento di ricerca, conservazione e restituzione della storia, dell\'informatica nel nostro caso. Serve ai ricercatori per applicare metodi di archeologia sperimentale, verificando ipotesi di ricostruzione di calcolatori del passato di cui non esistono pi&ugrave; tracce fisiche e dei quali anche la documentazione rimasta &egrave; frammentaria. Serve a conservare un modello eseguibile del calcolatore che lo descrive al livello di dettaglio desiderato, perpetuabile e utile a ulteriori ricerche, dallo studio delle prestazioni al confronto con le soluzioni costruttive di altre macchine del passato. Serve a restituire al pubblico una macchina funzionante con cui &egrave; possibile interagire scoprendone le modalit&agrave; di funzionamento e rivivendo le situazioni d\'uso e di sviluppo di applicazioni dei primi pionieri dell\'informatica.', 'si'),
(58, '2014-12-19', 'Neko, giocare al gatto con il topo', '<a href=\'http://www.progettohmr.it/Documentazione/?id=2015s-Neko\'>Installazione</a> a Siamo del gatto!, Museo della Grafica', 'Se su una scrivania virtuale scorrazza un topo &egrave; inevitabile che prima o poi appaia un gatto. Neko, gatto in Giapponese, &egrave; un classico fra le silly apps per allietare/distrarre gli utenti. Apparve, pare, su un NEC PC-9801, un quasi PC compatibile giapponese del 1982. Da l&igrave; la colonia felina migr&ograve; alla fine degli anni \'80 sui Macintosh, subito dopo su X-Window, l\'interfaccia grafica dei sistemi Unix, poi si diffuse su tutti i sistemi. Al mostra al Museo della Grafica abbiamo portato la versione per Mac OS X, installata su un iMac G4 del 2002, scelto per la sua presenza scenica e appartenente alla collezione del Museo degli Strumenti per il Calcolo.', 'si'),
(59, '2015-01-24', 'The Imagination Game', '<a href=\'http://www.progettohmr.it/PaginaQ/#4CCsC_031\'>Articolo</a> (e teaser) su paginaQ', 'Film, libri etc. \"ispirati a fatti realmente accaduti\" scatenano a caldo brutte reazioni in chi conosce e studia i fatti e, magari, tribola affinch&egrave; siano raccontati proprio come sono realmente accaduti.<br />&Egrave; arrivato anche in Italia l\'ultimo film su Turing e l\'Enigma, e gi&agrave; gli animi sono divisi: grande film o collezione di inesattezze storiche? L\'opinione di HMR &egrave; su paginaQ, con la promessa che il discorso non si chiude qui :)', 'si'),
(60, '2015-03-22', 'Retrocomputing, molto retro', '<a href=\'http://www.progettohmr.it/Documentazione/?id=2015i-Stradella\'>Intervento</a> alla mostra Quando ieri era già domani, Stradella (Pv)', 'Il retrocomputing appassiona molti: per alcuni gioca il ricordo dei primi \"amori\", per altri la scoperta di macchine \"vecchie\" ma gi&agrave; capaci di fare cose sorprendenti. I protagonisti classici del retrocomputing, i mitici 8 bit, sono per&ograve; esponenti di un\'informatica gi&agrave; nel fiore degli anni, matura tecnologicamente e gi&agrave; grande come mercato. C\'&egrave; per&ograve; un\'informatica pi&ugrave; antica (o pi&ugrave; giovane, dipende dai punti di vista): quella dei primordi. Sono i primi calcolatori e le cose che facevano erano davvero strabilianti, perch&eacute; prima di loro non si facevano proprio. All\'Universit&agrave; di Pisa, il progetto HMR e il Museo degli Strumenti per il Calcolo hanno come principale obiettivo lo studio, la conservazione (o la ricostruzione) e la restituzione al pubblico di queste macchine, molto, molto retro.', 'si');
INSERT INTO `cronos` (`IdCr`, `Date`, `Title`, `Subtitle`, `Text`, `Visible`) VALUES
(61, '0000-00-00', 'aprile - Lezioni al Museo', '<a href=\'http://www.progettohmr.it/MSC/#Didattica\'>Attività didattiche</a> al Museo degli Strumenti per il Calcolo', 'Proposte alle scuole superiori del territorio che prevedono l\'informatica come materia d\'insegnamento, le Lezioni al Museo si integrano nei programmi didattici affrontando specifici argomenti e utilizzando come elementi di interesse ed esempi i cimeli conservati al Museo o le ricostruzioni delle macchine del passato realizzate da HMR. Le Lezioni si svolgono al Museo, guidate dai docenti del Museo, ma con il pieno coinvolgimento degli insegnanti che mantengono il proprio ruolo nei confronti dei loro studenti. Le Lezioni sottolineano e pubblicizzano il Museo come risorsa del territorio, unica per collezioni e competenze, vantaggio di tutte le scuole in grado di raggiungere il Museo con una semplice uscita. Alla sperimentazione di questa nuova forma di didattica museale partecipano il Liceo Buonarroti di Pisa, l\'ITIS Galilei di Livorno e, nell\'ambito di Pianeta Galileo, l\'ITIS Da Vinci di Pisa e l\'ITIS Marconi di Pontedera.', 'si'),
(62, '2015-04-16', 'L\'informatica, che storie', '<a href=\'http://www.progettohmr.it/Documentazione/?id=2015i-MiSE\'>Seminario</a> al Ministero dello Sviluppo Economico', 'Due cimeli conservati al Museo Storico della Comunicazione sono il punto di partenza per un incontro con gli studenti delle scuole superiori. Rivivremo la battaglia di Turing (e altri), a Bletchley Park, contro l\'Enigma e metteremo in funzione l\'esemplare del Museo. L\'ELEA 9003 ci permetter&agrave; invece di parlare della breve ma intensa <a href=\"http://www.progettohmr.it/Documentazione/?id=2012i-AnniVel\">avventura Olivetti</a> nel mondo dei calcolatori elettronici.', 'si'),
(63, '2015-04-17', 'Informatica al Museo dalle elementari in su, senza mai banalizzare', '<a href=\'http://www.progettohmr.it/Documentazione/?id=2015i-ANDInf\'>Intervento</a> a Se l\'Informatica è per tutti, come insegnare l\'Informatica a tutti?', 'Il convegno dell\'Associazione Nazionale dei Docenti di Informatica, ospitato al Museo degli Strumenti per il Calcolo, &egrave; dedicato ai problemi dell\'insegnamento di una materia che &egrave; sempre pi&ugrave; pervasiva del quotidiano di tutti. L\'intervento pone l\'accento sui rischi della divulgazione. &Egrave; facile raccontare l\'informatica come una lista di gadget tecnologici e di successi imprenditoriali vestiti di un\'improbabile spessore scientifico, ma &egrave; una strada che produce solo buoni consumatori, non aiuta a crescere futuri tecnici e ricercatori.', 'si'),
(64, '2015-05-31', 'Archeologi dell\'informatica', '<a href=\'http://www.progettohmr.it/Documentazione/?id=2015s-XlaTang\'>Articolo</a> su X la tangente', 'L\'informatica &egrave; cosa recente, ma ha gi&agrave; un ricco passato. I cimeli che le appartengono, hardware e software, interessano studiosi, appassionati, collezionisti. Eventi, mostre e incontri di retrocomputing sono sempre pi&ugrave; frequenti e frequentati. Ma prima dei mitici 8 bit c\'era un\'informatica che a pieno titolo &egrave; storica e per la quale occorrono metodi di studio e di indagine dedicati. Metodi da archeologi, sperimentali e informatici. L\'articolo racconta l\'esperienza del progetto HMR e del Museo degli Strumenti per il Calcolo dell\'Universit&agrave; di Pisa.', 'si'),
(65, '2015-05-29', 'La Olivetti, fra emozioni e razioncinio', '<a href=\'http://www.progettohmr.it/Documentazione/?id=2015i-Fubini\'>Intervento</a> a Oltre le occasioni perdute, presentazione del libro di Simone Fubini', 'Il libro di Simone Fubini aggiunge un\'altra testimonianza alla ricostruzione di uno dei capitoli pi&ugrave; ricchi e avvincenti della nostra storia industriale e tecnologica. Le vicende Olivetti sorprendono sempre e l\'emozione che suscitano spesso fa perdere di vista la razionalit&agrave; della visione intuita e poi messa in pratica da Adriano Olivetti e dai suoi collaboratori. Una lettura razionale e non emozionale della storia Olivetti &egrave; invece il miglior modo di leggere il passato per trovare, come dice Fubini, \"stimoli per un futuro pi&ugrave; positivo\". L\'intervento affronta, attraverso episodi pi&ugrave; o meno noti della storia Olivetti, alcuni aspetti della costruzione Olivettiana: la partecipazione scientifica, l\'attenzione al design, la proposta di soluzioni integrate.', 'si'),
(66, '2015-06-30', 'Laboratorio di Videogiochi: Play!', '<a href=\'http://www.progettohmr.it/MSC/#AltriEv\'>Serata</a> del Giugno Pisano al Museo degli Strumenti per il Calcolo', 'Il Laboratorio di Videogiochi dopo 30 appuntamenti &egrave; giunto a conclusione. Scopo dell\'esperienza era indagare sulla domanda \"cosa &egrave; che fa un buon videogioco?\", guardando alla storia del mezzo espressivo, ma anche provando a realizzare un videogioco per ragionare sulle competenze che, da tale cimento, emergono. La serata presenta al pubblico i tre giochi realizzati dai partecipanti sul tema del Museo degli Strumenti per il Calcolo. Venite, giocate e diteci quale gioco rappresenta meglio il Museo!', 'si'),
(67, '2015-09-21', 'Corso di Storia dell\'Informatica', '<a href=\'http://www.progettohmr.it/Corso/\'>Presentazione</a> agli studenti di Informatica Umanistica, Aula F, Polo Fibonacci ore 12', 'Dopo due edizioni curate da Fabio Gadducci nel 2007/08 e nel 2008/09, torna all\'Universit&agrave; di Pisa un corso di Storia dell\'Informatica. Alla classica lettura dello sviluppo dell\'informatica come scienza e come tecnologia, il corso propone approfondimenti dei capitoli nazionali e pisani in particolare. Il corso &egrave; strettamente legato alla ricerca di HMR e alle attivit&agrave; di conservazione, esposizione e diffusione del Museo degli Strumenti per il Calcolo. Le lezioni del corso iniziano mercoled&igrave; 30 settembre e sono aperte a tutti.', 'si'),
(68, '0000-00-00', '1 e 7 ottobre - Games, from Engaging to Understanding', '<a href=\'http://www.progettohmr.it/Documentazione/?id=2015s-ICEC\'>Poster</a> a <a href=\'http://www.progettohmr.it/ICEC2015/\'>IFIP - International Conference on Entertainment Computing 2015</a>', 'HMR da diversi anni sperimenta l\'uso dei giochi per catturare l\'attenzione del pubblico del <a href=\"http://www.progettohmr.it/MSC/\">Museo</a> e coinvolgerlo nella scoperta della storia dell\'informatica. Ci sono le Notti dei Vecchi Videogiochi, le sfide a usare vecchie macchine, i giochi educativi realizzati appositamente. C\'&egrave; stato il laboratorio di videogiochi che ha coinvolto i partecipanti nella realizzazione di giochi ispirati al Museo. Lo abbiamo raccontato a ICEC il 1 ottobre e, in una versione estasa con alcune riflessioni sulla gamification e sul suo uso nei musei, il 7 ottobre ai <a href=\"http://www.progettohmr.it/Documentazione/?id=2015i-CultDig\">Seminari di Cultura Digitale</a>.', 'si'),
(69, '2015-10-08', 'Functional or appealing? Traces of a long struggle', '<a href=\'http://www.progettohmr.it/Documentazione/?id=2015s-HaPoC\'>Articolo</a> a History and Philosophy of Computing 2015', 'Di nuovo a <a href=\"http://www.progettohmr.it/Cronologia/#2013s-HaPoC\">HaPoC</a>. Questa volta con un intervento per raccontare come differenti qualit&agrave; contribuiscono al successo degli strumenti di calcolo quando questi diventano prodotti commerciali. Le caratteristiche che rendono attraente una calcolatrice o un calcolatore non sono solo funzionali. &Egrave; ovvio oggi che gran parte dell\'informatica &egrave; \"di consumo\". &Egrave; curioso scoprirlo in storie di un secolo fa.', 'si'),
(70, '2015-10-16', 'Design ed elettronica: Olivetti, il bel calcolo', '<a href=\'http://www.progettohmr.it/Documentazione/?id=2015i-BelCalc\'>Intervento</a> a Eredità del Novecento. Arte e design nelle collezioni civiche livornesi', 'La Olivetti e gli Olivetti, Camillo e Adriano in particolare, hanno un posto particolare nella nostra storia industriale e tecnologica. Fra i tanti perch&eacute;, c\'&egrave; quella particolare attenzione al \"bello\" sempre presente nella produzione di Ivrea. Alle macchine per il calcolo Olivetti arriv&ograve; in ritardo, ma fu comunque capace di lasciare il segno in pi&ugrave; riprese. In questo incontro con il calcolo firmato Olivetti ci soffermeremo su alcuni aspetti della dialettica fra tecnica e forma. Sar&agrave; soprattutto una storia di tastiere. Concluderemo provando a mettere in funzione la Logos 59.', 'si'),
(71, '2015-11-13', 'Lezioni al Museo: cimeli dell\'informatica per la didattica e l\'orientamento', '<a href=\'http://www.progettohmr.it/Documentazione/?id=2015s-ANMS\'>Intervento</a> al XXV Congresso dell\'Associazione Nazionale dei Musei Scientifici', 'A Pisa, ci sono il Museo degli Strumenti per il Calcolo, con una collezione di rilievo internazionale, e HMR, un progetto di ricerca di storia e archeologia sperimetale dell\'informatica. Collezioni e competenze vanno \"sfruttate\", anche per la didattica. Con le <a href=\"http://www.progettohmr.it/LezioniAlMuseo/\">Lezioni al Museo</a> il Museo &egrave; un\'aula/laboratorio che le scuole possono frequentare, a contatto diretto con le competenze di HMR, i cimeli, le ricostruzioni e i simulatori. Una LM beneficia del \"luogo\" Museo: il fascino dei cimeli catalizza l\'attenzione e aiuta a fissare i concetti. Le LM sono particolari open day dell\'Universit&agrave; utili per orientare le scelte nel proseguire gli studi. La simulazione software usata per studiare e far rivivere i calcolatori di ieri &egrave; una tecnologia informatica di oggi in uso. Le LM condividono le fonti con il <a href=\"http://www.progettohmr.it/Corso/\">corso di Storia dell\'Informatica</a> della laurea in Informatica Umanistica, un punto di contatto con un\'informatica non solo spiccatamente tecnologica.', 'si'),
(72, '2015-11-26', 'Incontro con Mauro Cuomo', 'Seminario invitato nell\'ambito del <a href=\'http://www.progettohmr.it/Corso/\'>Corso di Storia dell\'Informatica</a> (h 14.00, aula F, Polo Fibonacci)', '<a href=\"http://maurocuomo.com/mauro-cuomo/\" target=\"_blank\" rel=\"noopener\">Mauro Cuomo</a>&nbsp;si laurea in Scienze dell\'Informazione a Pisa, nel 1980. Nel 1981 &egrave; in Olivetti, allo Advanced Technology Center di Cupertino. Da l&igrave; passa in Apple dove lavora in prima linea a due fra le macchine pi&ugrave; rappresentative della Mela: &egrave; Product Manager di&nbsp;<em>Lisa</em>per l\'Italia e poi International Product Manager di&nbsp;<em>Macintosh</em>. Nel 1991 dai personal computer Apple passa a un\'altra informatica, meno appariscente ma altrettanto importante per l\'infrastruttura delle imprese. In Toscana &egrave; cofondatore di TAM Software dove segue lo sviluppo del pacchetto gestionale&nbsp;<em>AdHoc</em>, tuttora leader del mercato con il marchio Zucchetti.', 'si'),
(73, '2015-11-28', 'DJ set a manovella', 'Torna <a href=\'http://www.progettohmr.it/Documenti/HMR_2015d_GCAM-SFilo.jpg\'>Prima dell\'emmepitré a Senza Filo</a>, sabato 28.11 al Cantiere Sanbernardo alle 20:20', 'Prima dell\'emmepitr&eacute; &egrave; una collaborazione fra HMR e&nbsp;<a href=\"http://www.gaprecordstore.it/\" target=\"_blank\" rel=\"noopener\">GAP Record Store</a>&nbsp;che mescola la storia dell\'informatica con quella della musica. Strano? No se si pensa che il suono &egrave; un dato che si registra, si conserva, si riproduce. Dal fonografo del 1877 ai formati digitali di oggi, le tecnologie per trattare questo dato hanno fatto s&igrave; che ascoltare musica diventasse un fenomeno sempre pi&ugrave; diffuso. A&nbsp;<a href=\"http://www.senzafilomusiccontest.eu/programma-2015\" target=\"_blank\" rel=\"noopener\">Senza Filo</a>, manifestazione acustica radicale, quest\'anno portiamo grammofoni e vecchi dischi a 78 giri, esempi di una tecnologia passata ma ancora stupefacente nella sua sofisticata semplicit&agrave;. Il&nbsp;<a href=\"http://www.progettohmr.it/Documentazione/?id=2015d-SFilo\">programma della serata</a>.', 'si'),
(74, '2015-12-03', 'Incontro con Rover Joe e Bruno Grassi', 'Seminario invitato nell\'ambito del <a href=\'http://www.progettohmr.it/Corso/\'>Corso di Storia dell\'Informatica</a> (h 14.00, aula F, Polo Fibonacci)', 'L\'<a href=\"http://www.roverjoe.com/\" target=\"_blank\" rel=\"noopener\">Associazione Rover Joe</a>&nbsp;&egrave; un bell\'esempio di collezionismo privato consapevole. Il seminario racconta la genesi dell\'Associazione e l\'origine del nome, la natura e l\'ampiezza della raccolta di cimeli, le attivit&agrave; svolte dall\'Associazione, le collaborazioni in atto in Italia e all\'Estero, la sua struttura attuale e le intenzioni di sviluppo futuro. Bruno Grassi ha un lungo percorso professionale nel campo della elettronica dei sistemi d\'arma e delle telecomunicazioni. Oggi semi-pensionato dedica gran parte del suo tempo alla realizzazione di eventi culturali sul mondo delle telecomunicazioni, dalla radioelettronica alla crittografia, giocando con i legami fra scienza, tecnologia e storia. Radioamatore sin dall\'adolescenza e curioso imperterrito, ha coltivato le sue competenze collaborando con Associazioni Culturali, Fondazioni e Musei. Al nostro incontro porter&agrave; per studiarli insieme un giroscopio avionico e una memoria magnetostrittiva made in Olivetti.', 'si'),
(75, '2015-12-14', 'La Ferranti dell\'INAC cos\'era, come funzionava, che ci facevano', '<a href=\'http://www.progettohmr.it/Documentazione/?id=2015i-Finac\'>Intervento</a> alla <a href=\'https://www.progettohmr.it/Documenti/FINAC60_2015d_Brochure.pdf\'>giornata</a> per i 60 anni della FINAC del CNR', 'Nel 1954 l\'Istituto Nazionale per le applicazioni del Calcolo di Roma acquist&ograve; un Ferranti Mk1* inglese poi detto \"la FINAC\". L\'Istituto, fondato e diretto da Mauro Picone, per primo in Italia aveva intuito l\'importanza dei nuovi strumenti di calcolo e si era mosso per costruirne o comunque averne uno. Poi le cose andarono diversamente: il progetto CEP part&igrave; a Pisa e nell\'acquisto di un calcolatore, seppur di pochi mesi, il Politecnico di Milano arriv&ograve; primo. In ogni caso, ufficialmente inaugurata il 14 dicembre 1955, la FINAC fu per diversi anni il calcolatore di riferimento in Italia, sia per le prestazioni della macchina sia per il gruppo di ricerca con specifiche competenze applicative che da tempo era attivo all\'Istituto. L\'intervento racconta la FINAC. Era un calcolatore, ma capiremo perch&eacute; la chiamavano calcolatrice. Veniva dall\'Inghilterra e scopriremo il suo notevole pedigree. Era uno dei primissimi calcolatori, curioseremo dentro tecnologie ormai scomparse per vedere che, alla fin fine, non era cos&igrave; diverso da quelli di oggi. Fu usato, moltissimo e a lungo, per esperimenti, ricerca e servizi, anche divertendosi.', 'si'),
(76, '0000-00-00', '17-19 dicembre - CHKB: dare struttura (visitabile) alle collezioni tecnico-scientifiche', '<a href=\' http://www.progettohmr.it/Documentazione/?id=2015s-AIUCD\'>Intervento</a> alla IV Conferenza Nazionale dell\'Associazione per l\'Informatica Umanistica e la Cultura Digitale', 'La catalogazione tradizionale dei beni scientifici e tecnologici soffre di una struttura flat \"un pezzo, una scheda\" insufficiente per un contesto caratterizzato da una fitta rete di relazioni. Cogliere e gestire la conoscenza storica in tutta la sua pienezza &egrave; un problema tipicamente umanistico, ma ancora molto \"cartaceo\" e poco \"digitale\". Il nostro caso di studio &egrave; la storia dell\'informatica: i pezzi (e.g. una Programma 101) sono spesso esemplari di modelli di serie: ci sono informazioni del modello (caratteristiche, attributi fisici) e del pezzo (matricola, stato di conservazione, provenienza). La paternit&agrave; (del modello) non &egrave; un campo unico: si pu&ograve; trovare un responsabile del progetto (Perotto), ma omettere molti dei collaboratori &egrave; una perdita di informazione, a patire da chi cur&ograve; il design (Bellini). Ci sono il produttore (Olivetti), le versioni... e c\'&egrave; il software! Definire e costruire una base di conoscenza visitabile della storia dell\'informatica porta a una concezione del tutto nuova di museo virtuale. Pensando ai cimeli conservati permette di teletrasportarsi da un Museo all\'altro. Ancor meglio, navigando nella base di conoscenza si viaggia fra i fatti della storia dell\'informatica senza vincoli fisici e scoprendo connessioni inaspettate e nuove storie.', 'si'),
(77, '2016-02-12', 'Informatica: la sua storia come completamento culturale del professionista', '<a href=\'http://www.progettohmr.it/Documentazione/?id=2016i-OrdIng\'>Seminario</a> di formazione per l\'Ordine degli Ingegneri di Pisa', 'L\'informatica &egrave; una disciplina recente, ma la velocit&agrave; con cui si &egrave; sviluppata fa s&igrave; che gi&agrave; abbia un passato ricco e denso. Una Storia che non solo &egrave; spesso sconosciuta, ma &egrave; anche viziata da \"storie\" determinate da esigenze esterne, dal mercato, alla politica, al giornalismo e alla narrativa in cerca di facili successi di pubblico. Una seria prospettiva storica &egrave; invece uno strumento che d&agrave; consapevolezza della disciplina, anche critica. Che fornisce una base culturale utile al proprio lavoro sia per chi fa consulenza in informatica sia per chi dall\'informatica dipende per la propria professione. I contenuti presentati nel seminario sono legati alle attivit&agrave; di ricerca di HMR e al <a href=\"http://www.progettohmr.it/Corso/\">Corso</a> di Storia dell\'Informatica dell\'Universit&agrave; di Pisa.', 'si'),
(78, '2016-02-17', 'Chiusa la prima sessione di esami al Corso di Storia dell\'informatica', '', 'Con il secondo appello della prima sessione di esami si cominciano a vedere i risultati del Corso strettamente legato alla ricerca di HMR e alle attivit&agrave; di conservazione, esposizione e diffusione del Museo degli Strumenti per il Calcolo. Fra le opzioni proposte agli studenti per sostenere l\'esame c\'&egrave; anche un progetto didattico, un approfondimento di un tema di storia dell\'informatica con attivit&agrave; di schedatura di modelli di macchine significative e catalogazione di pezzi nella collezione del Museo. &Egrave; uno dei tanti modi per interpretare il concetto di Museo Universitario. I lavori degli studenti sono in linea alla pagina dedicata ai <a href=\"http://www.progettohmr.it/Corso/Progetto/\" target=\"_blank\" rel=\"noopener\">progetti</a> del Corso.', 'si'),
(79, '2016-02-27', 'L\'aritmometro \"di Marconi\" in funzione', '<a href=\'http://www.progettohmr.it/ComputersForTheMasses/#Marconi\'>Evento</a> al Museo Tecnico Navale della Spezia', 'L\'aritmometro conservato al Museo Tecnico Navale &egrave; fra gli aritmometri Thomas/Payen uno dei modelli di maggior capacit&agrave;, 10 e 11 cifre per gli operandi e 20 per il risultato: un pezzo notevolissimo. Per essere parte della strumentazione appartenuta a Guglielmo Marconi &egrave; anche un cimelio molto particolare. Come rappresentante della prima produzione di serie di calcolatrici meccaniche, &egrave; il pezzo che apre la Mostra \"Computers for the masses\". L\'appuntamento di sabato 27 &egrave; un evento unico per vedere in funzione l\'aritmometro \"di Marconi\", per svelarlo in tutti i suoi dettagli alla citt&agrave; che ha la fortuna di custodirlo. La giornata prevede una sessione mattutina, dedicata alle scuole, e una pomeridiana aperta a tutti.', 'si'),
(80, '0000-00-00', 'febbraio - toh, 10 anni di HMR', '', 'Quando ci si diverte il tempo passa veloce e quasi non ci siamo accorti che abbiamo \"fatto\" 10 anni. A febbraio 2006 nasceva HMR. Nell\'ambito della tesi di Simone Masoni cercavamo un sistema hardware da simulare. Alla fine decidemmo per il sistema di alimentazione di un robot, perch&eacute; l\'idea iniziale - la Macchina Ridotta o alcune sue parti - si era scontrata con la difficolt&agrave; di recuperare la documentazione. Ma era nata un\'altra curiosit&agrave;...', 'si'),
(81, '0000-00-00', '19-21 aprile - Bene insegnare l\'informatica in una società sempre più complicata', '<a href=\' http://www.progettohmr.it/Documentazione/?id=2016s-Didamat\'>Articolo</a> a Didamatica', 'Una definizione d\'autore - la prima apparizione del termine \"didattica\" nel Vocabolario degli Accademici della Crusca - &egrave; lo spunto per alcune considerazioni sulla didattica dell\'informatica (e non solo) in una societ&agrave; che, spinta dallo sviluppo tecnologico, ma costretta dai problemi di una crisi forse epocale, pone obiettivi contraddittori a chi si cimenta nell\'insegnamento. Senza pretesa di dare soluzioni certe e collaudate, sono proposte alcune riflessioni nate raccontando la Storia dell\'Informatica al modo di HMR, come per esempio con la formula delle <a href=\"http://www.progettohmr.it/LezioniAlMuseo/\">Lezioni al Museo</a>.', 'si'),
(82, '2016-04-29', 'Chiacchiere e videogiochi: il Dandy, il Porco, il Cattivo', '<a href=\'http://www.progettohmr.it/ChiacchiereVG/\'>Chiacchierata in compagnia</a> al Caffè Letterario Voltapagina', 'Dopo quattro Notti dei Vecchi Videogiochi, l\'edugioco ispirato a Vito Volterra, un corso dedicato ai videogiochi e un intervento a ICEC 2015, quattro chiacchiere in buona compagnia (Marco \'Alfieri\' Guzzo, Marco Lorenzini &amp; Paolo \'Pollo\' Cioni, Tommaso Mongelli, Giovanni Cignoni) e con un bicchiere in mano ci volevano proprio. Di cosa si parler&agrave;? Videogiochi e tecnologia, videogiochi e arte, videogiochi e tendenze, videogiochi e satira... videogiochi e basta!', 'si'),
(83, '2016-05-14', 'Dall\'Aritmometro all\'Amiga', '<a href=\'http://www.progettohmr.it/ComputersForTheMasses/#Amiga\'>Evento</a> al Nuovo Teatro Pacini di Fucecchio', 'Per il \"ritorno a casa\" delle macchine prestate da Daniele Minneci e Franceco Gori alla mostra \"Computers for the Masses\", HMR e il Comune di Fucecchio hanno organizzato una mattina per parlare alle scuole di un capitolo particolare della storia dell\'informatica, quello del calcolo personale. &Egrave; un racconto che inizia molto tempo fa e che ha per protagonisti calcolatrici e calcolatori, meccaniche e decimali prima, elettronici e binari poi. Digitali tutti. Al racconto storico si aggiunge l\'emozione di vedere in funzione i Commodore \"di Fucecchio\", macchine all\'epoca straordinarie e oggi testimoni di quando l\'informatica ha cominciato a diventare per tutti.', 'si'),
(84, '2016-05-21', 'Hackerare la Storia (dell\'Informatica, ovviamente)', '<a href=\'http://www.progettohmr.it/Documentazione/?id=2016i-ABitOf\'>Intervento</a> a a bit of [hi]story, Torino', 'Il MuPin di Torino organizza una&nbsp;<a href=\"http://abitofhistory.it/\" target=\"_blank\" rel=\"noopener\">due giorni</a>&nbsp;di storia e di retrocomputing negli spazi degli ex stabilimenti di FIAT Mirafiori. Ci saranno esposizioni di calcolatori del passato provenienti da club, istituzioni e appassionati di tutta Italia, laboratori e seminari, insomma una bella occasione per incontrare o reincontrare \"colleghi\" vecchi e nuovi. HMR ci sar&agrave; con un intervento che, presentando alcuni aspetti della storia e della ricostruzione della I CEP, racconta anche cosa voglia dire hackerare la Storia.', 'si'),
(85, '0000-00-00', '25-29 maggio - The Global Virtual Museum of Information Science & Technology', '<a href=\'http://www.progettohmr.it/Documentazione/?id=2016s-IFIP97\'>Articolo</a> a International Communities of Invention and Innovation - IFIP WG 9.7 Conference, New York', 'La storia delle scienze e delle tecnologie dell\'informazione (IST, ci piace aggiungere la \'S\' a \"IT\") &egrave; un patrimonio culturale dell\'umanit&agrave;. La conoscenza della storia dell\'IST dovrebbe superare la \"localit&agrave;\" che caratterizza la gestione delle collezioni e degli archivi. La nostra proposta &egrave; realizzare una base di conoscenza globale per gestire tutte le informazioni relative allo specifico dominio storico scientifico, creata e mantenuta dai curatori dei musei e dagli altri esperti del settore, ma capace di offrire nuove possibilit&agrave; di esplorazione e di fruizione a un pubblico molto pi&ugrave; ampio. La storia dell\'IST sarebbe un primo caso di studio per un nuovo approccio alla gestione del patrimonio culturale, non pi&ugrave; legato ai tradizionali cataloghi museali e capace di sfruttare appieno le tecnologie disponibili.', 'si'),
(86, '2016-06-05', 'HMR & friends a Vicoretrò', '<a href=\'http://www.progettohmr.it/HMRFriends/\'>Evento</a> al Palazzetto dello Sport di Vicopisano', 'A Vicopisano &egrave; nata&nbsp;<a href=\"http://www.vicoretro.org/\" target=\"_blank\" rel=\"noopener\">Vicoretr&ograve;</a>&nbsp;un\'associazione culturale dedicata al mantenimento e alla diffusione della vecchia informatica. Per inaugurare le proprie attivit&agrave; Vicoretr&ograve; ha organizzato un\'evento-mostra coinvolgendo molti espositori: ne vedremo di belle! Ci sar&agrave; anche HMR con un\'esposizione organizzata insieme a Massimo Concas, Daniele Minneci &amp; Francesco Gori, Alessandro Magnani, Tommaso Mongelli e con un po\' di chiacchiere e demo di vecchia (molto vecchia) informatica con Giovanni Cignoni.', 'si'),
(87, '2016-06-18', 'Dai cataloghi alla conoscenza', '<a href=\'http://www.progettohmr.it/Documentazione/?id=2016i-AICAVerona\'>Intervento</a> a Il computer racconta se stesso', 'AICA, l\'Associazione Italiana per l\'Informatica e il Calcolo Automatico, da tempo &egrave; attenta anche alla storia dell\'informatica. D\'altra parte come Associazione &egrave; storica di per s&eacute; fu fondata nel febbraio 1961, per intendersi, prima dell\'inaugurazione della II CEP. Nell\'evento organizzato a Verona si tratteranno numerosi temi relativi alla vita delle collezioni storiche di materiale informatico: dalle problematiche di gestione alle opportunit&agrave; culturali, dalla fruibilit&agrave; alle occasioni di collaborazione. HMR partecipa interpretando alla lettera il titolo dell\'evento e raccontando come l\'informatica di oggi pu&ograve; dare un scossone al modo di gestire le collezioni di informatica passando da cataloghi-elenco a una catalogazione unica che raccoglie tutte le collezioni e che &egrave; costruita su una base di conoscenza. &Egrave; un modo radicalmente nuovo di intendere la gestione dei patrimoni culturali, veramente informatico, nel senso del vecchio nome della disciplina \"scienze dell\'informazione\". &Egrave; l\'idea di CHKB.', 'si'),
(88, '2016-06-20', 'per tutta l\'estate: Fare Videogiochi!', 'Palestra scientifica al CUS Junior di Pisa', 'HMR ha pi&ugrave; volte <a href=\"http://www.progettohmr.it/Documentazione/?id=2015s-ICEC\">usato i videogiochi</a> per parlare di storia dell\'informatica e dintorni. Con Fare Videogiochi HMR propone una palestra di progettazione videoludica per imparare l\'informatica. &Egrave; un modo per incuriosire, per introdurre bambine e bambini alla scoperta e al piacere di programmare. La palestra mostra il bello di usare l\'informatica per fare, sfruttando una delle attivit&agrave; creative pi&ugrave; divertenti: inventare giochi. Gli ambienti e le applicazioni utilizzate sono open source o comunque senza costi di licenza, cos&igrave; che continuare a divertirsi a casa non richiede ulteriori costi. Maestro sul dojo &egrave; Tommaso Mongelli.', 'si'),
(89, '2016-06-25', 'Can you stand a chance? La Notte dei Vecchi Videogiochi n. 5', 'Torna la <a href=\'http://www.progettohmr.it/NVV2016/\'>NVV</a> al Museo degli Strumenti per il Calcolo', 'E questa volta si picchia duro!<br />Correva l\'anno 1991 quando nelle sale giochi apparve Street Fighter II. Non era il primo gioco di questo tipo, era gi&agrave; un sequel, ma lasci&ograve; il segno nella storia dei videogiochi diventando il titolo pi&ugrave; amato e pi&ugrave; rappresentativo del genere.', 'si'),
(90, '2016-07-22', 'Estensione e validazione di CHKB', '<a href=\'http://www.progettohmr.it/Documentazione/?id=2016d-TirCHKB\'>Tesi di laurea triennale</a> in Ing. Informatica', 'CHKB fa un altro passo avanti. Mentre l\'idea trova <a href=\"http://www.progettohmr.it/Documentazione/?id=2015s-AIUCD\">interesse</a> e coltiva nuove <a href=\"http://www.progettohmr.it/Documentazione/?id=2016s-IFIP97\">ambizioni</a>, lo sviluppo del prototipo prosegue con il contributo degli studenti impegnati nelle loro prove finali.', 'si'),
(91, '2016-08-11', 'Quattro chiacchiere sul calcolo, senza fare conti - reloaded', 'Gli articoli apparsi su <a href=\'http:/www.progettohmr.it/PaginaQ/\'>PaginaQ</a>, rivisti, arricchiti e rimessi in linea', 'Con PaginaQ abbiamo fatto un esperimento: raccontare l\'informatica sulle pagine di un quotidiano, incuriosendo e utilizzando un linguaggio non esclusivo, ma senza mai banalizzare. L\'esperienza purtroppo si &egrave; conclusa con la chiusura di PaginaQ a giugno 2015. Il server web di PaginaQ &egrave; spesso gi&ugrave; ed &egrave; un peccato che gli articoli non siano accessibili. Abbiamo perci&ograve; deciso di riprenderli, approfittando della pausa estiva per iniziare a reimpaginarli e metterli a disposizione sulle pagine di HMR anche come PDF. Ci vorr&agrave; un po\' di tempo (sono una quarantina), ma nell\'occasione i contenuti saranno rivisti e arricchiti. Andremo in ordine sparso e, per cominciare, iniziamo dalla <a href=\"http:/www.progettohmr.it/PaginaQ/#4CCsC_041\">fine</a> :)', 'si'),
(92, '2016-09-12', 'Lezioni al Museo!', 'Orto Botanico, presentazione dell\'offerta didattica del Sistema Museale di Ateneo', 'Anche per il 2016/17 le <a href=\"http://www.progettohmr.it/LezioniAlMuseo/\">Lezioni al Museo</a> di HMR contribuiscono all\'offerta didattica del Museo degli Strumenti per il Calcolo. Lezioni (non visite guidate!) pensate per integrarsi nei programmi di informatica delle scuole superiori: il <a href=\"http://www.progettohmr.it/MSC/\">Museo</a> diventa un\'aula/laboratorio dove passare un\'intera mattina a diretto contatto con le competenze e con la ricerca di HMR, per affrontare specifici argomenti di informatica studiandoli a partire dai cimeli del Museo. Con appassionata e rigorosa curiosit&agrave; hacker e condividendo materiale e livello di approfondimento del <a href=\"http://www.progettohmr.it/Corso/\">corso</a> di Storia dell\'Informatica.', 'si'),
(93, '2016-09-26', 'Corso di Storia dell\'Informatica', 'Corso di Laurea in Informatica Umanistica, Università di Pisa, a.a. 2016/17', 'Inizio delle <a href=\"http://www.progettohmr.it/Corso/\">lezioni</a>. Anche quest\'anno il corso propone una lettura storica dello sviluppo dell\'informatica come scienza e come industria curando in particolare gli aspetti tecnologici, esplorati con la tipica curiosit&agrave; hacker di HMR. Approfondimenti sono dedicati a temi obbligatori (Turing, ormai un\'icona pop) e ai capitoli nazionali (Milano, Roma, Olivetti) e pisani (le due CEP). Insieme al racconto delle vicende, il corso tocca la storia dell\'informatica come disciplina: i metodi di indagine storico-tecnologica, i princip&icirc; di cura e di esposizione del patrimonio (hardware e software), i criteri per la diffusione a pubblici diversi. Come sempre, le lezioni sono aperte a tutti.', 'si'),
(94, '2016-10-29', 'L\'aritmometro di \"Marconi\"', '<a href=\'http://www.progettohmr.it/FestivalScienza2016/\'>Conferenza/spettacolo</a> al Festival della Scienza di Genova', 'Un incontro ravvicinato con un aritmometro. Un raro esponente delle primissime calcolatrici meccaniche a cifre (e segni &egrave; la parola chiave del Festival di quest\'anno) prodotte in serie a partire dalla met&agrave; del 1800. Il pezzo, \"scoperto\" da HMR al Museo Tecnico Navale della Spezia e gi&agrave; protagonista della mostra <a href=\"http://www.progettohmr.it/ComputersForTheMasses/\">Computers for the masses</a>, &egrave; doppiamente raro: in primo luogo &egrave; fra i modelli di maggior capacit&agrave; (10 e 11 cifre decimali per gli operandi e 20 per il risultato), in pi&ugrave; faceva parte della strumentazione di laboratorio di Guglielmo Marconi - un testimonial d\'eccezione per ricordare il contributo del calcolo meccanico (digitale anche se a manovella!) al progresso scientifico e tecnologico.', 'si'),
(95, '0000-00-00', '16-18 novembre - Informatica ed economia della catalogazione', '<a href=\'http://www.progettohmr.it/Documentazione/?id=2016s-ANMS\'>Intervento</a> al XXVI Congresso dell\'Ass. Naz. dei Musei Scientifici', 'Fra i tanti vantaggi portati della rivoluzione digitale ci sono anche il trattamento strutturato delle informazioni e la condivisione delle competenze tramite la collaborazione fra persone. CHKB &egrave; uno strumento per riunire in un\'unica base di conoscenza (KB) le informazioni di catalogazione e documentazione di tutte le collezioni legate alla storia dell\'informatica. Rispetto ai cataloghi-elenchi (un reperto, una scheda), una KB strutturata aumenta la qualit&agrave; dell\'informazione gestita: esplicita le relazioni ed elimina replicazione e inconsistenza. Curatori e conservatori concentrano il loro impegno sui reperti; le schede tecniche, condivise, sono di riferimento per identificare i reperti, per condurre ricerche storiche, per costruire la documentazione di un\'esposizione. La peer review delle schede tecniche &egrave; una garanzia di affidabilit&agrave; dei contenuti e un meccanismo di collaborazione fra colleghi. CHKB realizza una doppia economia: &egrave; un uso pieno delle tecnologie disponibili per la gestione della conoscenza e permette di usare al meglio il tempo di curatori e conservatori.', 'si'),
(96, '2016-11-28', 'Il Museo Tecnico Navale della Spezia', 'Seminario al corso di <a href=\' http://www.progettohmr.it/Corso/\'>Storia dell\'Informatica</a>', 'Un incontro con un Museo tecnico-scientifico molto particolare per arricchire gli aspetti museologici e museografici toccati dal corso. Il seminario tratter&agrave; della singolare realt&agrave; del Museo Navale di La Spezia, un museo militare e pertanto custode della tradizione, della storia e degli eroi di una Forza Armata. I temi affrontati includono: la difficile gestione del Museo in assenza di fondi (nonostante un patrimonio di reperti di primissima importanza e un successo di pubblico importante), la gestione della promozione, il finanziamento e la realizzazione degli ultimi restauri, la gestione dell\'archivio e della biblioteca (circa 20.000 documenti e volumi). Il seminario presenter&agrave; i lavori in corso e i programmi futuri: le mostre programmate, le convenzioni stipulate per i tirocini universitari, per l\'alternanza scuola-lavoro con le scuole superiori, per laboratori e campi estivi per bambini organizzati insieme ad associazioni private, il progetto di ampliamento, attualmente in valutazione, per fare del Museo un polo di attrazione di primaria importanza nazionale. Con noi sar&agrave; il C.V. Silvano Benedetti che ha una lunga carriera di comandi, sia in mare sia in importanti sedi della Marina Militare come il Centro TLC Principale di La Spezia, la Scuola TLC di Chiavari e, appunto, il Museo Tecnico Navale. Oggi in pensione, continua a collaborare con il Museo a titolo gratuito.', 'si'),
(97, '2016-12-07', 'Musei dell\'informatica: ricordare per capire', 'Seminario al corso di <a href=\'http://www.progettohmr.it/Corso/\'>Storia dell\'Informatica</a>', 'Lo storico della scienza George Sarton afferma che \"La storia degli strumenti &egrave; una parte essenziale della storia della scienza, il cui progresso &egrave; determinato dalle invenzioni pratiche quanto dalle teorie, e dall\'abilit&agrave; manuale quanto dal pensiero\". Gli strumenti devono essere quindi conservati e a questo servono i musei, ma la loro funzione non &egrave; solo il preservare oggetti: i manufatti del passato devono anche essere fatti vivere, devono raccontarci una storia, devono insegnarci come sono sorte le idee, come si sono imposte nella societ&agrave; e come questa, le sue istituzioni e i suoi portatori di interessi hanno plasmato a loro volta le tecnologie, determinandone successi e insuccessi. Nell\'informatica la conservazione, lo studio e il racconto dei manufatti sono ancora pi&ugrave; importanti, proprio per la sua veloce evoluzione, che rischia di far scomparire la memoria del passato in tempi molto brevi. In questo seminario si parler&agrave; dei musei dell\'informatica nel mondo e delle loro attivit&agrave;, con particolare riguardo alla situazione del nostro paese. A parlarcene ci sar&agrave; Silvio H&eacute;nin: studioso di storia della tecnologia, in particolare di quella del calcolo automatico, ha pubblicato una quarantina di articoli sull\'argomento e due libri; &egrave; coordinatore del gruppo Storia dell\'informatica di AICA e membro del comitato scientifico della rivista Mondo Digitale.', 'si'),
(98, '0000-00-00', '26-28 gennaio - KB-Driven Information Extraction to Enable Distant Reading of Museum Collections', '<a href=\'http://www.progettohmr.it/Documentazione/?id=2017s-AIUCD\'>Intervento</a> alla 6th AIUCD Conference 2017, Roma', 'L\'idea di CHKB di riunire in una base di conoscenza (KB) condivisa le informazioni di tutte le collezioni legate alla storia dell\'informatica si scontra con una difficolt&agrave; pratica: l\'impegno richiesto per popolare la KB - infatti, un prototipo di CHKB siamo riusciti a realizzarlo, ma la sua KB &egrave; ancora desolatamente vuota. Alla conferenza dell\'Associazione per l\'Informatica Umanistica e la Cultura Digitale abbiamo presentato l\'idea di popolare la KB raccogliendo le informazioni automaticamente dal web dove, oltre alle informazioni fornite dagli appassionati di retrocomputing, alcuni musei hanno gi&agrave; messo in linea il loro cataloghi, bench&eacute; \"vecchio stile\" sono una notevole fonte di informazioni. Il metodo di estrazione presentato, KB Driven Information Extraction, &egrave; un\'estensione del gi&agrave; esistente Ontology Based Information Extraction. La disponibilit&agrave; di una KB condivisa cos&igrave; popolata permetterebbe di studiare e raccontare meglio la storia dell\'informatica, sia per l\'utilit&agrave; di avere informazioni attendibili da un\'unica fonte, sia per la possibilit&agrave; di trovare nuove prospettive di lettura sfruttando le catene di relazioni fra fatti che una KB riesce a far emergere.', 'si'),
(99, '2017-02-03', 'Programmi per dire cose', '<a href=\'http://www.progettohmr.it/Documentazione/?id=2017i-Indiesagio\'>Intervento</a> a Indiesagio 1.0 - Convention sul videogioco indipendente pisano, Pisa', 'L\'informatica ha inventato la macchina universale, il calcolatore (il computer se preferite l\'Inglese), dopodich&eacute; basta programmarlo. I programmi nascono pragmatici, servono a fare cose: gestire informazioni, risolvere problemi di scienziati, ingegneri e militari... Basta niente per&ograve; per rendersi conto che l\'universalit&agrave; della macchina si pu&ograve; usare anche per dire cose, per realizzare programmi dedicati ai soli utenti: giochi divertenti, semplici passatempi, scherzi irriverenti, anche momenti di critica e riflessione. Alla prima edizione di Indiesagio, un\'incontro di programmatori indipendenti di videogiochi, HMR propone una carrellata (veloce e per forza sommaria) di programmi per dire cose, dai giochi alle poesie, dalle origini, quando si divertivano solo i ricercatori, a quando le macchine universali sono anche per le masse. Con un occhio particolare alla scena italiana.', 'si'),
(100, '2010-10-01', 'Un giro (simulato) sulla Macchina Ridotta', '<a href=\'http://www.progettohmr.it/Documentazione/?id=2010i-AICA\'>Intervento</a> al Congresso Nazionale AICA', '&Egrave; importante, per la crescita industriale di un paese, avvicinare gli studenti alle discipline tecnologiche: i vecchi calcolatori e la loro storia esercitano un fascino particolare che si presta a essere usato per incuriosire sul funzionamento delle macchine e dei programmi e per stimolare l\'interesse a investire nello studio di informatica ed elettronica. Il Congresso Nazionale AICA dedica una sessione a questo tema: la Macchina Ridotta &egrave; proposta come esempio didattico che, insieme, &egrave; curioso e storicamente rilevante.', 'si'),
(101, '0000-00-00', '4-7 ottobre - Dall\'aritmometro al calcolatore, personalmente', '<a href=\'http://www.progettohmr.it/MSC/#AritPC-IF\'>Mostra</a> all\'Internet Festival', 'HMR partecipa all\'Internet Festival 2012 con il racconto delle vicende, dei meccanismi e delle curiosit&agrave; del calcolo personale. Allestita al&nbsp;<em>Museo Nazionale di S. Matteo</em>, la Mostra offre una selezione delle pi&ugrave; interessanti macchine personali della ricca collezione del Museo degli Strumenti per il Calcolo, dagli aritmometri di met&agrave; 800 ai primi PC portatili.', 'si'),
(102, '0000-00-00', '10-13 ottobre - Caratteri/Emozioni all\'Internet Festival!', '<a href=\'http://www.progettohmr.it/MSC/#CarEmo-IF\'>Installazione</a> all\'Internet Festival', 'L\'installazione di 16+2 pannelli alla Stazione Leopolda racconta Le radici lontane degli emoticon, giochi di caratteri per superare i limiti di un mezzo. Una storia che vede la fantasia di tipografi, scrittori, grafici e informatici contro le barriere della codifica digitale. HMR investiga la storia dell\'informatica con rigore tecnologico senza per&ograve; dimenticare che i limiti e i vantaggi delle macchine condizionano chi le usa, stimolandone la fantasia.', 'si'),
(103, '0000-00-00', '9 maggio - 2 giugno - Questioni di Carattere', '<a href=\' http://www.progettohmr.it/MSC/#QuestCar\'>Mostra</a> al Museo della Grafica', 'La storia della scrittura a stampa &egrave; una continua ricerca di carattere. Dal torchio al digitale, ogni carattere &egrave; nato per essere diverso. Per rinnovare l\'ormai tradizionale appuntamento fra HMR, il Museo della Grafica e il Museo degli Strumenti per il Calcolo, quest\'anno il tema &egrave; la storia dei caratteri tipografici, da Gutemberg a Knuth. La Mostra &egrave; un\'antologia essenziale di caratteri: ne racconta le storie e guida l\'occhio a riconoscere stili e differenze.', 'si'),
(104, '2014-05-17', 'Prepare to be invaded! La notte dei vecchi videogiochi', '<a href=\'http://www.progettohmr.it/MSC/#NotteMusei\'>Notte dei Musei</a> e <a href=\'http://www.progettohmr.it/MSC/#NVV\'>NVV n.1</a> al Museo degli Strumenti per il Calcolo', 'Per una Notte dei Musei diversa e seriamente giocosa, HMR e il Museo propongono un torneo su un videogioco che ha fatto storia con un campo di gara che mescola vecchi calcolatori (ma non troppo) e piattaforme di emulazione. Fra un fase e l\'altra della gara ospiti e chiacchere su calcolatori, giochi e dintorni.', 'si'),
(105, '2014-06-20', 'Prima dell\'emmepitré', '<a href=\'http://www.progettohmr.it/MSC/#PrimaMP3\'>Serata</a> del Giugno Pisano al Museo degli Strumenti per il Calcolo', 'Suono e musica sono dati: si registrano, si conservano, si riproducono. Dal fonografo del 1877 ai formati digitali di oggi, le tecnologie hanno segnato l\'ascolto della musica facendolo diventare un fenomeno diffuso; hanno anche influenzato come la musica si produce. Le suggestioni del progresso ispirano i musicisti e la musica fa da sottofondo al tempo che passa. HMR propone una serata al Museo dedicata a un periodo interessante tanto per l\'informatica italiana (e pisana), quanto per la produzione musicale.', 'si'),
(106, '0000-00-00', '10-11 ottobre - Since \'81. And still jumping! La Notte dei Vecchi Videogiochi, speciale IF', '<a href=\'http://www.progettohmr.it/MSC/#NVV\'>NVV</a> al Museo degli Strumenti per il Calcolo', 'Dopo il successo dell\'edizione di maggio per la Notte dei Musei, torna la Storia dell\'Informatica vista da una prospettiva seriamente giocosa. &Egrave; un\'occasione per provare di persona l\'effetto che fanno i vecchi videogiochi e per visitare il Museo, i suoi allestimenti nuovi e quelli rinnovati. In pi&egrave; interventi e chiacchere con il Dott. Monge e con chi ci sar&agrave;, approfondimenti, curiosit&agrave; e nostalgie a 8 bit in streaming per tutta la manifestazione.', 'si'),
(107, '2014-10-24', 'Inaugurazione della Sala Laboratori HMR', '<a href=\'http://www.progettohmr.it/MSC/#SalaLab\'>Inaugurazione</a> del nuovo spazio per attività didattiche al Museo degli Strumenti per il Calcolo', 'Alla straordinaria collezione conservata al Museo, corrisponde un\'altrettanto ricca offerta di attivit&agrave; educative basate su approfondimenti frutto della ricerca di HMR o su ricostruzioni hardware o software realizzate da HMR. Con il nuovo spazio attrezzato, il Museo si dota di un\'area per ospitare le ricostruzioni dei calcolatori del passato e per svolgere attivit&agrave; didattiche e sperimentali. L\'inaugurazione &egrave; un\'occasione per presentare agli insegnanti l\'offerta educativa del Museo: le proposte rinnovate di incontri, visite e laboratori da anni parte dell\'offerta di HMR e i progetti frutto di nuove collaborazioni.', 'si'),
(108, '0000-00-00', '6-25 novembre - Prima dell\'emmepitré: Musica e numeri, intermezzi meccanici a Senza Filo', '<a href=\'http://www.progettohmr.it/MSC/#PrimaMP3\'>Interventi</a> a Senza Filo Festival Veramente Acustico', 'Grammofoni e calcolatrici, macchine squisitamente meccaniche dedicate a trattare due tipi di informazioni, musica e numeri, prima di elettricit&agrave; ed elettronica, la loro et&agrave; d\'oro &egrave; raccontata in cinque intermezzi alle serate di Senza Filo, ognuno dedicato a un diverso periodo storico fra l\'inizio del \'900 e i primi anni \'50. Pi&ugrave; un pomeriggio speciale al Museo.', 'si'),
(109, '2015-02-28', 'Un mese con Turing e l’Enigma', '<a href=\'http://www.progettohmr.it/MSC/#Enigma\'>Eventi e mostra</a> al Museo degli Strumenti per il Calcolo', 'Cogliendo al volo l&rsquo;interesse seguito a&nbsp;<em>The Imitation Game</em>&nbsp;e al suo meritato Oscar (miglior sceneggiatura non originale),<br />HMR (come promesso) propone un mese di eventi: l&rsquo;Enigma al Museo con approfondimenti su Alan Turing e gli altri protagonisti, su Bletchley Park, sull&rsquo;Enigma e su come fu battuta, sulle altre macchine legate agli eventi e citate (o dimenticate) dal film. E poi la crittografia spiegata, sul serio e nella fantasia, nella storia e nel quotidiano, film con presentazioni e dibattiti, fumetti, tavole rotonde, articoli, dimostrazioni dal vivo e laboratori per le scuole.', 'si'),
(110, '2015-05-16', 'Da Vito Volterra alla simulazione ad agenti', '<a href=\'http://www.progettohmr.it/MSC/#NotteMusei\'>Notte dei Musei</a> al Museo degli Strumenti per il Calcolo', 'Il tema assegnato alla Notte dei Musei quest\'anno &egrave; la sostenibilit&agrave;. HMR ha raccolto l\'invito e vi propone una serata al Museo dedicata ai delicati equilibri da cui dipende la sostenibilit&agrave; della Terra. Ovviamente visti con la lente del calcolo e dell\'informatica. Fra i tanti contributi di Vito Volterra c\'&egrave; il modello prede-predatori: un sistema di equazioni che ben descrive gli equilibri di molti ecosistemi naturali. La simulazione ad agenti &egrave; uno strumento dell\'informatica moderna che ci permette di ricreare ecosistemi virtuali, modellando il comportamento dei singoli individui e osservando cosa succede. Come in un gioco, ma serissimo. E proprio un videogioco abbiamo inventato. Vi sfidiamo a costruire e mantenere un equilibrio sostenibile fra due popolazioni di organismi unicellulari. Ci riuscirete?', 'si'),
(111, '2015-05-31', '64 Mania e Dont be Shy, la NVV 2014', '<a href=\' http://www.progettohmr.it/MSC/#NVV\'>NVV</a> e <a href=\' http://www.progettohmr.it/MSC/#64Mania\'>Mostra</a> al Museo degli Strumenti per il Calcolo', 'Torna la Storia dell\'Informatica per chi gioca sul serio, questa volta con un nutritissimo corredo di eventi collegati. Fra tutti, la Mostra 64Mania &egrave; dedicata al principe degli home computer, il&nbsp;<em>C=64</em>, alle sue varie versioni, agli accessori e ai calcolatori di casa Commodore che gli hanno fatto compagnia per tutti gli anni \'80 e qualcosa dopo. La Mostra restituisce al pubblico una selezione dei migliori pezzi della enorme collezione del Museo, altrimenti obbligati a rimanere chiusi nei depositi. Oltre alla NVV e alla Mostra, gli eventi per il Giugno Pisano al Museo saranno tutti in tema 64, con approfondimenti tecnici, divagazioni musicali e nostalgie anni \'80.', 'si'),
(112, '2015-06-05', 'Prima dell\'emmepitré: 64, musica a 8 bit', '<a href=\'http://www.progettohmr.it/MSC/#64Mania\'>Serata</a> del Giugno Pisano al Museo degli Strumenti per il Calcolo', 'Quando nel gennaio del 1982 arriv&ograve; il Commodore C=64, fra le diverse cose che contribuirono al suo successo c\'era il SID, il circuito integrato che lo rendeva capace di capace di generare suoni e musica. Per molti programmatori/musicisti fu un\'opportunit&agrave; per esibire i propri virtuosismi. La musica scritta per ed eseguita con il C=64 &egrave; diventata nel tempo un sottogenere pi&ugrave; longevo del C=64 stesso: ci sono autori che ancora si cimentano con il SID. La serata propone una selezione di brani digitali, colonne sonore di videogiochi, demoscene e cover suonati su un C=64 d\'epoca e alternati a suggestioni in vinile dalla collezione del GAP Record Store.', 'si'),
(113, '2015-09-08', 'Killing polyhedral models! La Notte dei Vecchi Videogiochi n. 4', '<a href=\'http://www.progettohmr.it/MSC/#NVV\'>NVV speciale 1st AIRO e-sport</a> al Museo degli Strumenti per il Calcolo', 'Torna la NVV in un\'edizione speciale in occasione della Conferenza dell\'Associazione Italiana di Ricerca Operativa. Speciale anche per la formula del torneo: per la prima volta una NVV su un FPS, con confronti diretti e a squadre! Fra gli scopi di AIRO c\'&egrave; anche far conoscere al pubblico la ricerca operativa. Quindi, per participare a questa NVV &egrave; richiesta una prova d\'accesso: dovrete mostrare un sincero interesse impegnandovi a \"motivare, ancorch&eacute; in modo arbitrariamente fantasioso, di avere una qualsivoglia relazione con la conferenza\" :)', 'si');
INSERT INTO `cronos` (`IdCr`, `Date`, `Title`, `Subtitle`, `Text`, `Visible`) VALUES
(114, '2015-09-25', 'Computers for the masses', '<a href=\'http://www.progettohmr.it/ComputersForTheMasses/\'>Mostra</a> al Museo Tecnico Navale della Spezia', 'La mostra &egrave;, letteralmente, sorella dell\'allestimento permanente <a href=\"http://www.progettohmr.it/Cronologia/#2013-AritPC\">Dall\'Aritmometro al PC</a> del <a href=\"http://www.progettohmr.it/MSC/\">Museo per gli Strumenti per il Calcolo</a>: racconta una storia di calcolatrici e calcolatori, macchine personali, digitali, meccaniche e decimali prima, elettroniche e binarie poi. La storia &egrave; la stessa, ma i protagonisti sono diversi: i due percorsi non si sovrappongono anzi si completano a vicenda. &Egrave; un modo per sottolineare la ricchezza, della storia dell\'informatica, anche quando esplorata solo in un suo particolare capitolo, quello appunto delle macchine personali. La mostra, inaugurata per la Notte dei Ricercatori sar&agrave; aperta fino al 10 gennaio 2015.', 'si'),
(116, '2017-12-01', 'Coltano: l’<em>Atlantide</em> delle radiocomunicazioni', '<a HREF=\'http://www.progettohmr.it/Eventi/#2017i-STI-Giannetti\'>Seminario</a> invitato al corso di <a HREF=\'http://progettohmr.it/Corso\'>Storia dell’Informatica</a>, Pisa', 'A Coltano, fra Pisa e Livorno, Marconi costru&igrave; prima stazione radio intercontinentale d&rsquo;Italia. Quando fu inaugurata nel 1911 era considerata la pi&ugrave; potente al mondo. Nella tradizione di HMR e del corso di STI, il seminario fa conoscere un altro notevole episodio di storia tecnologica locale.', 'si'),
(117, '2017-10-27', 'Creare contatti: raccontare sul luogo', ' <a HREF=\'http://www.progettohmr.it/Documentazione/?id=2017s-ANMS1\'>Intervento</a> a <em>Il museo e i suoi contatti - XXVII Congresso ANMS</em>, Genova', 'Al congresso dell&rsquo;Associazione Nazionale dei Musei Scientifici, quest&rsquo;anno parte delle manifestazioni del Festival della Scienza di Genova, HMR racconta l&rsquo;installazione che, a Palazzo Matteucci, segna e ricorda i luoghi precisi dove furono costruite le Calcolatrici Elettroniche Pisane.', 'si'),
(118, '2017-12-18', 'ComPVter: non solo retrocomputing', '<a HREF=\'http://www.progettohmr.it/Eventi/#2017i-STI-Baldi\'>Seminario</a> invitato al corso di <a HREF=\'http://progettohmr.it/Corso\'>Storia dell’Informatica</a>, Pisa', 'ComPVter &egrave; un&rsquo;associazione culturale di Pavia. Il retrocomputing e il collezionismo sono un punto di partenza per fare diffusione della cultura scientifica e tecnologica. A raccontare al corso di STI la storia e le esperienze dell&rsquo;associazione viene Dino Baldi, che di ComPVter &egrave; presidente.', 'si'),
(136, '2017-09-25', 'Inizio del corso di Storia dell’Informatica 2017/2018', 'Corso di Laurea in Informatica Umanistica, Università di Pisa', 'Il <a href=\"https://ProgettoHMR.it/Corso/2017-18/\">corso di STI</a> si avvia alla sua terza edizione. Nel corso delle lezioni anche quest&rsquo;anno vedremo una lettura storica dello sviluppo dell&rsquo;informatica come scienza, come tecnologia e come industria. Dedicheremo approfondimenti particolari a temi obbligatori (Turing, ormai un&rsquo;icona pop) e ai capitoli nazionali (Milano, Roma, Olivetti) e pisani (le due CEP). Toccheremo i metodi di indagine storico-tecnologica, i princip&icirc; di cura e di esposizione del patrimonio (hardware e software), i criteri per la diffusione a pubblici diversi.&nbsp; La novit&agrave; di quest&rsquo;anno &egrave; il progetto didattico su <a href=\"http://ProgettoHMR.it/OggiSTI/\">OggiSTI</a> l&rsquo;almanacco per raccontare cosa accadde oggi nella storia dell&rsquo;informatica. Come sempre, le lezioni sono aperte a tutti.', 'si'),
(184, '0000-00-00', 'Un anno di scavi ', '', 'Un altro anno passa a scavare negli <a href=\"../Documentazione/Archivio/\">archivi</a> e a studiare i documenti per recuperare le fonti necessarie a ricostruire la MR. Gli \"scavi\" hanno luogo soprattutto alla Biblioteca dell\'ISTI-CNR, grazie all\'interessamento di Piero Mestrini e alla collaborazione di Rosaria Deluca e Silvia Giannini. Per ritrovare, riconoscere, interpretare, comprendere e riordinare la documentazione &egrave; stato preziosissimo il contributo di Luciano Azzarelli, uno dei tecnici che concretamente realizz&ograve; la MR. Oltre all\'aiuto diretto, ci ha anche portato una quantit&agrave; di testimonianze di prima persona. Sempre grazie a Piero Maestrini riusciamo a coinvolgere altri testimoni dei fatti, Alfio Andronico e, soprattutto, Elio Fabri uno dei quattro progettisti della MR. Il suo coinvolgimento nella re-interpretazione degli schemi della MR &egrave; stato inestimabile. Grazie al suo archivio personale si sono anche potute colmare diverse lacune della documentazione', 'si'),
(186, '2017-11-16', 'Realizzazione di un chatbot per raccontare la storia dell’informatica', '<a HREF=\'http://www.progettohmr.it/Documentazione/?id=2017d-TesiAlanBot\'>Tesi</a> di laurea in Informatica Umanistica, Università di Pisa', 'Complimenti a Tiziano che ha conseguito la laurea triennale in Informatica Umanistica. Nel suo tirocinio ha studiato i chatbot, analizzando le diverse piattaforme che mettono a disposizione questo tipo di canale per interagire con il pubblico di Internet. Scelto Telegram come piattaforma pi&ugrave; idonea alle necessit&agrave; di HMR, con la sua tesi Tiziano ha realizzato Alan, il chatbot di HMR che chiacchiera di storia dell&rsquo;informatica. Alan costruisce la sua conoscenza analizzando con tecniche di Natural Language Processing la base dati di OggiSTI.', 'si'),
(188, '2018-02-05', 'HMR web è in linea', 'Il <em>big switch</em> è andato', 'Un dominio e un server propri per avere tutta la libert&agrave; di giocare con l&rsquo;informatica, le applicazioni, l&rsquo;integrazione con altri canali. La presenza web di HMR si rinnova: i contenuti rimangono, la grafica e la struttura sono rinfrescati. L&rsquo;infrastruttura &egrave; tutta nuova, sofisticata e ambiziosa: un CMS dedicato per gestire i contenuti e integrare le applicazioni esistenti (OggiSTI, AlanBot) e svilupparne di nuove. Il trasloco faceva paura, ma &egrave; andato bene!', 'si'),
(189, '2018-01-19', 'OggiSTI: +11 date sulla storia della robotica', 'Progetto didattico del corso di <a href=\"http://www.progettohmr.it/Corso\">Storia dell’Informatica</a>', 'Con il lavoro di Francesca, <a title=\"http://progettohmr.it/oggiSTI\" href=\"http://progettohmr.it/oggiSTI\">OggiSTI</a> si arricchisce di 11 date che ricordano la storia dei robot: <em>George</em>, <em>Olivetti SIGMA</em>, <em>Lunokhod</em>, i precursori dei temibili droni da combattimento... momenti, a volte importanti a volte solo curiosi, prima e dopo che robotica e informatica si incontrassero.', 'si'),
(190, '2018-02-09', 'OggiSTI: +12 date sulla storia dell’intelligenza artificiale', 'Progetto didattico del corso di <a href=\"http://progettohmr.it/Corso\">Storia dell’Informatica</a>', 'Secondo appello del corso e secondo progetto didattico che arriva a conclusione. Lucia ha aggiunto a <a title=\"http://progettohmr.it/oggiSTI\" href=\"http://progettohmr.it/oggiSTI\">OggiSTI</a> 12 date legate alla storia delle macchine (o dei programmi) che pensano (o che sembrano farlo), da <em>El Ajedrecista</em> a <em>Siri</em>, sfide importanti e successi commerciali.', 'si'),
(191, '2018-02-15', 'Comunicazione e progetti di ricerca: una soluzione CMS per HMR', '<a HREF=\'http://www.progettohmr.it/Documentazione/?id=2018d-TesiEL\'>Tesi</a> di laurea in Informatica Umanistica, Università di Pisa', 'Congratulazioni a Emanuele che oggi si &egrave; laureato. La sua tesi, seguita a un tirocinio curricolare, ha realizzato <em>EPICAC</em>, il CMS dedicato che gestisce queste pagine. Uno sviluppo interno, basato su poche tecnologie solide e controllato dal progetto, &egrave; stato preferito alla soluzione usale di legarsi a un prodotto esistente adattandosi alle funzionalit&agrave; offerte e dipendendo dalla sua evoluzione. La piattaforma &egrave; estendibile (ci sono gi&agrave; braccia fresche al lavoro) e si basa sul concetto di <em>avvenimento di progetto</em> come elemento sul quale EPICAC costruisce pi&ugrave; azioni di comunicazione.', 'si'),
(192, '2018-02-15', 'Le Calcolatrici Elettroniche Pisane, storia di un progetto', '<a HREF=\'http://www.progettohmr.it/Documentazione/?id=2018i-Rosignano\'>Intervento</a> al Rotary Club, Rosignano Solvay', 'Fra il 1954 e il 1961, a Pisa, si scrivevano le pagine di uno dei progetti fondanti dell&rsquo;informatica nazionale: il Progetto CEP che, fra gli altri, si distingue per essere riuscito a realizzare due macchine, le Calcolatrici Elettroniche Pisane, la prima delle quali &egrave; anche in assoluto il primo calcolatore made in Italy. L&rsquo;intervento alla Cena Conviviale del Rotary Club di Rosignano Solvay racconta la storia del progetto CEP soffermandosi sui retroscena recuperati attraverso un&rsquo;accurata indagine d&rsquo;archivo e una puntigliosa analisi tecnologica delle macchine. Le differenze fra la storia &ldquo;di copertina&rdquo; e la realt&agrave; dei risultati e delle tribolazioni per conseguirli sono spunto di riflessione sulle difficolt&agrave; della ricerca in Italia.', 'si'),
(201, '2018-03-17', 'HMR nelle scuole: Informatica e intelligence, Enigma e Bletchley Park', 'Lezione all’ITIS Galilei, Livorno', 'Dopo la didattica al museo e il corso di Storia dell&rsquo;Informatica all&rsquo;Universit&agrave;, HMR racconta nelle scuole. &Egrave; una soluzione pi&ugrave; efficiente: &egrave; pi&ugrave; facile spostare un docente che una classe, a maggior ragione quando la scuola &egrave; dotata di aule e laboratori bene attrezzati per svolgere le attivit&agrave;. Il debutto al Galilei di Livorno &egrave; un naturale proseguimento delle passate collaborazioni con le quali &egrave; stata messa a punto la formula delle <a href=\"../LezioniAlMuseo/\">Lezioni al Museo</a>. La prima lezione &egrave; un classico: il racconto, storicamente e tecnologicamente corretto, di una storia avvincente: l&rsquo;<a href=\"../TuringEnigma/\">Enigma</a> e l&rsquo;organizzazione, le idee, e le persone che la batterono durante la II Guerra Mondiale.', 'si'),
(202, '2018-04-20', 'Padroni di un sapere o consumatori di gadget? Sfide didattiche ad All About Apple', '<a HREF=\"http://progettoHMR.it/Documentazione/?id=2018s_Didamatica\">Articolo</a> a Didamatica 2018, Cesena 19-20 aprile', 'In collaborazione con All About Apple Museum di Savona, torniamo a Didamatica per confrontarci sulla didattica dell&rsquo;informatica e sul contributo che possono dare i Musei dedicati. L&rsquo;articolo discute come l&rsquo;informatica, scienza e disciplina di macchine universali, sia sempre pi&ugrave; un mercato di gadget specializzati per i quali la programmabilit&agrave; &egrave; un optional sempre pi&ugrave; complicato da ottenere. All About Apple &egrave; consapevole di questa contraddizione e, insieme ad HMR, sta progettando un&rsquo;offerta didattica mirata a proporre ai ragazzi l&rsquo;informatica nella sua dimensione di strumento per progettazione e costruire applicazioni &ndash; non solo per usarle.', 'si'),
(203, '2018-04-06', 'Storia dell’Informatica a Vicoretrò - I appuntamento', 'Incontro a Vicoretrò - informatica e storia, termini e concetti, Vicopisano', 'Vicoretr&ograve; ospita un ciclo di chiacchierate tratte dal <a href=\"../../Corso\">corso di STI</a>; principalmente dedicate ai membri dell&rsquo;associazione, sono aperte a tutto il pubblico. La prima &ldquo;lezione&rdquo; &egrave; dedicata ad alcuni termini di uso comune (analogico, digitale, calcolatrice, calcolatore,,.) la cui storia ci aiuta a comprenderne i veri significati e a capire il loro ruolo come attributi di macchine che appartengono alla storia dell\'informatica.', 'si'),
(204, '2018-05-07', 'Storia dell’Informatica a Vicoretrò - II appuntamento', 'Incontro a Vicoretrò - verso il calcolatore, i tanti prodromi di un’idea, Vicopisano  ', 'Continua a Vicoretr&ograve; il ciclo di chiacchierate tratte dal <a href=\"../../Corso\">corso di STI</a>. Con la seconda &ldquo;lezione&rdquo; si cercano tracce di informatica nell&rsquo;antichit&agrave; seguendo vari metodi per trattare le informazioni. Parleremo delle codifiche alfabetiche, usate per ricordare attraverso la scrittura, per nascondere con i primi cifrari e per trasmettere a distanza ri-codificando i simboli alfabetici in sequenze di segnali elettrici. Vedremo le codifiche, analogiche e digitali, per trattare valori numerici, fare calcoli e risolvere problemi. Arriveremo infine, con le intuizioni di Babbage, all&rsquo;idea di codificare i procedimenti di calcolo.', 'si'),
(205, '2019-02-22', 'Storia dell’Informatica a Vicoretrò', 'Terzo appuntamento: le meccaniche, da Pascal e Leibniz alla Curta', 'Appuntamento a Vicoretr&ograve; per il ciclo di chiacchierate tratte dal <a href=\"../../Corso\">corso di STI</a>. Il terzo capitolo racconta del calcolo digitale meccanico. Le origini sono antiche: dai Greci a Vitruvio (ripreso poi da Leonardo) e non mancano, ovviamente, i Cinesi. Poi con Pascal e Leibniz si comincia a fare sul serio: a fine 1600 la tecnologia &egrave; a punto. Bisogner&agrave; per&ograve; attendere la met&agrave; del 1800 perch&eacute; diventi un prodotto. Dopo, le calcolatrici meccaniche prospereranno per oltre un secolo e, nelle abili mani dei calcolatori, faranno da volano allo sviluppo economico e industriale.', 'si'),
(206, '2018-05-26', 'Da Galileo all&rsquo;iPad, il mercato del calcolo personale', '<a HREF=\"http://www.progettohmr.it/Documentazione/?id=2018i-AAAGalileo\">Lezione</a> all&rsquo;All About Apple Museum (e prima gita HMR!), Savona', 'Le <a href=\"../../Documentazione/?id=2017s-MuSc17\">lezioni al museo</a> sono un&rsquo;idea di HMR sperimentata e collaudata da tempo. La collezione e l&rsquo;esposizione dell&rsquo;All About Apple Museum sono ottimi spunti per altre lezioni sull&rsquo;informatica e la sua storia. Questa &egrave; la prima ed &egrave; anche parte di un progetto per formare animatori museali sulla storia dell&rsquo;informatica.<br />L&rsquo;informatica &egrave; una presenza palese del nostro quotidiano ed &egrave; personale: smartphone e tablet sono, come orologi e borse, nuovi accessori; le applicazioni pi&ugrave; usate nel lavoro d&rsquo;ufficio si dicono di pro&shy;duttivit&agrave; personale.<br />La lezione al Museo toccando scienza, tec&shy;nologia, industria e mercato incrocia la storia del calcolo automatico (l&rsquo;informatica) con quella della Apple, la firma che, pi&ugrave; di ogni altra, &egrave; <em>marchio</em>.', 'si'),
(207, '2018-06-22', 'POP NO STOP', 'La <a href=\"http://www.progettohmr.it/NVV2018\">Notte dei Vecchi Videogiochi 2018</a>, Circolo ARCI Alhambra', 'In collaborazione con Vicoretr&ograve; e ospitati dal Circolo ARCI Alhambra torna l&rsquo;annuale appuntamento con la Notte dei Vecchi Videogiochi. Per la settima edizione del torneo su videogiochi d&rsquo;epoca proposto da HMR il dr. Monge ha scelto <em>Puzzle Bobble</em> su <em>Super NES</em>. La sfida &egrave; lanciata, la partecipazione gratuita e i premi ricchi ed esclusivi.<br /> Fatevi sotto e vinca il migliore!', 'si'),
(208, '2018-06-12', 'Raccontare la storia dell’informatica giorno per giorno', '<a href=\"http://www.progettohmr.it/Documentazione/?id=2018s-AIPH\">Intervento</a> alla II Conferenza Italiana di Public History, Pisa', 'HMR &egrave; (anche) un progetto di comunicazione impegnato a narrare la storia dell&rsquo;informatica senza le semplificazioni, le esagerazioni e i personaggi mito tipici del giornalismo e della saggistica di cassetta. Con questi obiettivi &egrave; nato <a href=\"http://progettohmr.it/OggiSTI/\">OggiSTI</a>, una narrazione della storia dell&rsquo;informatica per eventi quotidiani. L&rsquo;espediente dell&rsquo;almanacco &egrave; usato per approfittare della curiosit&agrave; per ci&ograve; che &ldquo;accadde oggi&rdquo; e raccontare correttamente pezzi di storia di scienza e tecnologia.<br />Alla II conferenza italiana di Public History presentiamo l&rsquo;idea e le prime esperienze raccolte con gli studenti del <a href=\"http://www.progettohmr.it/Corso\">corso di STI</a> coinvolti nella redazione degli eventi.', 'si'),
(209, '2018-06-11', 'HMR alla conquista dei social!', 'Aperta la <a href=\"http://www.facebook.com/progettoHMR\" target=\"_blank\">pagina Facebook</a> del progetto', 'Per tanti anni la presenza su internet di HMR si &egrave; limitata alla pagina web. Non che si ignorassero i social network e l&rsquo;importanza che hanno per un progetto che, fra i suoi obiettivi, ha anche quello di raccontare la storia dell&rsquo;informatica a un pubblico pi&ugrave; ampio possibile. Semplicemente non c&rsquo;erano le risorse per curare come si deve anche questi canali di comunicazione. Oggi la pagina Facebook di HMR &egrave; stata finalmente inaugurata. La cura Viola Bongini come parte della sua tesi: un esperimento per valutare quanto i social possano aiutare la diffusione della storia della tecnologia e della cultura scientifica. In bocca al lupo a Viola per il suo lavoro e, se non lo avete gi&agrave; fatto, correte a mettere mi piace!', 'si'),
(210, '2018-07-21', 'Storie oltre la mela @ All About Apple - I appuntamento', '<a HREF=\"http://progettohmr.it/OltreLaMela\">Incontri</a> all’AAA Museum per raccontar di storia dell’informatica, Savona', 'L&rsquo;AAA Museum &egrave; dedicato a un particolare capitolo della storia dell&rsquo;informatica: il contributo della casa di Cupertino allo sviluppo dell\'informatica personale.Come ogni capitolo, &egrave; parte di una storia pi&ugrave; ampia. <br />All&rsquo;AAA Museum quest&rsquo;estate HMR racconter&agrave; storie dell&rsquo;informatica <em>oltre la mela</em>.<br />Il primo incontro &egrave; dedicato a fare ordine fra i termini. Parleremo poi di codifiche: simboli per trattare informazioni e macchine per manipolare simboli, l&rsquo;idea di calcolatore nasce cos&igrave;. I primi simboli a essere trattati sono le cifre e le prime macchine digitali sono meccaniche.', 'si'),
(211, '2018-09-20', 'Discovering Eastern European PCs by hacking them. Today', '<a HREF=\'http://www.progettohmr.it/Documentazione/?id=2018s-HCEE\'>Intervento</a> a Histories of Computing in Eastern Europe, IFIP World Congress, Poznań', 'Dopo Londra 2012 e New York 2016, HMR &egrave; di nuovo alla conferenza del WG 9.7, il gruppo dell&rsquo;<em>International Federation for Information Processing</em> che si occupa di storia dell&rsquo;informatica. Quest&rsquo;anno siamo a Poznań, in Polonia, e il convegno &egrave; dedicato all&rsquo;informatica oltrecortina. Noi presentiamo un lavoro sui PC dei paesi dell&rsquo;Est Europa in pieno stile HMR, cio&egrave; hackerare macchine e programmi per approfondirne la storia. In questo caso scopriamo le origini degli interpreti BASIC usati nei paesi del blocco sovietico. In una <a href=\"http://progettoHMR.it/8BitHacking/\">pagina dedicata</a> stiamo raccogliendo un po&rsquo; di materiale di approfondimento rispetto a quanto presentato alla conferenza.', 'si'),
(212, '2018-08-04', 'Storie oltre la mela @ All About Apple - II appuntamento', '<a HREF=\"http://progettohmr.it/OltreLaMela\">Incontri</a> all’AAA Museum per raccontar di storia dell’informatica, Savona', 'Di nuovo a Savona ospiti di All About Apple per continuare le nostre conversazioni di storia dell&rsquo;informatica. Questa volta parleremo del calcolatore: la macchina universale - e scusate se &egrave; poco. Arrivarci non &egrave; stato facile: per un po&rsquo; neanche era chiaro cosa fosse una macchina universale. Poi, quasi contemporaneamente, se ne identifica bene l&rsquo;idea teorica e diventano mature le tecnologie per realizzarla in pratica. A causa degli ingombri della prima elettronica i calcolatori nacquero aziendali. Passando dalle valvole ai transistor, poi agli integrati e infine ai microprocessori, le dimensioni e gli standard hanno reso il calcolatore un oggetto personale declinato in vari gadget, ma sempre macchina universale.', 'si'),
(214, '2018-10-13', 'L&rsquo;archivio di Giorgio', 'Intervento a &ldquo;I ragazzi che scalarono il futuro&rdquo;, presentazione del romanzo di Maurizio Gazzarri', 'In occasione della presentazione del libro, annunciamo un nuovo esperimento di comunicazione della storia dell&rsquo;informatica: l&rsquo;<a href=\"http://progettohmr.it/ArchivioDiGiorgio/\">archivio di&nbsp; Giorgio</a>. Il protagonista del romanzo di Maurizio Gazzarri nel tempo ha raccolto copie di documenti del CSCE e dell&rsquo;Olivetti, foto, appunti e considerazioni personali. <br />Li stiamo pubblicando sulle pagine web&nbsp; di HMR.', 'si'),
(215, '2018-09-24', 'Inizio del corso di Storia dell’Informatica 2018/2019', 'Corso di Laurea in Informatica Umanistica, Università di Pisa', 'Ricomincia il <a href=\"http://ProgettoHMR.it/Corso/\">corso di STI</a>. Il programma &egrave; ormai consolidato, una lettura storica dello sviluppo dell\'informatica come scienza, come tecnologia e come industria, approfondimenti particolari sono dedicati a temi obbligatori (Turing, ormai un&rsquo;icona pop) e ai capitoli nazionali (Milano, Roma, Olivetti) e pisani (le due CEP). Fra le righe: i metodi di indagine storico-tecnologica, i princip&icirc; di cura e di esposizione del patrimonio (hardware e software), i criteri per la diffusione a pubblici diversi.&nbsp; La novit&agrave; di quest&rsquo;anno &egrave; il progetto didattico su <a href=\"http://ProgettoHMR.it/OggiSTI/\">OggiSTI</a> obbligatorio, un&rsquo;opportunit&agrave; per partecipare alla ricerca di HMR e realizzare qualcosa di proprio. Come sempre, le lezioni sono aperte a tutti.', 'si'),
(216, '0000-00-00', '24-26 ottobre - Oltre la Mela: competenze per valorizzare un patrimonio particolare', '<a HREF=\"http://ProgettoHMR.it/Documentazione/?id=2018s-ANMS\">Intervento</a> a I Musei scientifici nell’anno europeo del patrimonio - XXXVIII Congresso ANMS, Vicenza', 'Torniamo al congresso annuale dell&rsquo;Associazione Nazionale dei Musei Scientifici per presentare un progetto di formazione in collaborazione con All About Apple. Il marchio della mela &egrave; impegnativo: raccontarlo correttamente sfuggendo alla tentazione di assecondare le schiere di fan acritici richiede competenze. Gli incontri di <a href=\"https://ProgettoHMR.it/OltreLaMela/\">Storie oltre la mela</a> sono serviti a completare le conoscenze dei soci AAA impegnati nelle attivit&agrave; di direzione, conservazione e cura del Museo. Il prossimo passo &egrave; realizzare un corso di formazione specifico per animatore didattico sull&rsquo;informatica e la sua storia.', 'si'),
(217, '2018-11-21', 'L’informatica dell’Apollo 11 riprodotta in casa', 'Seminario invitato al corso di <a HREF=\"http://ProgettoHMR.it/Corso/2018-19\">Storia dell’Informatica</a>, Pisa', 'Ricostruire, pi&ugrave; o meno virtualmente, l&rsquo;informatica del passato non &egrave; un passatempo da nerd: &egrave; un modo per raccontarla e per comprenderla meglio. La seconda macchina alle differenze costruita dal Museo delle Scienze di Londra o, nel nostro piccolo, il simulatore della prima Calcolatrice Elettronica Pisana sono testimoni di metodi di archeologia sperimentale applicati alla storia dell&rsquo;informatica.<br /> Marco Fanciulli ci racconta come sta ricostruendo l&rsquo;Apollo Guidance Computer e il pannello di controllo che usavano gli astronauti delle missioni Apollo. Oltre alla storia e alle caratteristiche tecniche di base dell&rsquo;AGC, sono presentati lo scopo del progetto di ricostruzione e i metodi applicati, dalla raccolta della documentazione, alla pianificazione del lavoro e alla prototipazione a basso costo. Infine, per potere avere un&rsquo;idea di quello che sar&agrave; il risultato finale, &egrave; mostrato il modello 3D esplorabile tramite un visore VR.', 'si'),
(218, '2018-11-28', 'Tutti pazzi per Apple!', 'Seminario invitato al corso di <a HREF=\"http://ProgettoHMR.it/Corso/2018-19\">Storia dell’Informatica</a>, Pisa', 'Una collezione implica responsabilit&agrave; ben diverse se chi la possiede &egrave; un collezionista o un museo. Nel secondo caso &egrave; un patrimonio da valorizzare restituendo al pubblico la storia di cui &egrave; testimone: un impegno mica da poco.<br />Alessio Ferraro ci racconta la storia di un gruppo di pazzi (definizione loro) di Savona che, trovandosi in mano una formidabile collezione di pezzi Apple, invece di seguire la strada facile e limitarsi a godersela da collezionisti, hanno voluto mettere in piedi un museo e ci sono riusciti! L&rsquo;<a href=\"http://www.allaboutapple.com\" target=\"_blank\" rel=\"noopener\">All About Apple Museum</a> ha gi&agrave; invitato HMR, anche <a href=\"http://ProgettoHMR.it/OltreLaMela/\" target=\"_blank\" rel=\"noopener\">recentemente</a>; siamo pi&ugrave; che felici di ricambiare.', 'si'),
(219, '2018-12-03', 'Storia dell’informatica e narrativa s’incontrano', 'Intervento alla presentazione di “I ragazzi che scalarono il futuro” a Vicoretrò', 'Il romanzo di Maurizio Gazzarri racconta dei primi calcolatori elettronici italiani realizzati a Pisa, all&rsquo;Universit&agrave; e all&rsquo;Olivetti. Non &egrave; la prima volta che la storia si incontra con la fantasia. Spesso per&ograve; le esigenze della narrazione cambiano la storia raccontata: &egrave; una licenza che agli autori &egrave; doverosamente concessa, ma pu&ograve; disorientare il pubblico. Il libro di Maurizio Gazzarri &egrave; basato su un&rsquo;accurata ricerca storica, quanto &egrave; inventato non solo &egrave; plausibile, ma &egrave; riconoscibile: come in un restauro differenziato completa la storia e aiuta a interpretarla.<br />Dopo il romanzo la storia, sia quella di fantasia che quella vera, continua sulle pagine di HMR con l&rsquo;<a href=\"http://ProgettoHMR.it/ArchivioDiGiorgio/\">Archivio di Giorgio</a>: un esperimento di comunicazione, che sfrutta un personaggio di fantasia per dar voce agli storici e alla ricostruzione dei fatti tramite l&rsquo;analisi e il confronto delle fonti.', 'si'),
(220, '2019-01-25', 'Storia dell’informatica: metodi e strumenti per raccontarla da informatici', '<a HREF=\"http://www.progettohmr.it/Documentazione/?id=2019s-AIUCD\">Intervento</a> alla Conferenza AIUCD 2019, Udine', 'HMR usa molta informatica per capire bene le marlecchine del passato e anche per ricostruirle. HMR racconta anche la storia dell&rsquo;informatica cercando di coinvolgere il grande pubblico altrimenti esposto alle vulgate che mostrano una disciplina scientifica come un hobby per nerd. Anche in questa missione &egrave; contemplato l&rsquo;uso dell&rsquo;informatica. Alla conferenza AIUCD presentiamo le iniziative per razionalizzare la presenza di HMR su internet e l&rsquo;uso di web e social network come ulteriori canali per perseguire una comunicazione corretta della storia dell&rsquo;informatica, temi sui quali, nelle loro tesi hanno lavorato Emanuele Lenzi, Nicol&ograve; Pratelli e Viola Bongini.', 'si'),
(221, '2019-02-14', 'Facebook come testata: linee guida redazionali per un progetto di ricerca in storia dell’informatica', '<a HREF=\"http://www.progettohmr.it/Documentazione/?id=2019d-TesiBongini\">Relazione</a> di laurea in Informatica Umanistica, Università di Pisa', 'Complimenti a Viola che si &egrave; laureata oggi. Con il suo lavoro a iniziato a portare HMR su <a href=\"http://www.facebook.com/progettoHMR/\" target=\"_blank\" rel=\"noopener\">Facebook</a>. La pagina &egrave; attiva da giugno 2018 (non avete ancora messo mi piace?), l&rsquo;obiettivo &egrave; farla diventare la &ldquo;testata&rdquo; di HMR riprendendo l&rsquo;esperimento di racconto della storia dell&rsquo;informatica iniziato qualche anno fa con le <a href=\"http://progettoHMR.it/PaginaQ/\" target=\"_blank\" rel=\"noopener\">Quattro chiacchiere sul calcolo senza fare i conti</a> su PaginaQ. Viola ha integrato <a href=\"http://progettoHMR.it/OggiSTI/\" target=\"_blank\" rel=\"noopener\">OggiSTI</a> con Facebook e distillato le linee guida redazionali per postare sulla pagina seguendo uno stile uniforme e controllando l&rsquo;accuratezza dei contenuti.', 'si'),
(222, '2019-02-15', 'OggiSTI: 25 nuove date', 'Progetti didattici del corso di <a HREF=\"../Corso/2018-19\">Storia dell’Informatica</a>', 'Da quest&rsquo;anno il corso di STI prevede un progetto didattico obbligatorio: la redazione di un certo numero di date su <a href=\"http://ProgettoHMR.it/OggiSTI/\">OggiSTI</a>, l&rsquo;almanacco di HMR che racconta cosa <em>accadde oggi</em> nella storia dell&rsquo;informatica.<br />Con la fine della sessione invernale di esami sono stati pubblicati (in ordine di esame) i progetti di Letizia Ricci, Sofia Montagna, Arianna Melchiorri e Andrea Mattei. Congratulazioni per il loro lavoro e grazie per il contributo a OggiSTI.', 'si'),
(223, '2019-03-22', 'Storia dell’Informatica a Vicoretrò', 'Quarto appuntamento: i precursori, né calcolatrici né calcolatori', 'Ancora a Vicoretr&ograve; per un&rsquo;altra serata tratta dalle lezioni del <a href=\"http://ProgettoHMR.it/Corso/\">corso di STI</a>. Questa volta protagoniste sono le macchine che non si possono pi&ugrave; chiamare solo &ldquo;calcolatrici&rdquo; perch&eacute; sono capaci di svolgere procedimenti pi&ugrave; complessi delle quattro operazioni, ma che ancora non sono universali, quindi neanche si possono dire &ldquo;calcolatori&rdquo;. Interessanti di per s&eacute;, dalla fine del 1800 hanno sperimentato tecnologie (schede, rel&eacute;, valvole) e introdotto idee (connessioni geografiche) che di diritto le rendono precursori di quella che poi sar&agrave; l&rsquo;informatica che conosciamo. Approfitteremo anche per parlare di alcune soluzioni analogiche che ebbero i loro momenti di gloria prima del digitale.', 'si'),
(224, '2019-02-26', 'La nascita dell’informatica italiana all’IIS “Da Vinci - Fascetti”', 'Presentazione de “I ragazzi che scalarono il futuro”', 'Organizzato dalla prof. Raffaella Pretini, l&rsquo;incontro con le classi quarte e quinte dell&rsquo;Istituto di Istruzione Superiore pisano &egrave; stato un&rsquo;occasione per presentare il libro dedicato all&rsquo;inizio dell&rsquo;avventura informatica italiana e ambientato a Pisa nella seconda met&agrave; degli anni &rsquo;50. Ma anche per parlare di realt&agrave; virtuale e aumentata.<br />Virtuale perch&eacute;, senza troppe tecnologie di mezzo, il romanzo storico da sempre porta il lettore dentro alla ricostruzione di una realt&agrave;. Aumentata perch&eacute;, con l&rsquo;<a href=\"http://ProgettoHMR.it/ArchivioDiGiorgio/\">Archivio di Giorgio</a>, il lettore ha a disposizione altri strumenti di approfondimento: le fonti storiche (ovviamente), il glossario (che attraverso l&rsquo;evoluzione della terminologia spiega la genesi di una disciplina) e le riflessioni del protagonista (uno stratagemma per dar voce all&rsquo;interpretazione storica dei fatti).', 'si'),
(225, '2019-03-16', 'Giocare con “The Game”', 'La recensione del libro di Baricco in 10 post (e mezzo) su <a HREF=\"http://www.facebook.com/progettoHMR\" target=\"_blank\">Facebook</a>', 'Il libro di Baricco &egrave; una lettura piacevole, consigliabile. Anche per i suoi difetti. L&rsquo;autore ragiona a mente sciolta sulla rivoluzione digitale sostenendo alcune tesi. Alcune deboli, altre suggestive, quasi sempre capaci di cogliere ed evidenziare caratteristiche comuni a diverse facce del fenomeno. <br />Il limite del libro sono le inesattezze, molte ma interessanti comunque: rispecchiano il modo facilone e approssimativo con il quale l&rsquo;informatica viene presentata. Baricco &egrave; vittima e complice della &ldquo;verit&agrave; veloce&rdquo; che lui stesso discute nel libro: subisce un racconto semplificato e, con la sua bella prosa, contribuisce a diffonderlo. Fascinating!<br />I post: <a href=\"http://www.facebook.com/progettoHMR/photos/a.2029239467396749/2289896651331028/\" target=\"_blank\" rel=\"noopener\">1</a>, <a href=\"http://www.facebook.com/progettoHMR/photos/a.2029239467396749/2289911324662894/\" target=\"_blank\" rel=\"noopener\">2</a>, <a href=\"http://www.facebook.com/progettoHMR/photos/a.2029239467396749/2290286517958708/\" target=\"_blank\" rel=\"noopener\">3</a>, <a href=\"http://www.facebook.com/progettoHMR/photos/a.2029239467396749/2290872981233395/\" target=\"_blank\" rel=\"noopener\">4</a>, <a href=\"http://www.facebook.com/progettoHMR/photos/a.2029239467396749/2290959514558075/\" target=\"_blank\" rel=\"noopener\">4 e mezzo</a>, <a href=\"http://www.facebook.com/progettoHMR/photos/a.2029239467396749/2291061331214560/\" target=\"_blank\" rel=\"noopener\">5</a>, <a href=\"http://www.facebook.com/progettoHMR/photos/a.2029239467396749/2291107644543262/\" target=\"_blank\" rel=\"noopener\">6</a>, <a href=\"http://www.facebook.com/progettoHMR/photos/a.2029239467396749/2291792144474812/\" target=\"_blank\" rel=\"noopener\">7</a>, <a href=\"http://www.facebook.com/progettoHMR/photos/a.2029239467396749/2291817154472311/\" target=\"_blank\" rel=\"noopener\">8</a>, <a href=\"http://www.facebook.com/progettoHMR/photos/a.2029239467396749/2292446787742681/\" target=\"_blank\" rel=\"noopener\">9</a>, <a href=\"http://www.facebook.com/progettoHMR/photos/a.2029239467396749/2292450944408932/\" target=\"_blank\" rel=\"noopener\">10</a>.', 'si'),
(226, '2019-03-23', 'The Imagination Game: riflessioni sulla narrazione della storia dell’informatica', '<a href=\"http://progettohmr.it/Documentazione/?id=2019i-Bertinoro\">Intervento</a> all’Accademia Giovani per la Scienza, 1° Campus residenziale, Bertinoro', 'Ospitata dal Centro Residenziale Universitario e organizzata della Fondazione CRPT, l&rsquo;Accademia offre a una quarantina di ragazzi e ragazze delle scuole superiori di Pistoia e dintorni una tre giorni di seminari a tema scientifico.<br />HMR &egrave; stato invitato a parlare di Turing e dell&rsquo;Enigma ragionando su come storia e tecnologia possano diventare - con qualche licenza - narrazione da intrattenimento.', 'si'),
(227, '2019-03-29', 'Videogiochi, una definizione in prospettiva storica', '<a HREF=\"http://www.progettohmr.it/Documentazione/?id=2019i-GameDesign\">Lezione</a> al corso di Game Design, Circolo Alhambra, Pisa', 'Invitati dal Dr. Monge, al secolo Tommaso Mongelli, organizzatore e docente del corso (nonch&eacute; socio di tutte le Notti dei Vecchi Videogiochi), faremo una chiacchierata sui vecchi videogiochi provando a darne una definizione che ne catturi la portata nel contesto della &ldquo;rivoluzione digitale&rdquo;.<br />I videogiochi veri, dopo le prime macchine dedicate, sono programmi. La macchina universale, la singolarit&agrave; della rivoluzione digitale, nel mondo dei videogiochi &egrave; solo il foglio bianco su cui scrivere storie di una nuova forma di narrativa.', 'si'),
(228, '2019-04-04', 'Fra sogni e fisica, idee e calcoli che ci han portato sulla Luna', '<a HREF=\"http://progettohmr.it/Documentazione/?id=2019i-STIVicoLuna\">Fuori programma</a> alle serate di Storia dell’Informatica a Vicoretrò', 'Una chiacchierata fuori dal programma tratto dalle lezioni del corso di STI. Ad andare sulla Luna, nei secoli, ci hanno pensato in molti, ma per tanto tempo viaggiando parecchio di fantasia. Si comincia perci&ograve; con un tributo a poeti, scrittori e visionari. Poi la fisica ha cominciato a scoprire le regole del gioco e vedremo quali sono e come, davvero, si arriva sulla Luna. La fisica porta anche i calcoli, parecchi: di questi parleremo e dei calcolatori che aiutarono a risolverli - tranne uno, l&rsquo;AGC, sul quale lasciamo volentieri la parola alla prossima serata di Marco Fanculli.', 'si'),
(229, '2019-04-18', 'Storia dell’Informatica a Vicoretrò', 'Quinto appuntamento: i calcolatori, dai primi a quelli super', 'Finalmente i calcolatori! Negli incontri a Vicoretr&ograve; tratti dalle lezioni del <a href=\"http://ProgettoHMR.it/Corso/\">corso di STI</a> ci arriviamo al quinto appuntamento, d&rsquo;altra parte quella dell&rsquo;informatica &egrave; una lunga storia. I calcolatori, le macchine universali: diremo cosa sono e come sono fatti, poi chi ha cominciato a costruirli. Gli storici non dovrebbero badare al &ldquo;primo&rdquo;, ci pensa il Guiness ed &egrave; sufficiente, ma per curiosit&agrave; discuteremo anche questo aspetto. Velocemente poi vedremo cosa &egrave; successo dopo i primi.', 'si'),
(230, '0000-00-00', 'L’insegnamento e l’apprendimento nell’era del personal computer', 'Tavola rotonda al Vintage Computer Festival, Roma 27 aprile', 'HMR torna a un VCF. Nel 2012 a <a href=\"http://www.progettohmr.it/Cronologia/?id=2012d-VCFE13\">Monaco</a> avevamo portato la replica dell&rsquo;addizionatore della I CEP. Questa volta a Roma, alla seconda edizione del capitolo italiano del VCF HMR partecipa a una tavola rotonda sulla didattica dell&rsquo;informatica. Moderati da Corrado Giustozzi, un&rsquo;icona del nostro giornalismo informatico, parleranno di insegnamento e apprendimento Giovanni Cignoni, Antonio Fini, Mario Pireddu e Alessandra Rucci. Una domanda che porremo &egrave;: ma siamo ancora nell&rsquo;era del personal computer, cio&egrave; della macchina universale domestica che, appena la accendi, la puoi programmare?', 'si'),
(231, '2019-05-16', 'Narrativa storica: un esempio molto particolare di realtà virtuale e aumentata', '<a HREF=\"http://progettoHMR.it/Documentazione/?id=2019s_Didamatica\">Articolo</a> a Didamatica 2019, Reggio Calabria 16-17 maggio', 'A Didamatica andiamo a raccontare dell&rsquo;<a href=\"http://progettoHMR.it/ArchivioDiGiorgio/\" target=\"_blank\" rel=\"noopener\">Archivio di Giorgio</a> e dell&rsquo;esperimento di comunicazione realizzato insieme all&rsquo;autore de &ldquo;I ragazzi che scalarono il futuro&rdquo;. Nella narrativa, ma anche in certi saggi, documentari e articoli di giornale, l&rsquo;informatica e la sua storia sono spesso trattate in modo approssimativo, esagerando, semplificando, esaltando personaggi e risultati, ma tralasciando il contesto. In nome dello &ldquo;storytelling&rdquo; si fa cattiva diffusione della cultura scientifica &ndash; che, proprio in quanto tale, dovrebbe abituare alla precisione. <br />L&rsquo;articolo presenta invece un esempio di comunicazione corretta, accessibile e coinvolgente della storia dell&rsquo;informatica basato su una soluzione sui generis di realt&agrave; virtuale e aumentata: un romanzo e una pagina web accompagnano il lettore dentro la ricostruzione di una bella vicenda italiana.', 'si'),
(232, '2019-06-03', 'La seconda CEP, da Pisa a Parigi', '<a HREF=\"http://www.progettohmr.it/Documentazione/?id=2019d-PisaParigi\">Quando il successo di un esempio diventa un problema</a>', 'Sulla Nazione &egrave; uscito un articolo che ricorda la seconda CEP e cita un esempio per illustrare in un modo curioso i progressi delle tecnologie di memoria. L&rsquo;esempio &egrave; made in HMR e spesso &egrave; riportato in maniera incompleta o inesatta. Ecco tutti i dettagli per comprenderlo bene anche quando &egrave; riportato cos&igrave; cos&igrave;.', 'si'),
(233, '2019-06-05', 'Verità veloci e storia dell’informatica', '<a HREF=\"http://progettoHMR.it/Documentazione/?id=2019s_ConfGARR\">Intervento</a> a ConfGARR 2019, Torino', '&ldquo;The Game&rdquo;, il libro di Alessandro Baricco, &egrave; di spunto per alcune riflessioni sulla percezione e sulla narrazione dell&rsquo;informatica. Il saggio &egrave; una lettura piacevole, tuttavia, un esame attento rivela diversi errori e la serie che si trova alle pp. 23-24 &egrave; un bel caso di studio, interessante perch&eacute; gli errori non sono di Baricco.<br />Sono una summa del racconto grossolano dell&rsquo;informatica che, tranne poche eccezioni, prospera in narrativa, giornali, documentari, pure testi scolastici. Lo storytelling disinvolto &egrave; una soluzione facile per chi vuole conquistare il pubblico, ma in realt&agrave;, con un po\' di impegno, si pu&ograve; interessare senza falsare la realt&agrave;. HMR ci prova da sempre.', 'si'),
(234, '2019-07-20', 'AAAllunati!', '<a href=\"http://progettohmr.it/Documentazione/?id=2019i_AAAllunati\">Interventi</a> all’All About Apple Museum per il 50° dell’allunaggio', 'Dalle idee di fantasia degli antichi alle formule della fisica che governano le manovre spaziali, quanti calcoli servono per andare sulla Luna e tornare sani e salvi? Tanti!<br />Soddisfatta la prima curiosit&agrave; nasce subito la seconda: quante macchine contribuirono a risolverli nella preparazione e durante lo svolgimento della missione Apollo 11? Tante!<br />Ne parliamo in dettaglio in occasione della notte speciale all&rsquo;All About Apple Museum portando una versione rivista e ampliata (anzi raddoppiata) di uno dei cavalli di battaglia della ricerca storica di HMR.', 'si'),
(237, '2019-09-24', 'Inizio del corso di Storia dell’Informatica 2019/20', 'Corso di Laurea in Informatica Umanistica, Università di Pisa', 'Al via il <a href=\"../Corso/\">corso di STI</a> che festeggia il suo quinto anno. In precedenza la storia dell&rsquo;informatica all&rsquo;Universit&agrave; di Pisa era stata insegnata solo fra il 2007 e il 2009 grazie a un finanziamento dedicato di AICA.<br /> L&rsquo;iniziativa di AICA fu fortemente voluta e organizzata da Corrado Bonfanti, uno dei pionieri della storia dell&rsquo;informatica in Italia. Corrado ci ha lasciati il 30 agosto scorso: approfittiamo dell&rsquo;inizio del corso per ricordarlo con affetto e riconoscenza.', 'si'),
(238, '2019-08-31', 'Due in uno :)', 'Su Museologia Scientifica Memorie due articoli di HMR', 'Sono usciti gli atti del XXVII Congresso dell&rsquo;Associazione Nazionale dei Musei Scientifici. A seguito dei due interventi che presentammo a Genova, sono stati pubblicati i rispettivi articoli estesi. Riguardano l&rsquo;installazione <a href=\"../Documentazione/?id=2019s_MuSc19b\">Pixel a 45 giri</a> realizzata alla Gipsoteca di Arte Antica e il racconto dei <a href=\"../Documentazione/?id=2019s_MuSc19a\">luoghi delle CEP</a> riscoperti e documentati a Palazzo Matteucci.', 'si'),
(239, '2019-09-12', 'OggiSTI: 18 nuove date', 'Progetti didattici del corso di <a HREF=\"../Corso/2018-19\">Storia dell’Informatica</a>', 'Conclusa la sessione estiva mettiamo agli atti altri tre progetti didattici degli studenti corso di STI 2018/19 (in ordine di arrivo): Vincenzo Pipitone, Gabriele Chierici e Claudia Taverriti.<br />Congratulazioni per il loro lavoro e grazie per il contributo a <a href=\"../OggiSTI\">OggiSTI</a>.', 'si'),
(240, '2019-10-11', 'Scalare il futuro, il gioco di ruolo sull’alba dell’informatica', '<a href=\"../SFGiocoDiRuolo\">Anteprima</a> all’Internet Festival 2019', 'Quest&rsquo;anno all&rsquo;Internet Festival proponiamo un gioco ispirato alla tradizione di Dungeons &amp; Dragons:<br />siete ricercatori, a Pisa, nei primi anni &rsquo;50, riuscirete a costruire il primo calcolatore elettronico italiano?<br /> Il gioco di ruolo &egrave; un altro modo per esplorare nuove vie per raccontare in modo coinvolgente la storia dell&rsquo;informatica; invita a sperimentare in prima persona storie alternative dell&rsquo;alba dell&rsquo;informatica.<br />Alternative, ma storicamente e tecnologicamente attendibili, pensate per mettere alla prova i giocatori con tutte le difficolt&agrave; delle scalate al futuro, spesso omesse dalle narrazioni tradizionali, semplificate e celebrative.', 'si'),
(241, '2019-09-30', 'Retrologico: verità veloci ed etica nella narrazione dell’informatica', 'Tesi di laurea magistrale in Informatica Umanistica (in redazione), Università di Pisa', 'HMR si &egrave; gi&agrave; occupato delle <a href=\"?id=2019s_ConfGARR\">verit&agrave; veloci</a> di Baricco. Con la tesi di Nicol&ograve; abbiamo provato a studiarle con un esperimento: Retrologico, come blog e su Facebook, ha pubblicato per 90 giorni verit&agrave; veloci sulla storia dell&rsquo;informatica. La verit&agrave; veloce &egrave; un disturbo dell&rsquo;informazione e come tale produce danni nell&rsquo;opinione pubblica. La tesi sta studiando la facilit&agrave; di costruzione e di propagazione delle verit&agrave; veloci e la vulnerabilit&agrave; del pubblico a esse esposto.<br />Per farci perdonare dai lettori di Retrologico che, inconsapevoli, hanno contribuito all&rsquo;esperimento, in <a href=\"../Retrologico\">una pagina di HMR</a> trovate l&rsquo;analisi dei difetti da verit&agrave; veloce, l&rsquo;origine dei testi (spesso gi&agrave; difettosi in partenza) e i riferimenti dove trovare notizie storicamente e tecnologicamente corrette.', 'si'),
(242, '2019-10-10', 'Pubblicati gli atti della conferenza IFIP 9.7 2018', '<a HREF=\"../Documentazione/?id=2019s_IFIP97Proc\">Articolo</a> nel volume Histories of Computing in Eastern Europe', 'L&rsquo;articolo segue l&rsquo;<a href=\"../Cronologia/?id=2018s-HCEE\">intervento</a> alla conferenza di Poznań dell&rsquo;anno scorso, dedicata all&rsquo;informatica dei paesi oltre la cortina di ferro. Nel blocco sovietico furono molti i modelli di personal computer realizzati, quasi tutti cloni o fortemente ispirati a prodotti occidentali. Non ebbero la stessa diffusione, ma ci furono oggetti interessanti (come i PDP-11 compatibili prodotti in URSS) e ci fu anche un movimento di hobbisti. L&rsquo;eredit&agrave; degli appassionati di allora &egrave; stata raccolta dai cultori di retrocomputing che mantengono viva la memoria delle macchine continuando a programmarle. Gli strumenti di sviluppo oggi disponibili possono essere usati a fini storici, per esempio per hackerare le ROM alla ricerca delle origini occidentali degli interpreti BASIC.', 'si'),
(244, '2019-10-25', 'AAAllunati: la Luna resa accessibile', '<a href=\"../Documentazione/?id=2019s_ANMS\">Intervento</a> al XXIX Congresso ANMS, Chieti', 'Al congresso dell&rsquo;Associazione Nazionale dei Musei Scientifici quest&rsquo;anno raccontiamo di <a href=\"../Cronologia/?id=2019i_AAAllunati\">AAAllunati</a> la notte speciale organizzata insieme ad All About Apple Museum per celebrare il 50esimo della missione Apollo 11. Una notte nella quale abbiamo provato a sfatare il mito che la <em>rocket science</em>, fatta di fisica, manovre spaziali, calcoli, calcolatori e altre cose belle complesse, non &egrave; solo per pochi eletti. Raccontata bene &egrave; accessibile a tutti.', 'si'),
(245, '2019-11-21', 'Verità veloci ed etica nella narrazione dell’informatica', '<a HREF=\"../Documentazione/?id=2019d-TesiPratelli\">Tesi</a> di laurea magistrale in Informatica Umanistica (relatori G.A. Cignoni, S. Turbanti), Università di Pisa', 'Complimenti a Nicol&ograve; che si &egrave; magistralmente laureato oggi. Recidivo: alla triennale aveva realizzato <a href=\"../OggiSTI\">OggiSTI</a>. Dato che gi&agrave; conosceva il costo di una narrazione rivolta a un pubblico ampio, ma tecnologicamente e storicamente corretta, era naturale, per la magistrale, fare qualcosa sulle &ldquo;verit&agrave; veloci&rdquo; cio&egrave;, come dice Baricco, le storie alterate, rese avvincenti e sensazionali, &ldquo;aerodinamiche&rdquo; per arri&shy;vare pi&ugrave; lontano e pi&ugrave; in fretta.<br /> L&rsquo;idea di Nicol&ograve; &egrave; stata di fare un&rsquo;esperimento control&shy;lato che desse evidenza di quanto sia facile e dannoso produrre e diffondere verit&agrave; veloci. &Egrave; nato cos&igrave; <a href=\"../Retrologico\">Retrologico</a>, un lavorone, come si dice a Pisa. A esperimento concluso la tesi di Nicol&ograve; &egrave; una testimonianza controllata, misurata e analizzata, un contributo utile alla discussione, cara a HMR, sui temi della narrazione storica e tecnologica.', 'si'),
(246, '2019-11-24', '50 anni del CdL in Scienze dell’Informazione: un complesso percorso dalla ricerca alla didattica', '<a HREF=\"../Documentazione/?id=2019i_FVBit\">Intervento</a> a <a HREF=\"https://www.retrocomputer.org/index.php/fvb/edizione-2019/programma-manifestazione-2019\" target=\"_blank\">Firenze Vintage Bit 2019</a>, Lastra a Signa', 'Nell&rsquo;a.a. 1969/70 si attivava a Pisa il primo corso di laurea dedicato all&rsquo;informatica, disciplina oggi onnipresente, ma gi&agrave; allora sulla cresta dell&rsquo;onda. Giusto ricordare l&rsquo;anniversario, ma, come spesso capita nella storia, le date sono simboli, marcatori convenzionali di processi complessi che abbracciano periodi molto pi&ugrave; lunghi. L&rsquo;intervento, nello stile hacker di HMR, evita le celebrazioni autoreferenziali per dare alla data una corretta collocazione storica, attenendosi a fatti e documenti per comprendere fino in fondo il percorso che, dalle prime iniziative nel 1950 (a Roma) ha portato (in vent&rsquo;anni) l&rsquo;informatica italiana alla maturit&agrave; di un corso di laurea dedicato.', 'si'),
(247, '0000-00-00', '2019-12-03/05 - L’informatica musicale: dalla fisica acustica al digitale, l’esperienza di Pietro Grossi', '<a HREF=\"../Corso\">Lezioni</a> speciali al Corso di Storia dell’Informatica, Polo Fibonacci, Pisa', 'Quest&rsquo;anno, per il consueto appuntamento con i seminari invitati di STI, doppia lezione con Leonello Tarabella.<br />Il primo intervento, marted&igrave; 3 dicembre (aula X1, h16), &egrave; un&rsquo;introduzione sull&rsquo;acustica, sul suono, sui modi di trattarlo analogici e digitali, sui pionieri di questa storia fra arte e ricerca, sul passaggio dal tempo differito al tempo reale.<br />Nel secondo, gioved&igrave; 5 (aula X3, h16), riprendendo i contenuti del recente libro scritto insieme a Graziano Bertini, Carlo Raffaelli e Luca Doni, Tarabella ci racconter&agrave; delle attivit&agrave; di ricerca e sperimentazione del maestro Grossi alla Divisione Musicologica del CNUCE di Pisa nei primi anni &rsquo;70.', 'si');
INSERT INTO `cronos` (`IdCr`, `Date`, `Title`, `Subtitle`, `Text`, `Visible`) VALUES
(248, '2019-12-10', 'Verità veloci e romanzi senza fretta - modi di raccontare la storia dell’informatica a confronto', '<a HREF=\"../Corso\">Lezione speciale</a> al Corso di Storia dell’Informatica, Polo Fibonacci, Pisa', 'Torniamo sulle <a href=\"../Cronologia/?id=2019s_ConfGARR\">verit&agrave; veloci</a> con un&rsquo;intervista incrociata fra due narratori della storia dell&rsquo;informatica.<br />Maurizio Gazzarri &egrave; autore de &ldquo;<a href=\"../Cronologia/?id=2018i-Giorgio\">I ragazzi che scalarono il futuro</a>&rdquo;. Il romanzo, immersa in altre vicende della Pisa anni &rsquo;50, racconta la realizzazione delle Calcolatrici Elettroniche Pisane e dei primi calcolatori Olivetti. &Egrave; un romanziere, ma ha fatto approfondite ricerche d&rsquo;archivio e sottoposto il testo a una severa peer review storico-scientifica.<br />Nicol&ograve; Pratelli, alias Cafiero Rossi &egrave; autore del blog &ldquo;Retrologico&rdquo; e della omonima pagina Facebook. Come tanti divulgatori improvvisati, pubblica (spesso ripubblica) notizie approssimate, esagerate, facili a scriversi e a catturare l&rsquo;attenzione di molti. In realt&agrave; il suo &egrave; stato un esperimento controllato realizzato come lavoro di <a href=\"../Cronologia/?id=2019d-TesiPratelli\">tesi</a>, ma gli esiti non sono tranquillizzanti.', 'si'),
(249, '2019-12-20', 'Usciti gli atti del XXXVIII Congresso ANMS', '<a HREF=\"../Documentazione/?id=2019s_MuSc20\">Articolo</a> sugli incontri Oltre la mela ad All About Apple Museum', 'Il Congresso dell&rsquo;Associazione Nazionale dei Musei Scientifici era dedicato all&rsquo;Anno Europeo del Patrimonio. Per l&rsquo;occasione avevamo raccontato dell&rsquo;iniziativa <a href=\"../OltreLaMela\">Storie oltre la mela</a>&nbsp; organizzata insieme ad <a href=\"http://www.allaboutapple.com\" target=\"_blank\" rel=\"noopener\">All About Apple</a>, il museo che a Savona conserva ed espone un&rsquo;importante collezione di prodotti Apple, il marchio dell&rsquo;informatica di consumo oggi pi&ugrave; noto. AAA potrebbe giocare facile assecondando i fan di un marchio glamour, invece la collezione &egrave; messa a servizio di un racconto della storia dell&rsquo;informatica &ldquo;oltre la Mela&rdquo;.', 'si'),
(250, '2019-12-22', 'Videogiochi: ma quando sono nati?', '<a HREF=\"../Documentazione/?id=2019i_EmpoliVtg\">Intervento</a> a Empoli Vintage', 'Tornano gli incontri tratti dal corso di Storia dell&rsquo;Informatica organizzati insieme <a href=\"http://vicoretro.org\" target=\"_blank\" rel=\"noopener\">Vicoretr&ograve;</a>. Questa volta siamo a Empoli Vintage, nel mezzo di una mostra di home computer e consolle degli anni &rsquo;80 organizzata da Francesco Gori &amp; C. ci chiederemo quando i videogiochi sono nati.<br />Tutti sono curiosi della risposta, molti se ne sono dati una, o anche pi&ugrave; di una. Forse dipende dalla definizione. Alla fine, neanche importa incoronare il &ldquo;primo&rdquo;; il bello &egrave; proprio la lunga storia dei primi videogiochi.', 'si'),
(253, '2020-09-22', 'Inizio del corso di Storia dell’Informatica 2020/21', 'Corso di Laurea in Informatica Umanistica, Università di Pisa', 'Quest&rsquo;anno il <a href=\"../Corso/\">corso di STI</a> si svolge a distanza. Sicuramente perderemo qualcosa: l&rsquo;incontro di persona, a lezione, fra studenti e studenti come fra studenti e docenti, &egrave; una parte della vita universitaria che le tecnologie, per quanto sofisticate e affidabili, non possono sostituire. Faremo comunque di tutto per minimizzare difficolt&agrave; e disagi.', 'si'),
(254, '0000-00-00', 'Giocare con vecchi calcolatori, molto vecchi', '<a href=\"http://www.progettohmr.it/Documentazione/?id=2020i_VGLab\">Intervento</a> a  Rome VideoGame lab', 'Cominceremo affermando che chiunque ami i videogiochi non pu&ograve; non essere riconoscente ai tanti che hanno fatto la storia dell&rsquo;informatica. Finiremo giocando con i simulatori di vecchi calcolatori <a href=\"../Ri-costruzioni\">realizzati da HMR</a>. Nel mezzo, tante storie e anche qualche anticipazione sui progetti prossimi venturi.', 'si'),
(255, '2020-05-01', 'Pisa, 1954–1961: Assessing Key Stages of a Seminal Italian Project', '<a href=\"http://www.progettohmr.it/Documentazione/?id=2020s_IEEEAnnals\">Articolo</a> su IEEE Annals of the History of Computing, vol. 42, no. 2', 'Una storia che HMR ha cominciato a raccontare dal 2008, gi&agrave; pubblicata in vari modi, che finalmente approda sugli <em>Annals</em> a testimoniare un pezzo rilevante, entusiasmante e ricco di risvolti interessanti del nostro passato scientifico e tecnologico. Fa particolarmente piacere che, sullo stesso numero della rivista, ci sia anche un articolo di Silvio H&eacute;nin sulle repliche di Guatelli. Un grazie particolare a Fabio che con tenacia e pazienza ha seguito il curatissimo processo di revisione a cui la rivista ha sottoposto l&rsquo;articolo.', 'si'),
(256, '2020-11-13', 'RiBau: il CANE torna a correre, un calcolatore didattico del 1970', '<a href=\"../Documentazione/?id=2020s_Dida\">Articolo</a> a Didamatica 2020, 12-13 novembre, online', 'Edizione particolare dell&rsquo;ormai tradizionale convegno che AICA annualmente organizza su informatica e didattica: solo online e molto concentrata sulle tecnologie e i metodi che l&rsquo;emergenza sanitaria ha costretto tutti a sperimentare, imparare, sfruttare. HMR racconta invece di informatica di altri tempi presentando il <a href=\"../RiBau/\">Calcolatore Automatico Numerico Educativo</a>, il calcolatore didattico pisano del 1970, che abbiamo ricostruito come contributo ai festeggiamenti per il cinquantenario del corso di laurea in Scienze dell&rsquo;Informazione.', 'si'),
(257, '2020-03-16', '50 anni del Calcolatore Automatico Numerico Educativo, festeggiamo con RiBau', '<a href=\"../RiBau\">Tutto preparato</a> con gran cura ma piani scombinati dal virus', 'Abbiamo cercato negli archivi, coinvolto il protagonista, lavorato a realizzare il simulatore e a preparare le pagine web che raccontano la storia del CANE... abbiamo preparato tutto affinch&eacute; HMR partecipasse ai festeggiamenti del cinquantenario di Scienze dell&rsquo;Informazione con un contributo concreto, curioso, significativo e, soprattutto, funzionante (come calcolatori e programmi devono essere), ma &egrave; arrivata l&rsquo;emergenza Covid...<br />Avremo altre occasioni, c&rsquo;&egrave; comunque un <a href=\"../RiBau/HMR_2020m_ACGC-RiBauFHD.mp4\">video</a> e, ovviamente, il <a href=\"../RiBau/Sim\">simulatore</a> che si pu&ograve; usare a distanza e in sicurezza :)', 'si'),
(259, '2020-11-18', 'Virtuale sì, virtuale no', '<a href=\"../Documentazione/?id=2020s_ANMS\">Intervento</a> a <i>I Musei Italiani nel 2020 - Congresso ANMS 2020</i>, 18-20 novembre 2020, online', 'Non potevamo saltare l&rsquo;appuntamento con il congresso annuale dell&rsquo;Associazione Nazionale dei Musei Scientifici anche se, a distanza, non sar&agrave; la stessa cosa. Approfittiamo proprio per riflettere sulle lusinghe tecnologiche: il periodo ci ha obbligato a sperimentare molte soluzioni virtuali per sostituire ci&ograve; che non potevamo pi&ugrave; fare nel lavoro, nella didattica, nelle attivit&agrave; museali. HMR ha una lunga storia di ricostruzioni virtuali, dalla prima CEP al recente CANE. Indispensabili per mostrare le macchine del passato in funzione, le repliche virtuali sono tuttavia, appunto, virtuali: non sostituiscono il fascino degli originali n&eacute; devono farci dimenticare l&rsquo;onere e l&rsquo;onore dei Musei di conservarli.', 'si'),
(260, '2020-01-13', 'Qui comincia l’avventura...', 'Un nuovo progetto e un nuovo tirocinio, ambizioso', '&Egrave; tempo di cominciare un nuovo progetto di ricostruzione virtuale. Servono nuove braccia e il primo malcapitato &egrave; Federico Talarico: ha gi&agrave; dato con il progetto didattico su OggiSTI, ma non ne ha avuto abbastanza. Nel lungo periodo l&rsquo;ambizione &egrave; di svecchiare l&rsquo;interfaccia del simulatore della prima CEP passando da 2D a 3D. Ma andremo per gradi, intanto ci sar&agrave; da decidere la piattaforma e affinare tecniche e competenze su un obiettivo raggiungibile.', 'si');

-- --------------------------------------------------------

--
-- Struttura della tabella `cronosediting`
--

CREATE TABLE `cronosediting` (
  `IdCr` int(11) NOT NULL,
  `Date` date NOT NULL,
  `Title` varchar(250) COLLATE utf8_bin NOT NULL,
  `Subtitle` varchar(250) COLLATE utf8_bin NOT NULL,
  `Text` text COLLATE utf8_bin NOT NULL,
  `Visible` varchar(2) COLLATE utf8_bin NOT NULL
) ENGINE=InnoDB DEFAULT CHARSET=utf8 COLLATE=utf8_bin;

-- --------------------------------------------------------

--
-- Struttura della tabella `dedicatedpagepeople`
--

CREATE TABLE `dedicatedpagepeople` (
  `IdPg` int(11) NOT NULL,
  `IdPp` int(11) NOT NULL
) ENGINE=InnoDB DEFAULT CHARSET=utf8 COLLATE=utf8_bin;

--
-- Dump dei dati per la tabella `dedicatedpagepeople`
--

INSERT INTO `dedicatedpagepeople` (`IdPg`, `IdPp`) VALUES
(89, 1),
(89, 36),
(86, 1),
(82, 1),
(113, 1),
(113, 50),
(66, 36),
(66, 37),
(66, 1),
(111, 1),
(111, 23),
(110, 1),
(108, 1),
(108, 23),
(108, 39),
(106, 1),
(105, 1),
(105, 36),
(49, 1),
(104, 1),
(103, 1),
(102, 1),
(32, 1),
(101, 1),
(101, 21),
(101, 23),
(68, 1),
(68, 37),
(68, 36),
(207, 1),
(207, 36),
(129, 1),
(129, 3),
(129, 52),
(120, 1),
(120, 39),
(94, 1),
(94, 45),
(94, 46),
(114, 1),
(210, 1),
(136, 1),
(61, 1),
(215, 1),
(237, 1),
(253, 1),
(253, 3),
(240, 1),
(240, 127);

-- --------------------------------------------------------

--
-- Struttura della tabella `dedicatedpages`
--

CREATE TABLE `dedicatedpages` (
  `IdPg` int(11) NOT NULL,
  `NewPage` varchar(2) COLLATE utf8_bin NOT NULL,
  `Folder` varchar(50) COLLATE utf8_bin NOT NULL,
  `Title` varchar(250) COLLATE utf8_bin NOT NULL,
  `Subtitle` varchar(250) COLLATE utf8_bin NOT NULL,
  `Text` text COLLATE utf8_bin NOT NULL,
  `TmbLink` varchar(100) COLLATE utf8_bin NOT NULL,
  `ImgLink` varchar(100) COLLATE utf8_bin NOT NULL,
  `LinkRifPage` varchar(150) COLLATE utf8_bin NOT NULL
) ENGINE=InnoDB DEFAULT CHARSET=utf8 COLLATE=utf8_bin;

--
-- Dump dei dati per la tabella `dedicatedpages`
--

INSERT INTO `dedicatedpages` (`IdPg`, `NewPage`, `Folder`, `Title`, `Subtitle`, `Text`, `TmbLink`, `ImgLink`, `LinkRifPage`) VALUES
(32, 'no', '', 'La notte dei calcolatori raccontati', 'Sabato 18 maggio, dalle 20.30, La Notte dei Musei al Museo degli Strumenti per il Calcolo', '<p>L\'informatica &egrave; una disciplina scientifica e tecnologica,<br />ma spesso &egrave; presentata in modi che sfuggono al rigore<br />e alla concretezza del suo naturale contesto.<br />Nella Notte dei Musei i calcolatori sono raccontati<br />attraverso la&nbsp;<strong>pubblicit&agrave;</strong>&nbsp;e l\'<strong>immaginario</strong>.<br />Citazioni, foto e filmati sono commentati dal vivo<br />per ragionare sulle&nbsp;<strong>lusinghe</strong>&nbsp;dell\'informatica di consumo<br />e per rivivere le&nbsp;<strong>suggestioni</strong>&nbsp;di chi, immaginando il futuro<br />delle macchine, ha visto prestazioni strabilianti<br />e persino intelligenza e sentimenti da sempre considerati<br />prerogativa dell\'uomo.<br />Come da tradizione, la lettura proposta da HMR<br />non tralascia gli aspetti tecnologici svelando dettagli curiosi,<br />seducenti inganni ed eccessivi ottimismi.</p>\r\n<h3>Programma</h3>\r\n<strong>20.30</strong>&nbsp;Apertura del museo<br /><strong>21.00-21.45</strong>&nbsp;<a href=\"../Riferimenti.html#2013i-CalcRacc\">Il calcolatore percepito</a>, mercato e pubblicit&agrave;<br /><strong>22.30-23.15</strong>&nbsp;<a href=\"../Riferimenti.html#2013i-CalcRacc\">Il calcolatore immaginato</a>, letteratura e cinema\r\n<p>&nbsp;Fra un racconto e l\'altro e dopo, fino a mezzanotte circa,<br />le sale del Museo sono visitabili liberamente.<br />L\'ingresso &egrave; gratuito.<br />La Notte dei Calcolatori &egrave;&nbsp;<a href=\"http://www.lanottedeimusei.it/immagini\" target=\"_blank\" rel=\"noopener\">Instagramers compatibile</a>.<br />Siamo pi&ugrave; che contenti che la serata sia condivisa in rete :)</p>\r\n<p>Le altre Notti dei Musei firmate HMR:&nbsp;<a href=\"../NVV2014/index.html\">2014</a>,&nbsp;<a href=\"../NotteMusei2015/index.html\">2015</a></p>', 'HMR_NotteMusei2013_t.jpg', '', 'http://www.progettohmr.it/NotteMusei2013/'),
(42, 'no', '', 'Divulgazione, didattica e studio dell\'informatica', 'Giornata di studi per l\'inaugurazione della Sala Dall\'aritmometro al PC, venerdì 20 dicembre 2013, h 14.00, Museo degli Strumenti per il Calcolo', '<p>Il Museo degli Strumenti per il Calcolo dell\'Universit&agrave; di Pisa conserva una collezione sull\'informatica personale<br />unica in Italia e invidiabile in Europa.<br />Un tesoro che, a causa della riduzione degli spazi disponibili per il Museo, da diversi anni non era visibile al pubblico.<br />Una prima uscita, limitata nei tempi e negli spazi, era stata organizzata in occasione dell\'Internet Festival 2012.</p>\r\n<p>A distanza di poco pi&ugrave; di un anno, l\'informatica personale torna a essere protagonista degli allestimenti permanenti del Museo con un percorso arricchito da quell\'esperienza e da molti mesi di ricerche e di lavoro sui pezzi.</p>\r\n<p>La nuova Sala del Museo, curata da Giovanni A. Cignoni, presenta un viaggio che, idea dopo idea, ci porta<br />dagli aritmometri dell\'800 ai PC portatili, toccando eccellenze<br />della nostra storia tecnologica, per tutte la Programma 101,<br />e protagonisti di passioni collettive - i personal e<br />gli home computer degli anni \'80.</p>\r\n<p>La Sala si inserisce in un pi&ugrave; ampio progetto di rinnovamento di un Museo - Universitario - che vuole essere centro attivo per la diffusione, la didattica e lo studio dell\'informatica.</p>\r\n<p>La giornata inaugurale &egrave; dedicata proprio a questi temi e, come buon auspicio per la funzione didattica del Museo, in collaborazione con AICA, nel programma della giornata &egrave; inserita la premiazione di quattro giovani promesse per l\'informatica di domani.</p>\r\n<p>&nbsp;</p>', 'HMR_20131220-InaugAritPC_t.jpg', 'HMR_20131220-InaugAritPC.jpg', 'http://www.progettohmr.it/AritPC'),
(43, 'no', '', '', '', '', '', '', 'http://www.progettohmr.it/PaginaQ/'),
(49, 'no', '', 'La Luna da Galileo all\'Apollo 11', 'Giovedì 12 giugno 2014, dalle 20.30, serata al Museo degli Strumenti per il Calcolo', '<p>La Luna &egrave; sempre stata un obiettivo raggiungibile nell\'immaginario: da Icaromenippo a Barbicane &amp; C., passando per Astolfo, Cyrano, il Barone di Munchausen<br />e tanti altri eroi della fantasia.<br />Con la scienza il sogno diventa impresa possibile.<br />Dalle osservazioni di&nbsp;<strong>Galileo</strong>&nbsp;alla meccanica celeste<br />di&nbsp;<strong>Newton</strong>&nbsp;cadono i veli del mistero, ma fra noi e la Luna<br />c\'&egrave; di mezzo un mare di calcoli da affrontare,<br />dalla&nbsp;<strong>velocit&agrave; di fuga</strong>&nbsp;all\'equazione di&nbsp;<strong>Tsiolkovsky</strong>.<br />Rigorosa, come nello stile HMR, ma senza insistere troppo<br />nei dettagli, e con l\'intento di incuriosire e intrattenere intelligentemente grandi e piccini, la serata incrocia i riferimenti ai classici con i meccanismi dei voli spaziali<br />e racconta i calcolatori che, risolvendo i calcoli, permisero l\'impresa ma anche riservarono qualche sorpresa, come negli ultimi concitati minuti dell\'allunaggio di&nbsp;<strong>Apollo 11</strong>.<br />Per i pi&ugrave; piccoli un laboratorio curato da&nbsp;<em>Correlamente</em>:<br />Galileo con il cannocchiale osserv&ograve;, studi&ograve; e disegn&ograve; i crateri lunari, nella serata li ricreeremo giocando con la cartapesta.<br />La serata &egrave; speciale anche per il cielo che ci regala.<br />Proveremo a ripetere le esperienze di Galileo osservando<br />la Luna (piena), Marte e Saturno, che dalle 23 saranno<br /><a href=\"Sky_20140612-180-23.png\" target=\"_blank\" rel=\"noopener\">visibili</a>&nbsp;a Sud (nuvole e luci della citt&agrave; permettendo).<br />Infine, per brindare alla Luna, avremo anche di che bere e mangiare grazie a&nbsp;<em>The Thing</em>. Per il Museo una novit&agrave; assoluta e da tanto tempo attesa :)</p>', 'MSC_20140612Luna_t.jpg', 'MSC_20140612Luna.jpg', 'http://www.progettohmr.it/Luna/'),
(61, 'no', '', '', '', '', '', '', 'http://www.progettohmr.it/LezioniAlMuseo/'),
(66, 'no', '', 'Laboratorio di videogiochi', 'dal 13.11.2014 al 25.06.2015, tutti i giovedì 18.00-19.30 Sala Laboratori HMR, <a href=\'http://www.fondazionegalileogalilei.it/\'>Museo degli Strumenti per il Calcolo</a>', '<p>Negli ultimi anni si sono moltiplicati sia i programmi per realizzare videogiochi senza possedere particolari competenze di programmazione, sia le opportunit&agrave; distributive concesse a sviluppatori indipendenti e non, grazie agli store online e alle piattaforme mobili.<br />Tuttavia, se oggi ciascuno di noi pu&ograve; avere una piccola sala giochi in tasca, la risposta alla domanda \"cosa &egrave; che fa un buon videogioco?\" non &egrave; cambiata. La risposta si trova negli esempi correnti e nella storia del mezzo espressivo, ma soprattutto nelle capacit&agrave; di chi nel mezzo si cimenta.<br />Il laboratorio nasce per identificare e sviluppare queste competenze nei partecipanti, e metterle in comune.<br />La partecipazione &egrave; aperta a tutti coloro che abbiano competenze informatiche di base ed &egrave; gratuita. Partecipanti versati in uno o pi&ugrave; aspetti della realizzazione di videogiochi sono benvenuti per l\'approfondimento e il lavoro di gruppo.</p>\r\n<h3><strong>Play!</strong></h3>\r\n<p>Marted&igrave; 30 Maggio, dalle 21, al Museo</p>\r\n<p>Conclusione del corso e presentazione al pubblico<br />dei videogiochi realizzati:</p>\r\n<ul>\r\n<li><a href=\"Gioco1/index.html\">R_Evolution</a></li>\r\n<li><a href=\"Gioco2/index.html\">Boys don\'t Cray</a></li>\r\n<li><a href=\"Gioco3/index.html\">Nikola e i fantasmi del passato</a></li>\r\n</ul>\r\n<p>Venite, giocate e diteci quale gioco<br />rappresenta meglio il Museo!</p>\r\n<p>&nbsp;</p>', 'LabVG-Locandina.png', '', 'http://www.progettohmr.it/LabVG/'),
(68, 'no', '', 'Games, from Engaging to Understanding', 'a perspective from a Museum of Computing Machinery,  poster & short paper at <a href=\'http://icec2015.idi.ntnu.no/\'>IFIP-ICEC 2015</a>', '<p>The paper presents the HMR experiences<br />in the adoption of several kinds of gaming approaches<br />for attracting and involving the public of the Museum<br />of Computing Machinery of the University of Pisa.</p>\r\n<p><strong>The Nights of Old Videogames</strong>&nbsp;a retrogaming tournament<br />already played for four editions:</p>\r\n<ul>\r\n<li><a href=\"../NVV2014/index.html\">2014</a>, Prepare to be invaded;</li>\r\n<li><a href=\"../NVV2014if/index.html\">2014, special IF</a>, Since \'81 and still jumping;</li>\r\n<li><a href=\"../NVV2015/index.html\">2015</a>, Don\'t be shy;</li>\r\n<li><a href=\"../NVV2015airo/index.html\">2015, special AIRO</a>, Killing Polyhedral Models.</li>\r\n</ul>\r\n<p>&nbsp;</p>\r\n<p><strong>Challenges on Old Machines</strong>&nbsp;visitors and students are<br />challenged to operate old machines, like an old&nbsp;<a href=\"../Documenti/HMR_2014d_GCGL-Manovellando.pdf\">Brunsviga</a>,<br />or the&nbsp;<a href=\"../Ricostruzioni.html\">Macchina Ridotta</a>, the very first italian computer<br />virtually rebuilded as an accurate real-time simulator.</p>\r\n<p><strong>Ad hoc Edugames</strong>&nbsp;as the&nbsp;<a href=\"../Blob/index.html\">Blob Game of Life</a>, a simulation<br />of a closed ecosystem ispired by historical mathematical<br />models like the Lotka-Volterra one.</p>\r\n<p><strong>Video Game Lab and toy-games</strong>, a&nbsp;<a href=\"../LabVG/index.html\">course</a>&nbsp;in video game<br />making, held from November 2014 to June 2015, saw<br />the development of three simple games centered around<br />the Museum and its collection:</p>\r\n<ul>\r\n<li><a href=\"../LabVG/Gioco1/index.html\">R_Evolution</a></li>\r\n<li><a href=\"../LabVG/Gioco2/index.html\">Boys don\'t Cray</a></li>\r\n<li><a href=\"../LabVG/Gioco3/index.html\">Nikola and the Ghosts of the Past</a></li>\r\n</ul>\r\n<p>&nbsp;The&nbsp;<a href=\"../Riferimenti.html#2015s-ICEC\">HMR paper</a>&nbsp;at IFIP-ICEC.</p>\r\n<p>IFIP-ICEC is the International Conference on Entertainment Computing. It is the longest established and most prestigious conference<br />in the field of entertainment computing. This is the 14th edition.</p>\r\n<p>An&nbsp;<a href=\"../Riferimenti.html#2015i-CultDig\">extended presentation</a>&nbsp;(in Italian) of the ICEC paper has been held in Pisa, October 7 as one of the \"Seminari di cultura digitale\" organized by&nbsp;<em>Informatica Umanistica</em>, in Pisa.</p>', 'HMR_2015s_GCLCTM-ICECposter_t.jpg', 'HMR_2015s_GCLCTM-ICECposter.jpg', 'http://www.progettohmr.it/ICEC2015/'),
(82, 'no', '', 'Il Dandy, il Porco, il Cattivo', 'una serata di chiacchiere e videogiochi, 29 aprile 2016, h 19, al <a href=\'https://www.facebook.com/CaffeLetterarioVoltaPagina\'>Caffe Letterario Voltapagina</a>, Via S. Martino, Pisa', '<p>Videogiochi e tecnologia, videogiochi e arte, videogiochi<br />e tendenze, videogiochi e satira, videogiochi e basta!<br />Una serata di chiacchiere in tema al Caffe Letterario Voltapagina con la partecipazione di:</p>\r\n<ul>\r\n<li><strong>Marco \'Alfieri\' Guzzo</strong>,<br />autore di&nbsp;<em>Call Of Salveenee</em>&nbsp;e&nbsp;<em>D\'Annunzio Cola</em>,</li>\r\n<li><strong>Marco Lorenzini</strong>&nbsp;e&nbsp;<strong>Paolo \'Pollo\' Cioni</strong>,<br />il duo di&nbsp;<em>HungryPixel\'s Ludiqa</em>, reduci dall\'uscita<br />di&nbsp;<em>Undead Nerds</em>&nbsp;e&nbsp;<em>Richard Part One</em>,</li>\r\n<li><strong>Tommaso Mongelli</strong>, autore di giochi con&nbsp;<em>Quikding LLC</em><br />e prossimamente&nbsp;<em>SEIMI Games</em>,</li>\r\n</ul>\r\n<p>&nbsp;che nell\'occasione, fra l\'altro, presenteranno i loro lavori passati, presenti e futuri.<br />Fate un salto, sorseggiate un aperitivo e non ve ne pentirete!</p>\r\n<p>Dopo quattro Notti dei Vecchi Videogiochi (<a href=\"../NVV2014/index.html\">2014</a>,&nbsp;<a href=\"../NVV2014if/index.html\">2014 IF</a>,&nbsp;<a href=\"../NVV2015/index.html\">2015</a>&nbsp;e&nbsp;<a href=\"../NVV2015airo/index.html\">2015 AIRO</a>), edugiochi ad hoc (<a href=\"../Blob/index.html\">Blob Game of Life</a>),<br />un&nbsp;<a href=\"../LabVG/index.html\">corso dedicato</a>&nbsp;e un intervento a&nbsp;<a href=\"../ICEC2015/index.html\">ICEC 2015</a>,<br />quattro chiacchiere in buona compagnia<br />e con un bicchiere in mano ci volevano proprio :)<br />L\'occasione serve anche a riprendere un modo di parlare di informatica e dintorni che HMR aveva sperimentato insieme a&nbsp;<a href=\"../PaginaQ/index.html\">paginaQ</a>&nbsp;e di cui sentiamo la mancanza.</p>\r\n<p>L\'<a href=\"../Riferimenti.html#2016i-ChiacchiereVG\">introduzione</a>&nbsp;alla chiacchierata.</p>', 'HMR_2016d_GCTM-ChiacVG_t.jpg', 'HMR_2016d_GCTM-ChiacVG.jpg', 'http://www.progettohmr.it/ChiacchiereVG/'),
(86, 'no', '', 'HMR & Friends a Vicoretrò', '<a href=\'http://www.vicoretro.org/\'>Vicoretrò</a>, 5 giugno 2016, dalle 11 alle 19,  Palazzetto dello Sport, p.zza Ferrucci, Vicopisano', '<p>A Vicopisano &egrave; nata Vicoretr&ograve;, un\'associazione culturale dedicata al mantenimento e alla diffusione<br />della vecchia informatica.<br />Per inaugurare le proprie attivit&agrave; Vicoretr&ograve; ha organizzato un\'evento-mostra che, in pochi giorni, ha coinvolto istituzioni e appassionati che da tutta Italia contribuiranno a realizzare 90 m lineari di esposizione: ne vedremo di belle!<br />HMR partecipa con un\'esposizione organizzata insieme ai collezionisti Massimo Concas, Francesco Gori &amp; Daniele Minneci, Alessandro Magnani, Tommaso Mongelli.<br />La selezione di pezzi riprende alcuni temi della storia del calcolo personale gi&agrave; esplorati nell\'allestimenti permanente&nbsp;<a href=\"../Riferimenti.html#2014s-AritPCArt\">Dall\'Aritmometro al PC</a>&nbsp;al Museo degli Strumenti per il Calcolo e nella recente Mostra&nbsp;<a href=\"../ComputersForTheMasses/index.html\">Computers for the masses</a>&nbsp;al Museo Tecnico Navale della Spezia.<br />La scelta dei pezzi si &egrave; concentrata su macchine meno note e su alcuni esempi di portabilit&agrave; e di vetero connettivit&agrave;.<br />In esposizione anche due pezzi collegati ai divertimenti collaterali di HMR: un tuffo musicale nel passato analogico di&nbsp;<a href=\"../Museo.html#PrimaMP3\">prima dell\'emmepitr&egrave;</a>&nbsp;e la console protagonista dell\'imminente prossima edizione della&nbsp;<a href=\"../Museo.html#NVV\">Notte dei Vecchi Videogiochi</a>.<br />Poich&eacute; la Storia non &egrave; solo hardware e software, ci saranno anche due appuntamenti dedicati all\'informatica raccontata:</p>\r\n<p>&nbsp;&nbsp;<strong>15:00</strong>&nbsp;&nbsp;<a href=\"../Riferimenti.html#2016i-Vicoretro\">storie del calcolo personale</a><br /><strong>&nbsp;&nbsp;17:00</strong>&nbsp;&nbsp;<a href=\"../Riferimenti.html#2016i-Vicoretro\">il demo-racconto della Macchina Ridotta</a></p>\r\n<p>Qualche nota in pi&ugrave; sulle&nbsp;<a href=\"../Riferimenti.html#2016d-VicoMiniExpo\">macchine in esposizione</a><br />e sugli&nbsp;<a href=\"../Riferimenti.html#2016d-VicoPrimaMP3\">assaggi di prima dell\'emmepitr&egrave;</a>.</p>', 'HMR_2016d_HMRFriends_t.jpg', '2016_VicoretroLoc.jpg', 'http://www.progettohmr.it/HMRFriends/'),
(89, 'no', '', 'Can You Stand a Chance? La Notte dei Vecchi Videogiochi 2016', 'Mercoledì 29 giugno, Museo degli Strumenti per il Calcolo dalle 15:30 (qualifiche) e dalle 20:30 (torneo)', '<p>Pronti per l\'edizione 2016&nbsp;<br />della Notte dei Vecchi Videogiochi?<br />Sar&agrave; meglio di s&igrave;, perch&eacute; questa volta si picchia duro!<br />Correva l\'anno 1991 quando nelle sale giochi<br />apparve&nbsp;<em>Street Fighter II</em>.<br />Non era il primo gioco di questo tipo, era gi&agrave; un sequel,<br />ma lasci&ograve; il segno nella storia dei videogiochi diventando<br />il titolo pi&ugrave; amato e pi&ugrave; rappresentativo del genere.<br />Per la NVV n. 5 ve lo proponiamo nella versione<br />per Nintendo Super Famicom, la prima che arriv&ograve; nelle case.<br />Quindi sotto con le combo, mostrate il vostro valore<br />e non sottretevi alla sfida!<br />E se proprio temete di farvi del male,<br />venite lo stesso al Museo, visiterete le sale,<br />gusterete l\'aperitivo preparato da&nbsp;<a href=\"http://caffeletterariovoltapagina.blogspot.it/\" target=\"_blank\" rel=\"noopener\">Voltapagina</a>,<br />sarete testimoni di a scontri epici, vi farete trascinare<br />dall\'irresistibile telecronaca di&nbsp;<a href=\"http://www.radiocicletta.it/\" target=\"_blank\" rel=\"noopener\">Radiocicletta.it</a>.<br />La partecipazione &egrave; aperta a tutti e gratuita.<br />Per prendere parte al torneo occorre iscriversi (dal 19/06)<br />tramite una mail a&nbsp;<a href=\"mailto:maukemirras@gmail.com\">maukemirras@gmail.com</a><br />secondo quanto scritto nel&nbsp;<a href=\"HMR_NVV-Reg2016-5.03.pdf\">Regolamento</a>&nbsp;del torneo.<br />Il torneo si svolger&agrave; al Museo degli Strumenti per il Calcolo, via Bonanno Pisano, 2/B, Pisa (<a href=\"../Documenti/HMR_2011d_MappaMuseoSC.pdf\">mappa</a>).</p>\r\n<p>Le altre NVV:&nbsp;<a href=\"../NVV2014/index.html\">2014</a>,&nbsp;<a href=\"../NVV2014if/index.html\">2014 IF</a>,&nbsp;<a href=\"../NVV2015/index.html\">2015</a>,&nbsp;<a href=\"../NVV2015airo/index.html\">2015 AIRO<br /></a></p>', 'HMR_2016d_GCTM-NVV5-Loc_t.jpg', 'HMR_2016d_GCTM-NVV5-Loc.jpg', 'http://www.progettohmr.it/NVV2016/'),
(94, 'no', '', 'L\'aritmometro di \"Marconi\"', '', '', '', '', 'http://www.progettohmr.it/FestivalScienza2016/'),
(101, 'no', '', 'Dall\'aritmometro al calcolatore, personalmente', '4-7 ottobre, Museo San Matteo, Internet Festival 2012', '<p>HMR partecipa all\'<a href=\"http://2012.internetfestival.it/\" target=\"_blank\" rel=\"noopener\">Internet Festival 2012</a>&nbsp;con una mostra<br />su storie, meccanismi e curiosit&agrave; del calcolo personale.<br />Allestita al Museo Nazionale di S. Matteo, la mostra<br />offre una selezione di macchine personali prese dalla ricca&nbsp;<br />collezione del&nbsp;<a href=\"../Museo.html\">Museo degli Strumenti per il Calcolo</a>.</p>\r\n<p>Oltre al fascino singolare di ogni pezzo, l\'insieme spiega<br />l\'evoluzione dagli&nbsp;<strong>aritmometri</strong>&nbsp;dell\'800 ai&nbsp;<strong>PC portatili</strong>,<br />con esponenti significativi per ogni tappa.<br />Un viaggio che tocca diversi pezzi di storia nazionale<br />e molti protagonisti di passioni collettive.</p>\r\n<p>Fra gli aspetti pi&ugrave; tecnologici e caratteristici<br />del \"marchio\" HMR, la Mostra svela il funzionamento<br />delle calcolatrici meccaniche dell\'800.<br />&Egrave; il risultato di un\'accurato lavoro di ricerca svolto sui pezzi<br />del Museo per riscoprire le differenze e le caratteristiche<br />dei vari modelli e di una delicata sperimentazione<br />per verificarne le condizioni e comprenderne i meccanismi.</p>\r\n<p>Un video, mostrando in funzione le macchine della Mostra,<br />spiegher&agrave; i princip&icirc; del funzionamento di questi gioielli<br />della meccanica, di fatto gli stessi delle operazioni in colonna<br />che impariamo alle elementari.<br />E che conosciamo grazie a Leonardo Fibonacci,<br />il matematico pisano che, dopo averli appresi dagli Arabi<br />nei suoi viaggi, li diffuse in Europa nel 1200.</p>\r\n<p>Da questa esperienza, nel 2013, il Museo ha allestito<br />l\'esposizione permanente&nbsp;<a href=\"../Museo.html#AritPC\">Dall\'Aritmometro al PC</a>.</p>', 'HMR-IF2012.jpg', 'HMR-IF2012-HR.jpg', 'http://www.progettohmr.it/IF2012/'),
(102, 'no', '', 'Caratteri/Emozioni dall\'ASCIIart agli Emoticon', '10-13 ottobre, Stazione Leopolda, Internet Festival 2013', '<p>Internet usa ancora molto testo scritto.<br />Ma con qualche libert&agrave;. Tutti conosciamo LOL e :)<br />Un nuovo linguaggio? Non esageriamo.<br />Semmai un accento, un segno grafico che d&agrave; tono,<br />distingue e rende riconoscibile.</p>\r\n<p>Caratteri/Emozioni &egrave; un omaggio alle radici lontane<br />degli emoticon, all\'arte di giocare con i caratteri<br />e alla fantasia di tipografi, scrittori, grafici e informatici.<br />Sperando di soddisfare qualche curiosit&agrave;.<br />E di farne nascere altre.</p>\r\n<p>HMR investiga la storia dell\'informatica con rigore tecnologico senza per&ograve; dimenticare che i limiti e i vantaggi delle macchine condizionano chi le usa e ne stimolano la fantasia.</p>\r\n<p>Caratteri/Emozioni &egrave; un percorso alla scoperta<br />di una giocosa ribellione ai limiti imposti dalle tecnologie,<br />prima dalla tipografia e poi dalle codifiche digitali.</p>', 'HMR_2013d_GC-CarEmo00f_t.jpg', 'HMR_CaratteriEmozioni-lv1t.jpg', 'http://www.progettohmr.it/IF2013/'),
(103, 'no', '', 'Questioni di Carattere', '9 maggio - 2 giugno 2014, Museo della Grafica', '<p>La storia della scrittura a stampa &egrave; una continua ricerca<br />di carattere. Dai primi incisori, alle grandi fonderie,<br />fino al digitale, ogni carattere &egrave; nato per essere diverso,<br />per desiderio del disegnatore o per richiesta<br />di originalit&agrave; di un committente. Non &egrave; facile distinguersi mantenendosi dentro una rigida gabbia di forme e vincoli. I glifi (lettere, cifre, simboli) sono segni convenzionali e devono essere leggibili. Poi ci sono le regole tipografiche e i limiti delle tecnologie. L\'arte dei caratteri &egrave; nei dettagli. La Mostra in sedici tavole originali in tecnica mista,<br />stampa digitale e lettering a mano, riprende il tema appena<br />accennato in&nbsp;<a href=\"../Museo.html#CarEmo-IF\">Caratteri/Emozioni</a>&nbsp;e lo approfondisce<br />in un\'antologia essenziale di caratteri.<br />Ne racconta le storie e guida l\'occhio a scoprirne<br />le differenze per gustare il piacere di saper riconoscere,<br />per dire, una pagina di Sellerio da una di Adelphi.<br />Oppure per trovare il vostro carattere fra i tanti<br />che oggi sono disponibili in digitale.<br />La rassegna adotta la classificazione vox-atypi,<br />esplorando nove delle sue quattordici classi,<br />quelle propriamente tipografiche.<br />La vox-atypi segue l\'evoluzione nel tempo degli stili,<br />ma in una stessa classe possono convivere<br />sia caratteri storici sia disegni recenti.<br />Il percorso della Mostra include tre macchine, scelte<br />dalla collezione del&nbsp;<a href=\"../Museo.html\">Museo degli Strumenti per il Calcolo</a>,<br />testimoni di altrettante tappe della disponibilit&agrave; di caratteri<br />per le nostre stampe personali: uno, alcuni, infiniti.</p>\r\n<p>&nbsp;</p>', 'HMR_2014-QuestioniDiCarattere_t.jpg', 'HMR_2014-QuestioniDiCarattere.jpg', 'http://www.progettohmr.it/QuestioniDiCarattere/'),
(104, 'no', '', 'Prepare to be invaded La Notte dei Vecchi Videogiochi - I ed.', 'Notte dei Musei 2014, Sabato 17 maggio, dalle 14 alle 24 al Museo degli Strumenti per il Calcolo', '<p>Per una Notte dei Musei diversa dal solito, seriamente<br />e informaticamente giocosa, HMR propone un torneo<br />su un videogiocoche ha fatto la storia. Quale?<br />Beh, se non l\'avete capito &egrave; una ragione in pi&ugrave; per venire!<br />Vi promettiamo un campo di gara interessante,<br />ma non gli arcade originali. Forse per le prossime edizioni,<br />se il Museo otterr&agrave; il successo e la visibilit&agrave; che merita.<br />Quindi partecipate numerosi.<br />Fra un fase e l\'altra del torneo ospiti e chiacchiere<br />su calcolatori, giochi e dintorni. Per tutta la serata<br />ogni sala del Museo &egrave; aperta e visitabile.<br />La partecipazione alla Notte &egrave; aperta a tutti e gratuita.<br />Per prendere parte al torneo occorre iscriversi (dal 28 aprile)<br />tramite una mail a&nbsp;<a href=\"mailto:francesca.corradi@unipi.it\">francesca.corradi@unipi.it</a><br />secondo quanto scritto nel&nbsp;<a href=\"HMR_NVV-Reg2014-1.02.pdf\">Regolamento</a>&nbsp;del torneo.<br />Il torneo si svolger&agrave; al Museo degli Strumenti per il Calcolo, via Bonanno Pisano, 2/B, Pisa (<a href=\"../Documenti/HMR_2011d_MappaMuseoSC.pdf\">mappa</a>).<br />Le iscrizioni aprono alle 00.00 del 28 aprile.<br />Le registrazioni aprono alle 14.00 del 17 maggio.<br />Per ogni domanda potete approfittare della cortesia e della pazienza di&nbsp;<a href=\"mailto:francesca.corradi@unipi.it\">Francesca Corradi</a>&nbsp;(050 2213626, lu-ve 9-13).<br />Ma prima leggete il...&nbsp;<a href=\"HMR_NVV-Reg2014-1.02.pdf\">Regolamento</a>&nbsp;:)<br />Le altre NVV:&nbsp;<a href=\"../NVV2014if/index.html\">NVV2014 IF</a>,&nbsp;<a href=\"../NVV2015/index.html\">NVV2015</a>,&nbsp;<a href=\"../NVV2015airo/index.html\">NVV2015 AIRO</a></p>', 'HMR_NVV2014_t.jpg', 'HMR_NVV2014.jpg', 'http://www.progettohmr.it/NVV2014/'),
(105, 'no', '', 'Prima dell\'emmepitré', 'Venerdì 20 giugno 2014, dalle 20.30, serata musicale a tema al Museo degli Strumenti per il Calcolo', '<p>Suono e musica sono dati: si registrano, si conservano,<br />si riproducono. Dal fonografo del 1877 ai formati digitali<br />di oggi, le tecnologie hanno segnato l\'ascolto della musica contribuendo a farla diventare un fenomeno diffuso. Le tecnologie influenzano anche come la musica si produce, mentre le suggestioni del progresso ispirano i musicisti. Infine, la musica fa da sottofondo al tempo che passa.<br />HMR propone una serata al Museo dedicata a un periodo interessante tanto per l\'informatica italiana (e pisana), quanto per la produzione musicale.<br />Da met&agrave; degli anni \'50 agli anni \'70 Pisa ha visto il concepimento del progetto CEP all\'Universit&agrave;, la realizzazione della Macchina Ridotta, il primo calcolatore italiano, l\'inizio a Barbaricina dell\'avventura Olivetti, il completamento della seconda CEP, l\'arrivo del 7090 IBM e la creazione del CNUCE, i primi Istituti del CNR, infine, a coronamento di un percorso che unisce la ricerca alla didattica, il Corso di Laurea in Scienze dell\'Informazione, di nuovo un primato nazionale.<br />I brani, scelti dalla collezione del&nbsp;<a href=\"http://www.gaprecordstore.it/\" target=\"_blank\" rel=\"noopener\">Gap Record Store</a>&nbsp;e suonati sulla strumentazione d\'epoca del&nbsp;<a href=\"http://www.nuvistorclub.it/\" target=\"_blank\" rel=\"noopener\">Nuvistor Club</a>, ci faranno rivivere la colonna sonora di quel periodo straordinario: l\'elettronica, protagonista del mondo dei calcolatori, muoveva i primi passi anche come strumento musicale, con Pisa ancora protagonista con le esperienze del Maestro Grossi al CNUCE.</p>', 'MSC_20140620PrimaMP3_t.jpg', 'MSC_20140620PrimaMP3.jpg', 'http://www.progettohmr.it/PrimaMP3/'),
(106, 'no', '', 'Since \'81. And still jumping! La Notte dei Vecchi Videogiochi 2014 IF', '<a href=\'http://2014.internetfestival.it/eventi/la-notte-dei-vecchi-videogiochi/\' target=\'_blank\'>Speciale Internet Festival</a>, 10-11 ottobre, al Museo degli Strumenti per il Calcolo', '<p>Torna la Storia dell\'Informatica seriamente giocosa.<br />Il gioco su cui vi sfidiamo? Lo dovete indovinare,<br />e se non ne avete idea &egrave; un motivo in pi&ugrave; per venire!<br />&Egrave; un\'occasione per provare di persona l\'<a href=\"../PaginaQ/index.html#4CCsC_018\">effetto</a>&nbsp;che fanno<br />i vecchi videogiochi e per visitare il Museo. In pi&ugrave; chiacchiere<br />con il Dott. Monge, approfondimenti, curiosit&agrave; e nostalgie<br />a 8 bit in streaming per tutta la sera.<br />&Egrave; anche un\'anteprima della nuova Sala Laboratori del Museo<br />realizzata da HMR grazie al contributo della Fondazione Pisa<br />e alla collaborazione di molti partner del Museo, fra i quali,<br />in particolare, la Sezione di Pisa dell\'INFN.<br />La partecipazione &egrave; aperta a tutti e gratuita.<br />Per prendere parte al torneo occorre iscriversi (dal 29.09)<br />tramite una mail a&nbsp;<a href=\"mailto:francesca.corradi@unipi.it\">francesca.corradi@unipi.it</a><br />secondo quanto scritto nel&nbsp;<a href=\"HMR_NVV-Reg2014-2.04.pdf\">Regolamento</a>&nbsp;del torneo.<br />Il torneo si svolger&agrave; al Museo degli Strumenti per il Calcolo, via Bonanno Pisano, 2/B, Pisa (<a href=\"../Documenti/HMR_2011d_MappaMuseoSC.pdf\">mappa</a>).<br />Iscrizioni: dalle 00.00 del 29.09.<br />Registrazioni: dalle 15.00 del 10.10, giorno delle qualifiche.<br />Fasi finali del torneo: dalle 20.00 dell\'11.10.<br />Per ogni domanda potete approfittare della cortesia e della pazienza di&nbsp;<a href=\"mailto:francesca.corradi@unipi.it\">Francesca Corradi</a>&nbsp;(050 2213626, lu-ve 9-13).<br />Ma prima leggete il...&nbsp;<a href=\"HMR_NVV-Reg2014-2.04.pdf\">Regolamento</a>&nbsp;:)</p>\r\n<p>Le altre NVV:&nbsp;<a href=\"../NVV2014/index.html\">NVV2014</a>,&nbsp;<a href=\"../NVV2015/index.html\">NVV2015</a>,&nbsp;<a href=\"../NVV2015airo/index.html\">NVV2015 AIRO<br /></a></p>', 'HMR_NVV2014if_t.png', 'HMR_NVV2014if.jpg', 'http://www.progettohmr.it/NVV2014if/'),
(107, 'no', '', 'Sala Laboratori HMR', 'Inaugurazione della sala dedicata alle attività educative e sperimentali del Museo  venerdì 24 ottobre 2014, h 16.00, Museo degli Strumenti per il Calcolo', '<p>Al Museo &egrave; conservata una collezione di strumenti informatici unica in Italia e invidiabile in Europa.<br />Alla ricchezza del patrimonio storico, corrisponde<br />un\'altrettanto ricca offerta di attivit&agrave; educative<br />basate su approfondimenti frutto della ricerca di HMR<br />o su ricostruzioni hardware o software realizzate da HMR.<br />Con la nuova Sala Laboratori, il Museo si dota di un\'area attrezzata per ospitare le ricostruzioni dei calcolatori del passato e per svolgere attivit&agrave; didattiche e sperimentali. L\'inaugurazione &egrave; un\'occasione per presentare agli insegnanti l\'offerta educativa del Museo, tanto le proposte rinnovate di incontri, visite e laboratori da anni parte dell\'offerta esclusiva del Museo, quanto i progetti frutto di nuove collaborazioni.<br />L\'allestimento della Sala Laboratori &egrave; stato possibile<br />grazie al contributo della Fondazione Pisa,<br />della Fondazione Galileo Galilei e<br />alla collaborazione della Sezione di Pisa dell\'INFN.</p>\r\n<p><strong>Programma</strong></p>\r\n<p>16.00 Inaugurazione e saluti istituzionali</p>\r\n<p>17.00 Presentazione delle attivit&agrave; della Sala Laboratori<br />&nbsp;&nbsp;&nbsp;&nbsp;&nbsp;&nbsp;&nbsp;&nbsp;&nbsp;<a href=\"../Riferimenti.html#2014i-SalaLab\">Uno spazio attrezzato al MSC</a>, Giovanni A. Cignoni<br />&nbsp;&nbsp;&nbsp;&nbsp;&nbsp;&nbsp;&nbsp;&nbsp;&nbsp;<a href=\"HMR_SalaLab-FabLab.pdf\">Attivit&agrave; sulla stampa 3d</a>, Carmelo De Maria<br />&nbsp;&nbsp;&nbsp;&nbsp;&nbsp;&nbsp;&nbsp;&nbsp;&nbsp;<a href=\"../Riferimenti.html#2014i-LabVG\">Laboratorio di Videogiochi</a>, T. Mongelli, L. Cappellini</p>\r\n<p>18.30 Brindisi</p>', 'HMR_20141024-SalaLabLoc_t.jpg', 'HMR_20141024-SalaLabLoc.jpg', 'http://www.progettohmr.it/SalaLab/'),
(108, 'no', '', 'Musica e numeri, intermezzi meccanici senza filo', 'Prima dell\'emmepitrè a <a href=\'http://www.senzafilomusiccontest.eu/\'>Senza Filo</a> dal 6 al 29 novembre al <a href=\'http://www.cantieresanbernardo.com/\'>Cantiere Sanbernardo</a>', '<p>Musica e numeri, senza filo.<br />Ovvero grammofoni e calcolatrici, macchine squisitamente<br />meccaniche dedicate a trattare due tipi di informazioni,<br />musica e numeri, prima di elettricit&agrave; ed elettronica.<br /><a href=\"../Museo.html#PrimaMP3\">Prima dell\'emmepitr&eacute;</a>&nbsp;torna con le sue contaminazioni<br />fra musica e informatica, per partecipare al festival<br />veramente acustico organizzato dal Cantiere Sanbernardo.<br />L\'et&agrave; d\'oro di grammofoni e calcolatrici meccaniche<br />&egrave; raccontata in cinque intermezzi alle serate di Senza Filo,<br />ognuno dedicato a un diverso periodo storico<br />fra l\'inizio del \'900 e i primi anni \'50.<br />Ascolteremo dischi d\'epoca suonati su grammofoni<br />e vedremo le magie del calcolo meccanico sulle calcolatrici<br />della collezione del Museo.</p>\r\n<p><strong>I 5+1 appuntamenti</strong></p>\r\n<ul>\r\n<li>06 novembre -&nbsp;<a href=\"../Riferimenti.html#2014d-SFilo1\">L\'alba del XX secolo</a>&nbsp;(e su&nbsp;<a href=\"../PaginaQ/index.html#4CCsC_023\">PaginaQ</a>)</li>\r\n<li>13 novembre -&nbsp;<a href=\"../Riferimenti.html#2014d-SFilo2\">Gli anni ruggenti</a>&nbsp;(e su&nbsp;<a href=\"../PaginaQ/index.html#4CCsC_024\">PaginaQ</a>)</li>\r\n<li>20 novembre -&nbsp;<a href=\"../Riferimenti.html#2014d-SFilo3\">Momenti neri</a>&nbsp;(e su&nbsp;<a href=\"../PaginaQ/index.html#4CCsC_025\">PaginaQ</a>)</li>\r\n<li>27 novembre -&nbsp;<a href=\"../Riferimenti.html#2014d-SFilo4\">Ma il morale &egrave; alto...</a>&nbsp;(e su&nbsp;<a href=\"../PaginaQ/index.html#4CCsC_026\">PaginaQ</a>)</li>\r\n<li>29 novembre -&nbsp;<a href=\"../Riferimenti.html#2014d-SFilo5\">Ultimi giri</a>&nbsp;(e su&nbsp;<a href=\"../PaginaQ/index.html#4CCsC_027\">PaginaQ</a>)</li>\r\n</ul>\r\n<p>&nbsp;E inoltre l\'<strong>appuntamento speciale</strong>&nbsp;prima del gran finale:</p>\r\n<ul>\r\n<li>sabato 29 novembre, dalle 17:&nbsp;<strong>Senza Filo al Museo!</strong></li>\r\n</ul>\r\n<p>&nbsp;Gli altri eventi Prima dell\'emmepitr&egrave;:<br /><a href=\"../PrimaMP3/index.html\">giugno 2014</a>,&nbsp;<a href=\"../NVV2015/index.html#64PrimaMP3\">giugno 2015</a>,&nbsp;<a href=\"../Documenti/HMR_2015d_GCAM-SFilo.jpg\">dicembre 2015</a>.</p>', 'SenzaFilo2014Loc_t.jpg', 'SenzaFilo2014Loc.jpg', 'http://www.progettohmr.it/SenzaFilo/'),
(109, 'no', '', 'Un mese con Turing e l’Enigma', 'dal 28 febbraio al 29 marzo 2015, al Museo degli Strumenti per il Calcolo (e non solo)', '<p>Cogliendo al volo l\'interesse seguito a&nbsp;<strong>The Imitation Game</strong><br />e al suo meritato Oscar (miglior sceneggiatura non originale)<br />HMR &egrave; felice di proporre un ricco programma di eventi:<br />l\'<strong>Enigma</strong>&nbsp;al nostro Museo, e poi approfondimenti su&nbsp;<strong>Turing</strong>&nbsp;e&nbsp;<strong>Bletchley Park</strong>, sulla&nbsp;<strong>crittografia</strong>, sul serio e nella fantasia, nella storia e nel quotidiano, film con presentazioni e dibattiti, il Turing di Tuono Pettinato, tavole rotonde, articoli, dirette streaming e laboratori per le scuole.<br /><strong>Orario della Mostra dal 14 al 22 marzo</strong><br />sabato 14 (inaugurazione), 15.00-19.00<br />domenica 15, sabato 21 e domenica 22, 10.00-19.00<br />da luned&igrave; 16 a venerd&igrave; 20, 9.00-19.00<br /><a href=\"../Documenti/HMR_2011d_MappaMuseoSC.pdf\">Come raggiungere il Museo<br /></a><strong>Info e prenotazioni per le scuole:</strong><br />Francesca Corradi (<a href=\"mailto:francesca.corradi@unipi.it\">francesca.corradi@unipi.it</a>)<br />tel. 050 2213626, luned&igrave;-venerd&igrave;, 9-13<br /><strong>Ultim\'ora, aggiornamenti e dirette su</strong>&nbsp;<a href=\"http://www.facebook.com/MuseoStrumentiCalcolo?ref=hl\" target=\"_blank\" rel=\"noopener\"><img src=\"../images/FacebookButt.png\" alt=\"Facebook\" width=\"20\" height=\"20\" align=\"top\" /></a>&nbsp;e&nbsp;<a href=\"http://twitter.com/PecoriniArianna\" target=\"_blank\" rel=\"noopener\"><img src=\"../images/TwitterButt.png\" alt=\"Twitter\" width=\"20\" height=\"20\" align=\"top\" /><br /></a>Iniziativa realizzata in collaborazione con:</p>\r\n<ul>\r\n<li>i corsi di laurea in&nbsp;<a href=\"http://ce.iet.unipi.it/\" target=\"_blank\" rel=\"noopener\">Ingegneria Informatica</a>&nbsp;e&nbsp;<a href=\"http://www.di.unipi.it/didattica\" target=\"_blank\" rel=\"noopener\">Informatica</a></li>\r\n<li>il&nbsp;<a href=\"http://www.sma.unipi.it/\" target=\"_blank\" rel=\"noopener\">Sistema Museale d\'Ateneo</a></li>\r\n<li>il&nbsp;<a href=\"http://cultura.mise.gov.it/museoPPTT_fe\" target=\"_blank\" rel=\"noopener\">Museo Storico della Comunicazione</a>&nbsp;del&nbsp;<a href=\"http://www.sviluppoeconomico.gov.it/\" target=\"_blank\" rel=\"noopener\">MiSE</a></li>\r\n<li>la&nbsp;<a href=\"http://www.fondazionegalileogalilei.it/\" target=\"_blank\" rel=\"noopener\">Fondazione Galileo Galilei</a></li>\r\n<li>il&nbsp;<a href=\"http://www.arsenalecinema.it/\" target=\"_blank\" rel=\"noopener\">Cinema Arsenale</a></li>\r\n<li>il quotidiano online&nbsp;<a href=\"http://www.paginaq.it/\" target=\"_blank\" rel=\"noopener\">paginaQ</a></li>\r\n<li>la webradio&nbsp;<a href=\"http://www.radiocicletta.it/\" target=\"_blank\" rel=\"noopener\">Radiocicletta.it</a></li>\r\n<li>il&nbsp;<a href=\"http://www.teatrorossiaperto.it/\" target=\"_blank\" rel=\"noopener\">Teatro Rossi Aperto</a></li>\r\n</ul>', 'HMR_2015-TuringEnigma_t.jpg', 'HMR_2015-TuringEnigma.jpg', 'http://www.progettohmr.it/TuringEnigma/'),
(110, 'no', '', 'Da Vito Volterra alla simulazione ad agenti', 'Sabato 16 maggio 2015, dalle 20.00, La Notte dei Musei al Museo degli Strumenti per il Calcolo', '<p>Il tema assegnato alla Notte dei Musei quest\'anno &egrave; la&nbsp;<strong>sostenibilit&agrave;</strong>, ai Musei va il compito di declinare l\'argomento<br />in termini della storia che conservano e raccontano.<br />HMR ha raccolto l\'invito e vi propone una serata<br />al Museo degli Strumenti per il Calcolo dedicata a quei<br />delicati equilibri da cui dipende la sostenibilit&agrave; della Terra.<br />Ovviamente visti con la lente del calcolo e dell\'informatica.<br /><strong>Vito Volterra</strong>&nbsp;dette molti contributi alla matematica e all\'organizzazione della ricerca in Italia.<br />Fra i suoi risultati pi&ugrave; noti c\'&egrave; il&nbsp;<strong>modello prede-predatori</strong>:<br />un sistema di equazioni che ben descrive gli equilibri<br />di molti ecosistemi naturali.<br />Lo svilupp&ograve; negli Anni \'20 del secolo scorso.<br />La&nbsp;<strong>simulazione ad agenti</strong>&nbsp;&egrave; uno strumento dell\'informatica moderna che ci permette di ricreare ecosistemi virtuali, modellando il comportamento dei singoli individui<br />e osservando cosa succede. Come in un gioco, ma serissimo.<br />E proprio un&nbsp;<strong><a href=\"../Blob/index.html\">videogioco</a></strong>&nbsp;abbiamo inventato per l\'occasione.<br />Vi sfidiamo a costruire e mantenere l\'equilibrio<br />fra due popolazioni di organismi unicellulari. Ci riuscirete?<br />In ogni caso sperimenterete quanto delicati e complessi<br />siano gli equilibri che governano la sostenibilit&agrave; del Pianeta.<br />Le altre Notti dei Musei firmate HMR:&nbsp;<a href=\"../NotteMusei2013/index.html\">2013</a>,&nbsp;<a href=\"../NVV2014/index.html\">2014</a></p>', 'HMR_NotteMusei2015Loc_t.jpg', 'HMR_NotteMusei2015Loc.jpg', 'http://www.progettohmr.it/NotteMusei2015/'),
(111, 'no', '', 'Don\'t be shy La Notte dei Vecchi Videogiochi 2015', 'Sabato 30 maggio, dalle 14 alle 24 al Museo degli Strumenti per il Calcolo', '<p>Non c\'&egrave; due senza tre: torna la Storia dell\'Informatica<br />per chi&nbsp;<a href=\"../PaginaQ/index.html#4CCsC_021\">gioca sul serio</a>.<br />La macchina e il gioco su cui vi sfidiamo?<br />Come al solito li dovete indovinare (ma &egrave; facile)<br />e se non ne avete idea &egrave; un motivo in pi&ugrave; per venire!<br />Qualche indizio? Non &egrave; pi&ugrave; il&nbsp;<a href=\"../PaginaQ/index.html#4CCsC_018\">NES</a>, ma come processore<br />non siamo molto lontani.<br />Col la NVV si inaugura anche la Mostra&nbsp;<strong>64 Mania</strong>,<br />un ulteriore motivo per visitare il Museo.<br />In pi&ugrave; interventi e chiacchiere con il Dott. Monge e con<br />chi ci sar&agrave;, approfondimenti, curiosit&agrave; e nostalgie a 8 bit.<br />La partecipazione &egrave; aperta a tutti e gratuita.<br />Per prendere parte al torneo occorre iscriversi (dal 18.05)<br />tramite una mail a&nbsp;<a href=\"mailto:francesca.corradi@unipi.it\">francesca.corradi@unipi.it</a><br />secondo quanto scritto nel&nbsp;<a href=\"HMR_NVV-Reg2015-3.02.pdf\">Regolamento</a>&nbsp;del torneo.<br />Il torneo si svolger&agrave; al Museo degli Strumenti per il Calcolo, via Bonanno Pisano, 2/B, Pisa (<a href=\"../Documenti/HMR_2011d_MappaMuseoSC.pdf\">mappa</a>).<br />Iscrizioni: dalle 00.00 del 18.05.<br />Registrazioni: dalle 14.00 del 30.05, le qualifiche a seguire.<br />Fasi finali del torneo: dalle 20.00 del 30.05.<br />Per ogni domanda potete approfittare della cortesia e della pazienza di&nbsp;<a href=\"mailto:francesca.corradi@unipi.it\">Francesca Corradi</a>&nbsp;(050 2213626, lu-ve 9-13).<br />Ma prima leggete il...&nbsp;<a href=\"HMR_NVV-Reg2015-3.02.pdf\">Regolamento</a>&nbsp;:)</p>\r\n<p>Le altre NVV:&nbsp;<a href=\"../NVV2014/index.html\">NVV2014</a>,&nbsp;<a href=\"../NVV2014if/index.html\">NVV2014 IF</a>,&nbsp;<a href=\"../NVV2015airo/index.html\">NVV2015 AIRO</a></p>', 'HMR_NVV2015-Loc_t.jpg', 'HMR_NVV2015-Loc.jpg', 'http://www.progettohmr.it/NVV2015/'),
(113, 'no', '', 'Killing polyhedral models La Notte dei Vecchi Videogiochi 2015', '<a href=\'http://www.airo.org/conferences/airo2015/e-sport\'>speciale AIRO 1st e-sport competition</a>, 8 settembre, al Museo degli Strumenti per il Calcolo via Bonanno Pisano, 2/B, Pisa (mappa)', '<p>Torna la NVV in un\'edizione speciale per la Conferenza<br />dell\'Associazione Italiana di Ricerca Operativa.<br />Speciale anche per la formula del torneo:<br />la prima NVV su un FPS con confronti diretti a squadre!<br />Il gioco? Non &egrave; il solito titolone, ma la NVV &egrave; fatta anche<br />per&nbsp;<a href=\"../Documenti/HMR_2015d_GCAF-NVVairoInfo.pdf\">raccontare cose</a>&nbsp;e portare alla vostra ludica attenzione<br />giochi poco noti. Ma meritevoli.<br />Per esempio un figlio del primo FPS pensato specificatamente multiplayer, nato come mod e distribuito open source.<br />Fra gli scopi di AIRO c\'&egrave; anche far conoscere al pubblico<br />la ricerca operativa, una disciplina assai legata all\'informatica<br />e con... poliedriche ricadute applicative.<br />Quindi, per participare alla NVV dovrete mostrare un sincero<br />interesse impegnandovi, come recita il&nbsp;<a href=\"../Documenti/HMR_2015d_GCAF-NVVairoReg-1.10it.pdf\">Regolamento</a>,<br />a \"motivare, ancorch&eacute; in modo arbitrariamente fantasioso,<br />di avere una qualsivoglia relazione con la conferenza\" :)<br />L\'iscrizione &egrave; gratuita, scrivere a&nbsp;<a href=\"mailto:frangio@di.unipi.it\">frangio@di.unipi.it</a><br />secondo quanto scritto nel&nbsp;<a href=\"../Documenti/HMR_2015d_GCAF-NVVairoReg-1.10it.pdf\">Regolamento</a>&nbsp;del torneo.<br />Il Museo sar&agrave; aperto e visitabile tutta la serata.<br />Per ogni domanda:&nbsp;<a href=\"mailto:frangio@di.unipi.it\">frangio@di.unipi.it</a>,<br />ma prima leggete il...&nbsp;<a href=\"../Documenti/HMR_2015d_GCAF-NVVairoReg-1.10it.pdf\">Regolamento</a>!</p>\r\n<p>Le altre NVV:&nbsp;<a href=\"../NVV2014/index.html\">NVV2014</a>,&nbsp;<a href=\"../NVV2014if/index.html\">NVV2014 IF</a>,&nbsp;<a href=\"../NVV2015/index.html\">NVV2015</a></p>', 'HMR_NVV2015airo_t.jpg', 'HMR_NVV2015airo.jpg', ' http://www.progettohmr.it/NVV2015airo/'),
(114, 'no', '', 'Computers for the Masses', 'Dal 25 settembre 2015 al 28 febbraio 2016, una mostra del <a href=\'http://www.marina.difesa.it/storiacultura/ufficiostorico/musei/museotecnav\'>Museo Tecnico Navale della Spezia</a>', '<p>Uno smartphone, un tablet, una console per videogiochi<br />sono strumenti di calcolo. Anche un PC, ovviamente.<br />Ci sono calcoli per tutti i gusti.<br />Da quelli proprio facili come una divisione con il divisore<br />a sette cifre, a quelli veramente complessi come le schermate<br />disegnate ogni frazione di secondo per farci vivere<br />nel mondo virtuale di un videogioco.<br />Calcolatrici e calcolatori sono le macchine che ci aiutano<br />a eseguire questi calcoli. La mostra parla di loro.<br />La loro storia inizia molto tempo fa.<br />Sono tutte macchine digitali, meccaniche e decimali prima,<br />elettroniche e binarie poi.<br />Non &egrave; tutta la storia: richiederebbe molto pi&ugrave; spazio.<br />Sono istantanee. Scelte cercando di cogliere anche<br />qualcuno dei momenti meno noti.<br />Per raccontarla abbiamo riunito diversi attori impegnati<br />nel conservare e diffondere la storia dell\'informatica.<br />Purtroppo non tutti: richiederebbe molto pi&ugrave; spazio.<br />&Egrave; un inizio.<br />Computers for the masses &egrave; un motto preso a prestito<br />da Jack Tramiel, uno dei tanti protagonisti del periodo che,<br /> fra fine anni \'70 e inizio anni \'90, ha visto l\'informatica<br /> trasformarsi da oggetto di ricerca a strumento di lavoro,<br /> poi hobby, infine origine di accessori<br />di uso naturale e quotidiano.<br /><br />Inaugurazione 25 settembre, per la Notte dei Ricercatori</p>', 'HMR_2015d_GC-CompMass-Loc_t.jpg', 'HMR_2015d_GC-CompMass-Loc.jpg', 'http://www.progettohmr.it/ComputersForTheMasses/'),
(120, 'no', '', '', '', '', '', '', 'http://www.progettohmr.it/Pixel45/'),
(129, 'no', '', '', '', '', '', '', 'http://ProgettoHMR.it/LuoghiCEP/'),
(136, 'no', '', '', '', '', '', '', 'https://ProgettoHMR.it/Corso/2017-18/'),
(207, 'no', '', '', '', '', '', '', 'http://www.progettohmr.it/NVV2018'),
(210, 'no', '', 'Storie oltre la mela @ All About Apple', 'Incontri all’AAA Museum per raccontar di storia dell’informatica', '', '', '', 'OltreLaMela/'),
(214, 'no', '', '', '', '', '', '', 'https://ProgettoHMR.it/ArchivioDiGiorgio/'),
(215, 'no', '', 'Inizio del corso di Storia dell’Informatica 2018/2019', '', '', '', '', 'http://ProgettoHMR.it/Corso'),
(237, 'no', '', 'Inizio del corso di Storia dell’Informatica 2019/20', 'Corso di Laurea in Informatica Umanistica, Università di Pisa', '', '', '', './Corso'),
(240, 'no', '', 'Scalare il futuro, il gioco di ruolo sull’alba dell’informatica', '<a href=\"../SFGiocoDiRuolo\">Anteprima</a> all’Internet Festival 2019', '', '', '', './SFGiocoDiRuolo'),
(241, 'no', '', '', '', '', '', '', './Retrologico'),
(251, 'no', '', 'RiBau', 'Il CANE torna a correre', '', '', '', 'RiBau'),
(253, 'no', '', 'Inizio del corso di Storia dell’Informatica 2020/21', 'Corso di Laurea in Informatica Umanistica, Università di Pisa', '', '', '', './Corso');

-- --------------------------------------------------------

--
-- Struttura della tabella `dedicatedpagesediting`
--

CREATE TABLE `dedicatedpagesediting` (
  `IdPg` int(11) NOT NULL,
  `NewPage` varchar(2) COLLATE utf8_bin NOT NULL,
  `Folder` varchar(50) COLLATE utf8_bin NOT NULL,
  `Title` varchar(250) COLLATE utf8_bin NOT NULL,
  `Subtitle` varchar(250) COLLATE utf8_bin NOT NULL,
  `Text` text COLLATE utf8_bin NOT NULL,
  `TmbLink` varchar(100) COLLATE utf8_bin NOT NULL,
  `ImgLink` varchar(100) COLLATE utf8_bin NOT NULL,
  `LinkRifPage` varchar(150) COLLATE utf8_bin NOT NULL
) ENGINE=InnoDB DEFAULT CHARSET=utf8 COLLATE=utf8_bin;

-- --------------------------------------------------------

--
-- Struttura della tabella `doclinks`
--

CREATE TABLE `doclinks` (
  `IdLk` int(11) NOT NULL,
  `AnchorText` varchar(120) COLLATE utf8_bin NOT NULL,
  `Pdf` varchar(50) COLLATE utf8_bin NOT NULL,
  `ExtLink` varchar(100) COLLATE utf8_bin NOT NULL
) ENGINE=InnoDB DEFAULT CHARSET=utf8 COLLATE=utf8_bin;

--
-- Dump dei dati per la tabella `doclinks`
--

INSERT INTO `doclinks` (`IdLk`, `AnchorText`, `Pdf`, `ExtLink`) VALUES
(1, '', 'HMR_2008i_GC-LezStI.pdf', ''),
(2, '', 'HMR_2008i_GC-SemDip.pdf', ''),
(3, 'Presentazione FM', 'HMR_2008i_FM.pdf', ''),
(4, 'Presentazione DC', 'HMR_2008i_DC.pdf', ''),
(5, '', 'HMR_2008i_GC-SemDip.pdf', ''),
(6, 'Presentazione FM', 'HMR_2008i_FM.pdf', ''),
(7, 'Presentazione DC', 'HMR_2008i_DC.pdf', ''),
(8, '', 'HMR_2009i_GCDCCI-LezStI.pdf', ''),
(9, '', 'HMR_2009i_GCDCCI-PisaCulla.pdf', ''),
(10, 'Video', 'HMR_2009i_GCDCCI-PisaCulla.flv', ''),
(11, '', 'HMR_2009s_GCDCCI-AICA-cr.pdf', ''),
(12, 'Presentazione', 'HMR_2009s_GCDCCI-AICA-pr.pdf', ''),
(13, '', 'HMR_2009s_GCDCCI-AICA-cr.pdf', ''),
(14, 'Presentazione', 'HMR_2009s_GCDCCI-AICA-pr.pdf', ''),
(15, '', 'HMR_2009s_GCDCCI-AICA-pr.pdf', ''),
(16, '', 'HMR_2009s_GCDCCI-AICA-pr.pdf', ''),
(17, '', 'HMR_2010i_GCDCCI-Didamat.pdf', ''),
(18, '', 'HMR_2010v_GCFGSF-EtrOggi.pdf', ''),
(19, '', 'HMR_2010v_GCFGSF-EtrOggi.pdf', ''),
(20, '', 'HMR_2011i_GC-IntFest.pdf', ''),
(21, 'Poster', 'HMR_2011i_GC-IntFest-ps.pdf', ''),
(22, '', 'HMR_2011i_GC-IntFest.pdf', ''),
(23, 'Poster', 'HMR_2011i_GC-IntFest-ps.pdf', ''),
(24, '', 'HMR_2011i_GC-IntFest.pdf', ''),
(25, 'Poster', 'HMR_2011i_GC-IntFest-ps.pdf', ''),
(26, 'sul catalogo della Pisa Univer', '', 'https://www.pisauniversitypress.it/scheda-libro/autori-vari/la-cep-prima-della-cep-9788867413034-155'),
(27, 'sul catalogo della Pisa Univer', '', 'https://www.pisauniversitypress.it/scheda-libro/autori-vari/la-cep-prima-della-cep-9788867413034-155'),
(28, 'sul catalogo della Pisa Univer', '', 'https://www.pisauniversitypress.it/scheda-libro/autori-vari/la-cep-prima-della-cep-9788867413034-155'),
(29, '', 'HMR_2011i_GC-LezInfDid.pdf', ''),
(30, '', 'HMR_2011i_GC-IntFest.pdf', ''),
(31, 'Poster', 'HMR_2011i_GC-IntFest-ps.pdf', ''),
(32, '', 'HMR_2011i_GC-Lab.pdf', ''),
(33, 'sul catalogo della Pisa Univer', '', 'https://www.pisauniversitypress.it/scheda-libro/autori-vari/la-cep-prima-della-cep-9788867413034-155'),
(34, 'sul catalogo della Pisa Univer', '', 'https://www.pisauniversitypress.it/scheda-libro/autori-vari/la-cep-prima-della-cep-9788867413034-155'),
(35, '', 'HMR_2011i_GC-IntFest.pdf', ''),
(36, 'Poster', 'HMR_2011i_GC-IntFest-ps.pdf', ''),
(37, '', 'HMR_2010v_GCFGSF-EtrOggi.pdf', ''),
(38, '', 'HMR_2011i_GC-Forseti.pdf', ''),
(39, '', 'HMR_2012i_GC-AnniVel.pdf', ''),
(40, '', 'HMR_2012i_GCFG-Crono.pdf', ''),
(41, 'a', 'HMR_2012d_GC-VCFE13a.pdf', ''),
(42, 'b', 'HMR_2012d_GC-VCFE13b.pdf', ''),
(43, '', 'HMR_2012i_GC-DipIng.pdf', ''),
(44, '', 'HMR_2012s_GCFG-Didamat-cr.pdf', ''),
(45, '', 'HMR_2012s_GCFG-Calci-tx.pdf', ''),
(46, 'presentazione', 'HMR_2012s_GCFG-Calci-pr.pdf', ''),
(47, '', 'HMR_2012s_GC-Turing-sc.pdf', ''),
(48, '', 'HMR_2012s_GC-Turing-sc.pdf', ''),
(49, '', 'HMR_2012s_GCFG-HistElCon-cr.pdf', ''),
(50, 'presentazione', 'HMR_2012s_GCFG-HistElCon-pr.pdf', ''),
(51, 'su IEEExplore', '', 'http://ieeexplore.ieee.org/document/6487563/?reload=true&tp=&arnumber=6487563'),
(52, 'sul catalogo della Pisa Univer', '', 'https://www.pisauniversitypress.it/scheda-libro/autori-vari/la-cep-prima-della-cep-9788867413034-155'),
(53, '', 'HMR_2012s_GCFG-Didamat-cr.pdf', ''),
(54, '', 'HMR_2012v_FC-Imprenditori.pdf', ''),
(55, '', 'HMR_2012v_FC-Imprenditori.pdf', ''),
(56, 'su Google Europe Blog', '', 'https://europe.googleblog.com/2013/03/tracing-birth-of-italian-computer.html'),
(57, '', 'HMR_2013i_GC-Caruso.pdf', ''),
(58, '', 'HMR_2013i_GC-KTriang.pdf', ''),
(59, '', 'HMR_2013s_GCFG-IfipMHCR-cr.pdf', ''),
(60, 'Presentazione', 'HMR_2013s_GCFG-IfipMHCR-pr.pdf', ''),
(61, '', 'HMR_2013s_GCFG-IfipMHCR-cr.pdf', ''),
(62, 'Presentazione', 'HMR_2013s_GCFG-IfipMHCR-pr.pdf', ''),
(63, '', 'HMR_2013i_GCFG-CNAM.pdf', ''),
(64, '', 'HMR_2012i_GC-AnniVel.pdf', ''),
(65, '', 'HMR_2012i_GC-AnniVel.pdf', ''),
(66, '', 'HMR_2013i_GCFG-CNAM.pdf', ''),
(67, '', 'HMR_2013i_GCFG-CNAM.pdf', ''),
(68, '', 'HMR_2013i_GCFG-CNAM.pdf', ''),
(69, '', 'HMR_2013s_GCFGGLCM-AICA-cr.pdf', ''),
(70, '', 'HMR_2013i_GC-Shine.pdf', ''),
(71, '', 'HMR_2013i_GC-CultDig.pdf', ''),
(72, '', 'HMR_2013i_GC-PresDid.pdf', ''),
(73, '', 'HMR_2013s_GCFG-HaPoC-ab.pdf', ''),
(74, 'Presentazione', 'HMR_2013s_GCFG-HaPoC-pr.pdf', ''),
(75, '', 'HMR_2013s_GCFG-HaPoC-ab.pdf', ''),
(76, 'Presentazione', 'HMR_2013s_GCFG-HaPoC-pr.pdf', ''),
(77, '', 'HMR_2013s_GCFG-ANMS-ps.pdf', ''),
(78, 'Sommario', 'HMR_2013s_GCFG-ANMS-ab.pdf', ''),
(79, '', 'HMR_2014i_GC-LezEspProg.pdf', ''),
(80, '', 'HMR_2014i_GC-HHour.pdf', ''),
(81, '', 'HMR_2014i_GC-GutKnuth.pdf', ''),
(82, '', 'HMR_2014i_GC-GutKnuth.pdf', ''),
(83, '', 'HMR_2014i_GC-Bright.pdf', ''),
(84, '', 'HMR_2014i_GC-LinuxDay.pdf', ''),
(85, '', 'HMR_2014i_GC-CultDig.pdf', ''),
(86, '', 'HMR_2014s_GCCC-ANMS-ab.pdf', ''),
(87, 'Presentazione', 'HMR_2014s_GCCC-ANMS-pr.pdf', ''),
(88, '', 'HMR_2014s_GCFGSP-ACMJoCCH-cr.pdf', ''),
(89, '', 'HMR_2014s_GCFGGL-RICHES-ps.pdf', ''),
(90, '', 'HMR_2015i_GC-Stradella.pdf', ''),
(91, '', 'HMR_2015i_GC-MiSE.pdf', ''),
(92, '', 'HMR_2015i_GC-MiSE.pdf', ''),
(93, '', 'HMR_2015i_GC-ANDInf.pdf', ''),
(94, '', 'HMR_2015s_GC-XlaTang-sc.pdf', ''),
(95, '', 'HMR_2015i_GC-Fubini.pdf', ''),
(96, '', 'HMR_2015s_GCLCTM-ICEC.pdf', ''),
(97, 'Poster', 'HMR_2015s_GC-HaPoC-pr.pdf', ''),
(98, '', 'HMR_2015s_GC-HaPoC-ea.pdf', ''),
(99, 'Presentazione', 'HMR_2015s_GC-HaPoC-pr.pdf', ''),
(100, '', 'HMR_2015i_GC-BelCalc.pdf', ''),
(101, '', 'HMR_2015s_GC-ANMS-ea.pdf', ''),
(102, 'Presentazione', 'HMR_2015s_GC-ANMS-pr.pdf', ''),
(103, '', 'HMR_2015d_GCAM-SFilo.pdf', ''),
(104, 'Locandina', 'HMR_2015d_GCAM-SFilo.jpg', ''),
(105, '', 'HMR_2015d_GCAM-SFilo.pdf', ''),
(106, 'Locandina', 'HMR_2015d_GCAM-SFilo.jpg', ''),
(107, '', 'HMR_2015i_GC-Finac.pdf', ''),
(108, 'Brochure', 'FINAC60_2015d_Brochure.pdf', ''),
(109, '', 'HMR_2015s_GC-AIUCDab.pdf', ''),
(110, 'Presentazione', 'HMR_2015s_GC-AIUCDpr.pdf', ''),
(111, '', 'HMR_2016i_GC-OrdIng.pdf', ''),
(112, '', 'HMR_2016s_GC-Didamat.pdf', ''),
(113, 'Presentazione', 'HMR_2016s_GC-Didamat-pr.pdf', ''),
(114, '', 'HMR_2016i_GC-ABitOfHistory.pdf', ''),
(115, '', 'HMR_2016s_GCGC-IFIP97.pdf', ''),
(116, 'Articolo', 'HMR_2016s_GCGC-IFIP97-pp.pdf', ''),
(117, 'Tavola rotonda', 'HMR_2016s_GCGC-IFIP97-rt.pdf', ''),
(118, '', 'HMR_2016i_GC-AICAVerona.pdf', ''),
(119, 'Sommario', 'HMR_2016i_GC-AICAVerona-abs.pdf', ''),
(120, '', 'HMR_2016d_EM-TirCHKB.pdf', ''),
(121, '', 'HMR_2016s_GCEM-ANMS-abs.pdf', ''),
(122, 'Presentazione in inglese', 'HMR_2016s_GCEM-ANMS-pr.pdf', ''),
(123, '', 'HMR_2017s_GCEM-AIUCD-BoA.pdf', ''),
(124, 'Presentazione in inglese', 'HMR_2017s_GCEM-AIUCD-pr.pdf', ''),
(125, '', 'HMR_2017i_GC-Indiesagio-pr.pdf', ''),
(126, '', 'HMR_2006s_GCSM-AICA-cr.pdf', ''),
(127, 'Presentazione', 'HMR_2006s_GCSM-AICA-pr.pdf', ''),
(128, '', 'HMR_2008i_GC-LezStI.pdf', ''),
(129, '', 'HMR_2008i_GC-SemDip.pdf', ''),
(130, 'Presentazione FM', 'HMR_2008i_FM.pdf', ''),
(131, 'Presentazione DC', 'HMR_2008i_DC.pdf', ''),
(132, '', 'HMR_2009i_GCDCCI-LezStI.pdf', ''),
(133, '', 'HMR_2009i_GCDCCI-PisaCulla.pdf', ''),
(134, 'Video', 'HMR_2009i_GCDCCI-PisaCulla.flv', ''),
(135, '', 'HMR_2009s_GCDCCI-AICA-cr.pdf', ''),
(136, 'Presentazione', 'HMR_2009s_GCDCCI-AICA-pr.pdf', ''),
(137, '', 'HMR_2009s_GCDCCI-AICA-pr.pdf', ''),
(138, '', 'HMR_2010i_GCDCCI-Didamat.pdf', ''),
(139, '', 'HMR_2010v_GCFGSF-EtrOggi.pdf', ''),
(140, '', 'HMR_2010i_GC-AICA.pdf', ''),
(141, 'Introduzione alla sessione', 'HMR_2010i_GC-AICAsess.pdf', ''),
(142, '', 'HMR_2011i_GC-IntFest.pdf', ''),
(143, 'Poster', 'HMR_2011i_GC-IntFest-ps.pdf', ''),
(144, '', 'HMR_2011i_GC-IntFest.pdf', ''),
(145, 'Poster', 'HMR_2011i_GC-IntFest-ps.pdf', ''),
(146, '', 'HMR_2011i_GC-IntFest.pdf', ''),
(147, 'Poster', 'HMR_2011i_GC-IntFest-ps.pdf', ''),
(148, 'sul catalogo della Pisa Univer', '', 'https://www.pisauniversitypress.it/scheda-libro/autori-vari/la-cep-prima-della-cep-9788867413034-155'),
(149, '', 'HMR_2011i_GC-LezInfDid.pdf', ''),
(150, '', 'HMR_2011i_GC-Lab.pdf', ''),
(151, '', 'HMR_2011i_GC-Forseti.pdf', ''),
(152, '', 'HMR_2012i_GC-AnniVel.pdf', ''),
(153, '', 'HMR_2012i_GCFG-Crono.pdf', ''),
(154, '', 'HMR_2012i_GCFG-Crono.pdf', ''),
(155, 'a', 'HMR_2012d_GC-VCFE13a.pdf', ''),
(156, 'b', 'HMR_2012d_GC-VCFE13b.pdf', ''),
(157, 'a', 'HMR_2012d_GC-VCFE13a.pdf', ''),
(158, 'b', 'HMR_2012d_GC-VCFE13b.pdf', ''),
(159, 'a', 'HMR_2012d_GC-VCFE13a.pdf', ''),
(160, 'b', 'HMR_2012d_GC-VCFE13b.pdf', ''),
(161, '', 'HMR_2012i_GC-DipIng.pdf', ''),
(162, '', 'HMR_2012s_GCFG-Didamat-cr.pdf', ''),
(163, '', 'HMR_2012s_GCFG-Calci-tx.pdf', ''),
(164, 'presentazione', 'HMR_2012s_GCFG-Calci-pr.pdf', ''),
(165, '', 'HMR_2012s_GC-Turing-sc.pdf', ''),
(166, '', 'HMR_2012s_GCFG-HistElCon-cr.pdf', ''),
(167, 'presentazione', 'HMR_2012s_GCFG-HistElCon-pr.pdf', ''),
(168, 'su IEEExplore', '', 'http://ieeexplore.ieee.org/document/6487563/?reload=true&tp=&arnumber=6487563'),
(169, '', 'HMR_2012v_FC-Imprenditori.pdf', ''),
(170, 'su Google Europe Blog', '', 'https://europe.googleblog.com/2013/03/tracing-birth-of-italian-computer.html'),
(171, '', 'HMR_1993d_DM0419.pdf', ''),
(172, '', 'HMR_2017l_FG-STI-ColtanoAtlantide.pdf', ''),
(173, 'sommario', 'HMR_2017l_FG-STI-ColtanoAtlantideAbs.pdf', ''),
(174, '', 'HMR_2017l_FG-STI-ColtanoAtlantide.pdf', ''),
(175, 'sommario', 'HMR_2017l_FG-STI-ColtanoAtlantideAbs.pdf', ''),
(176, '', 'HMR_2017l_FG-STI-ColtanoAtlantide.pdf', ''),
(177, 'sommario', 'HMR_2017l_FG-STI-ColtanoAtlantideAbs.pdf', ''),
(178, '', 'HMR_2017l_FG-STI-ColtanoAtlantide.pdf', ''),
(179, 'sommario', 'HMR_2017l_FG-STI-ColtanoAtlantideAbs.pdf', ''),
(180, '', 'HMR_2017s_GCECMPNP-ANMSLuoghiCEPabs.pdf', ''),
(181, 'presentazione', 'HMR_2017s_GCECMPNP-ANMSLuoghiCEPpr.pdf', ''),
(182, '', '', 'https://drive.google.com/open?id=1dcR5BP3rUS2Fm765mUSZgD9S5Cr-KzBg'),
(183, '', '', 'https://drive.google.com/open?id=1dcR5BP3rUS2Fm765mUSZgD9S5Cr-KzBg'),
(184, '', 'HMR_2017l_FG-STI-ColtanoAtlantide.pdf', ''),
(185, 'sommario', 'HMR_2017l_FG-STI-ColtanoAtlantideAbs.pdf', ''),
(186, '', 'HMR_2015s_GCLCTM-ICEC.pdf', ''),
(187, 'Poster', 'HMR_2015s_GC-HaPoC-pr.pdf', ''),
(188, '', 'HMR_2015s_GCLCTM-ICEC.pdf', ''),
(189, 'Poster', 'HMR_2015s_GC-HaPoC-pr.pdf', ''),
(190, '', 'HMR_2015s_GCLCTM-ICEC.pdf', ''),
(191, 'Poster', 'HMR_2015s_GC-HaPoC-pr.pdf', ''),
(192, '', 'HMR_2015s_GCLCTM-ICEC.pdf', ''),
(193, 'Poster', 'HMR_2015s_GC-HaPoC-pr.pdf', ''),
(194, '', 'HMR_2017s_GC-MusScMem17.pdf', ''),
(195, '', 'HMR_2017s_GC-MusScMem17.pdf', ''),
(196, '', 'HMR_2017s_GC-MusScMem17.pdf', ''),
(197, '', 'HMR_2017s_GCAM-ANMSPixel45abs.pdf', ''),
(198, 'presentazione', 'HMR_2017s_GCAM-ANMSPixel45pr.pdf', ''),
(199, '', 'HMR_2017s_GCCC-MusScMem16.pdf', ''),
(200, '', 'HMR_2017s_GC-Didamat.pdf', ''),
(201, 'presentazione', 'HMR_2017s_GC-Didamat-pr.pdf', ''),
(202, '', 'HMR_2016s_GCFGCT-ANMS2013.pdf', ''),
(203, '', 'HMR_2017i_GC-ComPVter.pdf', ''),
(204, '', 'HMR_2017i_GC-MelaTosta.pdf', ''),
(205, '', 'HMR_2017i_GCWZ-Vicoretro.pdf', ''),
(206, '', 'HMR_2017i_GCAM-Pixel45-0608.pdf', ''),
(207, '', 'HMR_2017i_GC-Luna.pdf', ''),
(208, 'GC', 'HMR_2017i_GCNPEC-CultDigGCpr.pdf', ''),
(209, 'NP', 'HMR_2017i_GCNPEC-CultDigNPpr.pdf', ''),
(210, 'EC', 'HMR_2017i_GCNPEC-CultDigECpr.pdf', ''),
(211, '', 'HMR_2017d_NP-TesiOggiSTI.pdf', ''),
(212, '', 'HMR_2017d_NP-TesiOggiSTI.pdf', ''),
(213, '', 'HMR_2017d_GC-P101RPN.pdf', ''),
(214, '', 'HMR_2017d_GCAM-Pixel45-Mappa.pdf', ''),
(215, '', 'HMR_2017d_GCAM-Pixel45-Elenco.pdf', ''),
(216, '', 'HMR_2017d_ES-TirCHKB.pdf', ''),
(217, '', 'HMR_2016d_GC-Manovella.pdf', ''),
(218, '', 'HMR_2016d_GCTM-CUSFareVG.pdf', ''),
(219, '', 'HMR_2015d_GCAF-NVVairoInfo.pdf', ''),
(220, 'sommario', 'HMR_2016d_GCRPMS-FScienza-Prop.pdf', ''),
(221, 'sommario', 'HMR_2016d_GCRPMS-FScienza-Prop.pdf', ''),
(222, '', 'HMR_2014i_GC-Luna.pdf', ''),
(223, '', 'HMR_2014i_GC-Luna.pdf', ''),
(224, '', 'HMR_2017s_GCAM-ANMSPixel45abs.pdf', ''),
(225, 'presentazione', 'HMR_2017s_GCAM-ANMSPixel45pr.pdf', ''),
(226, 'GC', 'HMR_2017i_GCNPEC-CultDigGCpr.pdf', ''),
(227, 'NP', 'HMR_2017i_GCNPEC-CultDigNPpr.pdf', ''),
(228, 'EC', 'HMR_2017i_GCNPEC-CultDigECpr.pdf', ''),
(229, 'GC', 'HMR_2017i_GCNPEC-CultDigGCpr.pdf', ''),
(230, 'NP', 'HMR_2017i_GCNPEC-CultDigNPpr.pdf', ''),
(231, 'EC', 'HMR_2017i_GCNPEC-CultDigECpr.pdf', ''),
(232, '', 'HMR_2016d_GC-Manovella.pdf', ''),
(233, '', 'HMR_2017s_GCAM-ANMSPixel45abs.pdf', ''),
(234, 'presentazione', 'HMR_2017s_GCAM-ANMSPixel45pr.pdf', ''),
(235, 'GC', 'HMR_2017i_GCNPEC-CultDigGCpr.pdf', ''),
(236, 'NP', 'HMR_2017i_GCNPEC-CultDigNPpr.pdf', ''),
(237, 'EC', 'HMR_2017i_GCNPEC-CultDigECpr.pdf', ''),
(238, '', 'HMR_2016d_GC-Manovella.pdf', ''),
(239, '', 'HMR_2014d_GC-TerraLuna.pdf', ''),
(240, '', 'HMR_2014d_GC-Formula.pdf', ''),
(241, '', 'HMR_2014d_GC-DiscoCif.pdf', ''),
(242, '', 'HMR_2014d_GC-DiscoCif.pdf', ''),
(243, '', 'HMR_2014d_GC-Formula.pdf', ''),
(244, 'Turing e gli altri', 'HMR_2015i_GC-TIG1.pdf', ''),
(245, 'Bletchley Park e Ultra', 'HMR_2015i_GC-TIG2.pdf', ''),
(246, 'L\'Enigma', 'HMR_2015i_GC-TIG3.pdf', ''),
(247, 'Le altre macchine', 'HMR_2015i_GC-TIG4.pdf', ''),
(248, '', 'HMR_2008i_GC-SemDip.pdf', ''),
(249, 'Presentazione FM', 'HMR_2008i_FM.pdf', ''),
(250, 'Presentazione DC', 'HMR_2008i_DC.pdf', ''),
(251, '', 'HMR_2009s_GCDCCI-AICA-pr.pdf', ''),
(252, '', 'HMR_2010i_GCDCCI-Didamat.pdf', ''),
(253, '', 'HMR_2011i_GC-IntFest.pdf', ''),
(254, 'Poster', 'HMR_2011i_GC-IntFest-ps.pdf', ''),
(255, '', 'HMR_2011i_GC-IntFest.pdf', ''),
(256, 'Poster', 'HMR_2011i_GC-IntFest-ps.pdf', ''),
(257, '', 'HMR_2011i_GC-CEPprimaCEP.pdf', ''),
(258, '', 'HMR_2011i_GC-Lab.pdf', ''),
(259, '', 'HMR_2011i_GC-Forseti.pdf', ''),
(260, '', 'HMR_2011i_FG-Forseti.pdf', ''),
(261, '', 'HMR_2012i_GCFGAR-VCFE13.pdf', ''),
(262, 'a', 'HMR_2012d_GC-VCFE13a.pdf', ''),
(263, 'b', 'HMR_2012d_GC-VCFE13b.pdf', ''),
(264, '', 'HMR_2013i_GC-CalcPer.pdf', ''),
(265, '', 'HMR_2013i_GC-CalcImm.pdf', ''),
(266, '', 'HMR_2013i_GC-CalcPer.pdf', ''),
(267, '', 'HMR_2013i_GC-AritPC.pdf', ''),
(268, '', 'HMR_2013i_FG-LabMuseo.pdf', ''),
(269, '', 'HMR_2013i_GC-AritPC.pdf', ''),
(270, '', 'HMR_2014i_GC-Caccia.pdf', ''),
(271, '', 'HMR_2014i_GC-NVVif.pdf', ''),
(272, '', 'HMR_2014i_GC-NVVif.pdf', ''),
(273, '', 'HMR_2014i_GC-SalaLab.pdf', ''),
(274, '', 'HMR_2014i_TMLC-LabVG.pdf', ''),
(275, '', 'HMR_2015i_GC-Volterra.pdf', ''),
(276, '', 'HMR_2015i_GCLCTM-CultDig.pdf', ''),
(277, '', 'HMR_2016i_GC-CompMassIntro.pdf', ''),
(278, 'pezzi in mostra', 'HMR_2016i_GC-CompMassPezzi.pdf', ''),
(279, '', 'HMR_2016i_AC-CompMassArit.pdf', ''),
(280, '', 'HMR_2016i_GC-CompMassIntro.pdf', ''),
(281, 'pezzi in mostra', 'HMR_2016i_GC-CompMassPezzi.pdf', ''),
(282, '', 'HMR_2016i_GC-ChiacchiereVG.pdf', ''),
(283, '', 'HMR_2016i_GC-ChiacchiereVG.pdf', ''),
(284, '', 'HMR_2016i_GC-CompMassAmiga.pdf', ''),
(285, '', 'HMR_2016i_GC-Vicoretro1.pdf', ''),
(286, 'il demoracconto della Macchina', 'HMR_2016i_GC-Vicoretro2.pdf', ''),
(287, '', 'HMR_2012s_GCSP-WAMS-cr.pdf', ''),
(288, 'presentazione', 'HMR_2012s_GCSP-WAMS-pr.pdf', ''),
(289, '', 'HMR_2012s_GCSP-WAMS-cr.pdf', ''),
(290, 'presentazione', 'HMR_2012s_GCSP-WAMS-pr.pdf', ''),
(291, '', 'HMR_2013s_GCFG-PiGal-tx.pdf', ''),
(292, '', 'HMR_2013s_GCFG-Didamat-cr.pdf', ''),
(293, 'presentazione', 'HMR_2013s_GCFG-Didamat-pr.pdf', ''),
(294, '', 'HMR_2013s_GCFG-IfipMHCR-cr.pdf', ''),
(295, 'Presentazione', 'HMR_2013s_GCFG-IfipMHCR-pr.pdf', ''),
(296, '', 'HMR_2013s_GCFG-IfipMHCR-cr.pdf', ''),
(297, 'Presentazione', 'HMR_2013s_GCFG-IfipMHCR-pr.pdf', ''),
(298, '', 'HMR_2013s_GCFG-IfipMHCR-cr.pdf', ''),
(299, 'Presentazione', 'HMR_2013s_GCFG-IfipMHCR-pr.pdf', ''),
(300, '', 'HMR_2013s_GCFGDR-DocCEP.pdf', ''),
(301, 'sul catalogo della Pisa Univer', '', 'https://www.pisauniversitypress.it/scheda-libro/dallaritmometro-al-pc-9788867413140-166002.html'),
(302, '', 'HMR_2015s_GC-XlaTang-sc.pdf', ''),
(303, 'la rivista online', '', 'http://www.xlatangente.it/upload/files/XlaT_online/03/index.html'),
(304, '', 'HMR_2010v_GCFGSF-EtrOggi.pdf', ''),
(305, '', 'HMR_2017d_GC-P101RPN.pdf', ''),
(307, '', 'HMR_2012d_GC-MRMangiasoldi.pdf', ''),
(308, '', 'HMR_2013d_GC-MR57QCM.pdf', ''),
(309, '', 'HMR_2013d_GC-MR57IstrNI38.pdf', ''),
(310, '', 'HMR_2009d_GC-NotaSchemi.pdf', ''),
(311, '', 'HMR_2011d_GCFG-Crono-2400.png', ''),
(312, '', 'HMR_2011d_GCFG-Crono-2400.png', ''),
(313, '24000x7200', 'HMR_2011d_GCFG-Crono-4800.png', ''),
(314, '', 'HMR_2016d_GC-Manovella.pdf', ''),
(315, 'tesi online', '', 'https://etd.adm.unipi.it/t/etd-11132012-133307/'),
(316, '', 'HMR_2012d_GC-Olivetti.pdf', ''),
(317, '', 'HMR_2012i_GC-AnniVel.pdf', ''),
(318, '', 'HMR_2013d_GC-OliT2.pdf', ''),
(319, '', 'HMR_2013d_GCFG-Crono.pdf', ''),
(320, '', 'HMR_2011d_GCFG-Crono-2400.png', ''),
(321, '24000x7200', 'HMR_2011d_GCFG-Crono-4800.png', ''),
(322, '', 'HMR_2014d_GCGL-Manovellando.pdf', ''),
(323, '', 'HMR_2014d_GC-AllestMSC.pdf', ''),
(324, '', 'HMR_2014d_GC-AllestCEP.pdf', ''),
(325, '', 'HMR_2014d_GCAMMFLT-PrimaMP3.pdf', ''),
(326, '', 'HMR_2014d_GC-QCM.pdf', ''),
(327, '', 'HMR_2014d_GCGLAM-SFilo1.pdf', ''),
(328, '', 'HMR_2014d_GCGLAM-SFilo1.pdf', ''),
(329, '', 'HMR_2014d_GC-QCM.pdf', ''),
(330, 'disegno allegato', 'HMR_2014d_GC-QCMblprnt.pdf', ''),
(331, '', 'HMR_2014d_GCGLAM-SFilo2.pdf', ''),
(332, '', 'HMR_2014d_GCGLAM-SFilo3.pdf', ''),
(333, '', 'HMR_2014d_GCGLAM-SFilo4.pdf', ''),
(334, '', 'HMR_2014d_GCGLAM-SFilo5.pdf', ''),
(335, '', 'HMR_2015d_GC-FakeStab.pdf', ''),
(336, '', 'HMR_2015d_GC-EnigmaLab.pdf', ''),
(337, '', 'HMR_2015d_GCGL-64Sprite.pdf', ''),
(338, '', 'HMR_2015d_GCGL-64SID.pdf', ''),
(339, '', 'HMR_2015d_GCGLAM-64Musica.pdf', ''),
(340, '', 'HMR_2015d_DA-TirCHKB.pdf', ''),
(341, '', 'HMR_2016d_GCAM-VicoPrimaMP3.pdf', ''),
(342, '', 'HMR_2016d_GCMCFGDMTM-VicoMiniExpo.pdf', ''),
(343, '', 'HMR_2016d_GC-Manovella.pdf', ''),
(344, '', 'HMR_2016d_GCMCFGDMTM-VicoMiniExpo.pdf', ''),
(345, '', 'HMR_2016d_GCMCFGDMTM-VicoMiniExpo.pdf', ''),
(346, 'su UniPi News', '', 'http://www.unipi.it/index.php/tutte-le-news/item/5631-un-mese-con-turing-e-lenigma'),
(347, 'su UniPi News', '', 'http://www.unipi.it/index.php/tutte-le-news/item/5826-la-crittografia-e-l%E2%80%99enigma'),
(348, '', 'HMR_2013i_GC-Assaggi.pdf', ''),
(349, '', 'HMR_2013i_GC-Assaggi.pdf', ''),
(350, 'L\'eredità di Fibonacci', 'HMR_2013i_GC-InvDig1.pdf', ''),
(351, 'Maledetti Transistor', 'HMR_2013i_GC-InvDig2.pdf', ''),
(352, 'Schermata di memoria', 'HMR_2013i_GC-InvDig3.pdf', ''),
(353, 'L\'eredità di Fibonacci', 'HMR_2013i_GC-InvDig1.pdf', ''),
(354, 'Maledetti Transistor', 'HMR_2013i_GC-InvDig2.pdf', ''),
(355, 'Schermata di memoria', 'HMR_2013i_GC-InvDig3.pdf', ''),
(356, 'La memoria bit per bit', 'HMR_2013i_GC-InvDig4.pdf', ''),
(357, 'La chiavetta primordiale', 'HMR_2013i_GC-InvDig5.pdf', ''),
(358, 'L\'eredità di Fibonacci', 'HMR_2013i_GC-InvDig1.pdf', ''),
(359, 'Maledetti Transistor', 'HMR_2013i_GC-InvDig2.pdf', ''),
(360, 'Schermata di memoria', 'HMR_2013i_GC-InvDig3.pdf', ''),
(361, 'La memoria bit per bit', 'HMR_2013i_GC-InvDig4.pdf', ''),
(362, 'La chiavetta primordiale', 'HMR_2013i_GC-InvDig5.pdf', ''),
(363, 'La rivincita del software', 'HMR_2013i_GC-InvDig6.pdf', ''),
(364, 'Storia dell\'Informatica, di co', 'HMR_2014i_GC-SemSTI1.pdf', ''),
(365, 'Verso il calcolatore, prodromi', 'HMR_2014i_GC-SemSTI2.pdf', ''),
(366, 'Le meccaniche, da Pascal e Lei', 'HMR_2014i_GC-SemSTI3.pdf', ''),
(367, 'I precursori, né calcolatrici ', 'HMR_2014i_GC-SemSTI4.pdf', ''),
(368, 'Storia dell\'Informatica, di co', 'HMR_2014i_GC-SemSTI1.pdf', ''),
(369, 'Verso il calcolatore, prodromi', 'HMR_2014i_GC-SemSTI2.pdf', ''),
(370, 'Le meccaniche, da Pascal e Lei', 'HMR_2014i_GC-SemSTI3.pdf', ''),
(371, 'I precursori, né calcolatrici ', 'HMR_2014i_GC-SemSTI4.pdf', ''),
(372, 'I calcolatori, dai primi ai su', 'HMR_2014i_GC-SemSTI5.pdf', ''),
(373, 'Storia dell\'Informatica, di co', 'HMR_2014i_GC-SemSTI1.pdf', ''),
(374, 'Verso il calcolatore, prodromi', 'HMR_2014i_GC-SemSTI2.pdf', ''),
(375, 'Le meccaniche, da Pascal e Lei', 'HMR_2014i_GC-SemSTI3.pdf', ''),
(376, 'I precursori, né calcolatrici ', 'HMR_2014i_GC-SemSTI4.pdf', ''),
(377, 'I calcolatori, dai primi ai su', 'HMR_2014i_GC-SemSTI5.pdf', ''),
(378, 'Il capitolo pisano, dal sincro', 'HMR_2014i_GC-SemSTI6.pdf', ''),
(379, 'Il calcolo personale, la stori', 'HMR_2014i_GC-SemSTI7.pdf', ''),
(380, 'L\'avventura Olivetti, in più c', 'HMR_2014i_GC-SemSTI8.pdf', ''),
(381, '', 'HMR_2014s_GC-AritPCQFGGn2.pdf', ''),
(382, 'Storia dell\'Informatica, di cosa parliamo, termini e concetti', 'HMR_2014i_GC-SemSTI1.pdf', ''),
(383, 'Verso il calcolatore, prodromi di un\'idea', 'HMR_2014i_GC-SemSTI2.pdf', ''),
(384, 'Le meccaniche, da Pascal e Leibniz alla Curta', 'HMR_2014i_GC-SemSTI3.pdf', ''),
(385, 'I precursori, né calcolatrici né calcolatori', 'HMR_2014i_GC-SemSTI4.pdf', ''),
(386, 'I calcolatori, dai primi ai super', 'HMR_2014i_GC-SemSTI5.pdf', ''),
(387, 'Il capitolo pisano, dal sincrotrone alle CEP', 'HMR_2014i_GC-SemSTI6.pdf', ''),
(388, 'Il calcolo personale, la storia del PC', 'HMR_2014i_GC-SemSTI7.pdf', ''),
(389, 'L\'avventura Olivetti, in più capitoli', 'HMR_2014i_GC-SemSTI8.pdf', ''),
(390, 'Storia dell\'Informatica, di cosa parliamo, termini e concetti', 'HMR_2014i_GC-SemSTI1.pdf', ''),
(391, 'Verso il calcolatore, prodromi di un\'idea', 'HMR_2014i_GC-SemSTI2.pdf', ''),
(392, 'Le meccaniche, da Pascal e Leibniz alla Curta', 'HMR_2014i_GC-SemSTI3.pdf', ''),
(393, 'I precursori, né calcolatrici né calcolatori', 'HMR_2014i_GC-SemSTI4.pdf', ''),
(394, 'I calcolatori, dai primi ai super', 'HMR_2014i_GC-SemSTI5.pdf', ''),
(395, 'Il capitolo pisano, dal sincrotrone alle CEP', 'HMR_2014i_GC-SemSTI6.pdf', ''),
(396, 'Il calcolo personale, la storia del PC', 'HMR_2014i_GC-SemSTI7.pdf', ''),
(397, 'L\'avventura Olivetti, in più capitoli', 'HMR_2014i_GC-SemSTI8.pdf', ''),
(398, '1', 'HMR_2013d_GC-CarEmo01.jpg', ''),
(399, '2', 'HMR_2013d_GC-CarEmo02.jpg', ''),
(400, '3', 'HMR_2013d_GC-CarEmo03.jpg', ''),
(401, '4', 'HMR_2013d_GC-CarEmo04.jpg', ''),
(402, '5', 'HMR_2013d_GC-CarEmo05.jpg', ''),
(403, '1', 'HMR_2013d_GC-CarEmo01.jpg', ''),
(404, '2', 'HMR_2013d_GC-CarEmo02.jpg', ''),
(405, '3', 'HMR_2013d_GC-CarEmo03.jpg', ''),
(406, '4', 'HMR_2013d_GC-CarEmo04.jpg', ''),
(407, '5', 'HMR_2013d_GC-CarEmo05.jpg', ''),
(408, '6', 'HMR_2013d_GC-CarEmo06.jpg', ''),
(409, '7', 'HMR_2013d_GC-CarEmo07.jpg', ''),
(410, '8', 'HMR_2013d_GC-CarEmo08.jpg', ''),
(411, '9', 'HMR_2013d_GC-CarEmo09.jpg', ''),
(412, '10', 'HMR_2013d_GC-CarEmo10.jpg', ''),
(413, '11', 'HMR_2013d_GC-CarEmo11.jpg', ''),
(414, '12', 'HMR_2013d_GC-CarEmo12.jpg', ''),
(415, '13', 'HMR_2013d_GC-CarEmo13.jpg', ''),
(416, '14', 'HMR_2013d_GC-CarEmo14.jpg', ''),
(417, '15', 'HMR_2013d_GC-CarEmo15.jpg', ''),
(418, '16', 'HMR_2013d_GC-CarEmo16.jpg', ''),
(419, '1', 'HMR_2013d_GC-CarEmo01.jpg', ''),
(420, '2', 'HMR_2013d_GC-CarEmo02.jpg', ''),
(421, '3', 'HMR_2013d_GC-CarEmo03.jpg', ''),
(422, '4', 'HMR_2013d_GC-CarEmo04.jpg', ''),
(423, '5', 'HMR_2013d_GC-CarEmo05.jpg', ''),
(424, '6', 'HMR_2013d_GC-CarEmo06.jpg', ''),
(425, '7', 'HMR_2013d_GC-CarEmo07.jpg', ''),
(426, '8', 'HMR_2013d_GC-CarEmo08.jpg', ''),
(427, '9', 'HMR_2013d_GC-CarEmo09.jpg', ''),
(428, '10', 'HMR_2013d_GC-CarEmo10.jpg', ''),
(429, '11', 'HMR_2013d_GC-CarEmo11.jpg', ''),
(430, '12', 'HMR_2013d_GC-CarEmo12.jpg', ''),
(431, '13', 'HMR_2013d_GC-CarEmo13.jpg', ''),
(432, '14', 'HMR_2013d_GC-CarEmo14.jpg', ''),
(433, '15', 'HMR_2013d_GC-CarEmo15.jpg', ''),
(434, '16', 'HMR_2013d_GC-CarEmo16.jpg', ''),
(435, '1', 'HMR_2013d_GC-CarEmo01.jpg', ''),
(436, '2', 'HMR_2013d_GC-CarEmo02.jpg', ''),
(437, '3', 'HMR_2013d_GC-CarEmo03.jpg', ''),
(438, '4', 'HMR_2013d_GC-CarEmo04.jpg', ''),
(439, '5', 'HMR_2013d_GC-CarEmo05.jpg', ''),
(440, '6', 'HMR_2013d_GC-CarEmo06.jpg', ''),
(441, '7', 'HMR_2013d_GC-CarEmo07.jpg', ''),
(442, '8', 'HMR_2013d_GC-CarEmo08.jpg', ''),
(443, '9', 'HMR_2013d_GC-CarEmo09.jpg', ''),
(444, '10', 'HMR_2013d_GC-CarEmo10.jpg', ''),
(445, '11', 'HMR_2013d_GC-CarEmo11.jpg', ''),
(446, '12', 'HMR_2013d_GC-CarEmo12.jpg', ''),
(447, '13', 'HMR_2013d_GC-CarEmo13.jpg', ''),
(448, '14', 'HMR_2013d_GC-CarEmo14.jpg', ''),
(449, '15', 'HMR_2013d_GC-CarEmo15.jpg', ''),
(450, '16', 'HMR_2013d_GC-CarEmo16.jpg', ''),
(451, '', 'HMR_2016i_GC-ChiacchiereVG.pdf', ''),
(452, '', 'HMR_2006s_GCSM-AICA-cr.pdf', ''),
(453, 'Presentazione', 'HMR_2006s_GCSM-AICA-pr.pdf', ''),
(454, '', 'HMR_2006s_GCSM-AICA-cr.pdf', ''),
(455, 'Presentazione', 'HMR_2006s_GCSM-AICA-pr.pdf', ''),
(456, '', '', 'https://drive.google.com/open?id=1dcR5BP3rUS2Fm765mUSZgD9S5Cr-KzBg'),
(457, '', 'HMR_2017l_FG-STI-ColtanoAtlantide.pdf', ''),
(458, 'sommario', 'HMR_2017l_FG-STI-ColtanoAtlantideAbs.pdf', ''),
(459, '', 'HMR_2017s_GCECMPNP-ANMSLuoghiCEPabs.pdf', ''),
(460, 'presentazione', 'HMR_2017s_GCECMPNP-ANMSLuoghiCEPpr.pdf', ''),
(461, '', 'HMR_2017i_GC-Indiesagio-pr.pdf', ''),
(462, '', 'HMR_2017s_GCEM-AIUCD-BoA.pdf', ''),
(463, 'Presentazione in inglese', 'HMR_2017s_GCEM-AIUCD-pr.pdf', ''),
(464, '', 'HMR_2016s_GCEM-ANMS-abs.pdf', ''),
(465, 'Presentazione in inglese', 'HMR_2016s_GCEM-ANMS-pr.pdf', ''),
(466, '', 'HMR_2016d_GC-Manovella.pdf', ''),
(467, '', 'HMR_2016d_EM-TirCHKB.pdf', ''),
(468, '', 'HMR_2016d_GCTM-CUSFareVG.pdf', ''),
(469, '', 'HMR_2016i_GC-AICAVerona.pdf', ''),
(470, 'Sommario', 'HMR_2016i_GC-AICAVerona-abs.pdf', ''),
(471, '', 'HMR_2016i_GC-Vicoretro1.pdf', ''),
(472, 'il demoracconto della Macchina', 'HMR_2016i_GC-Vicoretro2.pdf', ''),
(473, '', 'HMR_2016s_GCGC-IFIP97.pdf', ''),
(474, 'Articolo', 'HMR_2016s_GCGC-IFIP97-pp.pdf', ''),
(475, 'Tavola rotonda', 'HMR_2016s_GCGC-IFIP97-rt.pdf', ''),
(476, '', 'HMR_2016i_GC-ABitOfHistory.pdf', ''),
(477, '', 'HMR_2016i_GC-CompMassAmiga.pdf', ''),
(478, '', 'HMR_2016i_GC-ChiacchiereVG.pdf', ''),
(479, '', 'HMR_2016s_GC-Didamat.pdf', ''),
(480, 'Presentazione', 'HMR_2016s_GC-Didamat-pr.pdf', ''),
(481, '', 'HMR_2016i_GC-CompMassIntro.pdf', ''),
(482, 'pezzi in mostra', 'HMR_2016i_GC-CompMassPezzi.pdf', ''),
(483, '', 'HMR_2016i_GC-CompMassIntro.pdf', ''),
(484, 'pezzi in mostra', 'HMR_2016i_GC-CompMassPezzi.pdf', ''),
(485, '', 'HMR_2016i_GC-OrdIng.pdf', ''),
(486, '', 'HMR_2015s_GC-AIUCDab.pdf', ''),
(487, 'Presentazione', 'HMR_2015s_GC-AIUCDpr.pdf', ''),
(488, '', 'HMR_2015i_GC-Finac.pdf', ''),
(489, 'Brochure', 'FINAC60_2015d_Brochure.pdf', ''),
(490, '', 'HMR_2015i_GC-Finac.pdf', ''),
(491, 'Brochure', 'FINAC60_2015d_Brochure.pdf', ''),
(492, '', 'HMR_2015d_GCAM-SFilo.pdf', ''),
(493, 'Locandina', 'HMR_2015d_GCAM-SFilo.jpg', ''),
(494, '', 'HMR_2015s_GC-ANMS-ea.pdf', ''),
(495, 'Presentazione', 'HMR_2015s_GC-ANMS-pr.pdf', ''),
(496, '', 'HMR_2015i_GC-BelCalc.pdf', ''),
(497, '', 'HMR_2015s_GC-HaPoC-ea.pdf', ''),
(498, 'Presentazione', 'HMR_2015s_GC-HaPoC-pr.pdf', ''),
(499, '', 'HMR_2015s_GCLCTM-ICEC.pdf', ''),
(500, 'Poster', 'HMR_2015s_GC-HaPoC-pr.pdf', ''),
(501, '', 'HMR_2015s_GCLCTM-ICEC.pdf', ''),
(502, 'Poster', 'HMR_2015s_GC-HaPoC-pr.pdf', ''),
(503, '', 'HMR_2015d_GCAF-NVVairoInfo.pdf', ''),
(504, '', 'HMR_2015d_GCGLAM-64Musica.pdf', ''),
(505, '', 'HMR_2015s_GC-XlaTang-sc.pdf', ''),
(506, 'la rivista online', '', 'http://www.xlatangente.it/upload/files/XlaT_online/03/index.html'),
(507, '', 'HMR_2015i_GC-Fubini.pdf', ''),
(508, '', 'HMR_2015i_GC-Volterra.pdf', ''),
(509, '', 'HMR_2015i_GC-ANDInf.pdf', ''),
(510, '', 'HMR_2015i_GC-MiSE.pdf', ''),
(511, '', 'HMR_2015i_GC-MiSE.pdf', ''),
(512, '', 'HMR_2015i_GC-Stradella.pdf', ''),
(513, 'Turing e gli altri', 'HMR_2015i_GC-TIG1.pdf', ''),
(514, 'Bletchley Park e Ultra', 'HMR_2015i_GC-TIG2.pdf', ''),
(515, 'L\'Enigma', 'HMR_2015i_GC-TIG3.pdf', ''),
(516, 'Le altre macchine', 'HMR_2015i_GC-TIG4.pdf', ''),
(517, '', 'HMR_2014s_GCFGGL-RICHES-ps.pdf', ''),
(518, '', 'HMR_2014s_GCFGSP-ACMJoCCH-cr.pdf', ''),
(519, '', 'HMR_2014s_GCCC-ANMS-ab.pdf', ''),
(520, 'Presentazione', 'HMR_2014s_GCCC-ANMS-pr.pdf', ''),
(521, '', 'HMR_2014d_GCGLAM-SFilo1.pdf', ''),
(522, '', 'HMR_2014i_GC-CultDig.pdf', ''),
(523, '', 'HMR_2014i_GC-LinuxDay.pdf', ''),
(524, '', 'HMR_2014i_GC-LinuxDay.pdf', ''),
(525, '', 'HMR_2014i_GC-SalaLab.pdf', ''),
(526, '', 'HMR_2014i_GC-NVVif.pdf', ''),
(527, '', 'HMR_2014i_GC-Bright.pdf', ''),
(528, '', 'HMR_2014d_GCAMMFLT-PrimaMP3.pdf', ''),
(529, '', 'HMR_2014d_GCAMMFLT-PrimaMP3.pdf', ''),
(530, '', 'HMR_2014i_GC-Luna.pdf', ''),
(531, '', 'HMR_2014i_GC-GutKnuth.pdf', ''),
(532, '', 'HMR_2014i_GC-HHour.pdf', ''),
(533, '', 'HMR_2014i_GC-LezEspProg.pdf', ''),
(534, '', 'HMR_2013s_GCFG-ANMS-ps.pdf', ''),
(535, 'Sommario', 'HMR_2013s_GCFG-ANMS-ab.pdf', ''),
(536, '', 'HMR_2013s_GCFG-HaPoC-ab.pdf', ''),
(537, 'Presentazione', 'HMR_2013s_GCFG-HaPoC-pr.pdf', ''),
(538, '1', 'HMR_2013d_GC-CarEmo01.jpg', ''),
(539, '2', 'HMR_2013d_GC-CarEmo02.jpg', ''),
(540, '3', 'HMR_2013d_GC-CarEmo03.jpg', ''),
(541, '4', 'HMR_2013d_GC-CarEmo04.jpg', ''),
(542, '5', 'HMR_2013d_GC-CarEmo05.jpg', ''),
(543, '6', 'HMR_2013d_GC-CarEmo06.jpg', ''),
(544, '7', 'HMR_2013d_GC-CarEmo07.jpg', ''),
(545, '8', 'HMR_2013d_GC-CarEmo08.jpg', ''),
(546, '9', 'HMR_2013d_GC-CarEmo09.jpg', ''),
(547, '10', 'HMR_2013d_GC-CarEmo10.jpg', ''),
(548, '11', 'HMR_2013d_GC-CarEmo11.jpg', ''),
(549, '12', 'HMR_2013d_GC-CarEmo12.jpg', ''),
(550, '13', 'HMR_2013d_GC-CarEmo13.jpg', ''),
(551, '14', 'HMR_2013d_GC-CarEmo14.jpg', ''),
(552, '15', 'HMR_2013d_GC-CarEmo15.jpg', ''),
(553, '16', 'HMR_2013d_GC-CarEmo16.jpg', ''),
(554, '', 'HMR_2013i_GC-PresDid.pdf', ''),
(555, '', 'HMR_2013i_GC-CultDig.pdf', ''),
(556, '', 'HMR_2013i_GC-Shine.pdf', ''),
(557, '', 'HMR_2013s_GCFGGLCM-AICA-cr.pdf', ''),
(558, '', 'HMR_2013i_GCFG-CNAM.pdf', ''),
(559, '', 'HMR_2013s_GCFG-IfipMHCR-cr.pdf', ''),
(560, 'Presentazione', 'HMR_2013s_GCFG-IfipMHCR-pr.pdf', ''),
(561, '', 'HMR_2013i_GC-KTriang.pdf', ''),
(562, '', 'HMR_2013i_GC-CalcPer.pdf', ''),
(563, '', 'HMR_2013i_GC-CalcPer.pdf', ''),
(564, '', 'HMR_2013i_GC-Caruso.pdf', ''),
(565, 'su Google Europe Blog', '', 'https://europe.googleblog.com/2013/03/tracing-birth-of-italian-computer.html'),
(566, '', 'HMR_2012v_FC-Imprenditori.pdf', ''),
(567, '', 'HMR_2012s_GCFG-HistElCon-cr.pdf', ''),
(568, 'presentazione', 'HMR_2012s_GCFG-HistElCon-pr.pdf', ''),
(569, 'su IEEExplore', '', 'http://ieeexplore.ieee.org/document/6487563/?reload=true&tp=&arnumber=6487563'),
(570, '', 'HMR_2012s_GC-Turing-sc.pdf', ''),
(571, '', 'HMR_2012s_GCFG-Calci-tx.pdf', ''),
(572, 'presentazione', 'HMR_2012s_GCFG-Calci-pr.pdf', ''),
(573, '', 'HMR_2012s_GCFG-Didamat-cr.pdf', ''),
(574, '', 'HMR_2012s_GCFG-Didamat-cr.pdf', ''),
(575, '', 'HMR_2012i_GC-DipIng.pdf', ''),
(576, 'a', 'HMR_2012d_GC-VCFE13a.pdf', ''),
(577, 'b', 'HMR_2012d_GC-VCFE13b.pdf', ''),
(578, 'a', 'HMR_2012d_GC-VCFE13a.pdf', ''),
(579, 'b', 'HMR_2012d_GC-VCFE13b.pdf', ''),
(580, '', 'HMR_2012i_GCFG-Crono.pdf', ''),
(581, '', 'HMR_2012i_GC-AnniVel.pdf', ''),
(582, '', 'HMR_2012i_GC-AnniVel.pdf', ''),
(583, '', 'HMR_2011i_GC-Forseti.pdf', ''),
(584, '', 'HMR_2011i_GC-Forseti.pdf', ''),
(585, '', 'HMR_2011i_FG-Forseti.pdf', ''),
(586, '', 'HMR_2011i_GC-Lab.pdf', ''),
(587, '', 'HMR_2011i_GC-LezInfDid.pdf', ''),
(588, 'sul catalogo della Pisa Univer', '', 'https://www.pisauniversitypress.it/scheda-libro/autori-vari/la-cep-prima-della-cep-9788867413034-155'),
(589, 'sul catalogo della Pisa Univer', '', 'https://www.pisauniversitypress.it/scheda-libro/autori-vari/la-cep-prima-della-cep-9788867413034-155'),
(590, '', 'HMR_2011i_GC-IntFest.pdf', ''),
(591, 'Poster', 'HMR_2011i_GC-IntFest-ps.pdf', ''),
(592, '', 'HMR_2010i_GC-AICA.pdf', ''),
(593, 'Introduzione alla sessione', 'HMR_2010i_GC-AICAsess.pdf', ''),
(594, '', 'HMR_2010v_GCFGSF-EtrOggi.pdf', ''),
(595, '', 'HMR_2010i_GCDCCI-Didamat.pdf', ''),
(596, '', 'HMR_2009s_GCDCCI-AICA-pr.pdf', ''),
(597, '', 'HMR_2009s_GCDCCI-AICA-cr.pdf', ''),
(598, 'Presentazione', 'HMR_2009s_GCDCCI-AICA-pr.pdf', ''),
(599, '', 'HMR_2009i_GCDCCI-PisaCulla.pdf', ''),
(600, 'Video', 'HMR_2009i_GCDCCI-PisaCulla.flv', ''),
(601, '', 'HMR_2009i_GCDCCI-LezStI.pdf', ''),
(602, '', 'HMR_2008i_GC-SemDip.pdf', ''),
(603, 'Presentazione FM', 'HMR_2008i_FM.pdf', ''),
(604, 'Presentazione DC', 'HMR_2008i_DC.pdf', ''),
(605, '', 'HMR_2008i_GC-LezStI.pdf', ''),
(606, '', 'HMR_2017d_TL-Tesi.pdf', ''),
(607, '', 'HMR_2017d_TL-Tesi.pdf', ''),
(608, '', 'HMR_2017d_TL-Tesi.pdf', ''),
(609, '', 'HMR_2017d_TL-Tesi.pdf', ''),
(610, '', 'HMR_2017d_NP-TesiOggiSTI.pdf', ''),
(611, '', 'HMR_2017d_TL-Tesi.pdf', ''),
(612, '', 'Relazione Emanuele Lenzi.pdf', ''),
(613, '', 'HMR_2018d_EL-Tesi.pdf', ''),
(614, '', 'HMR_2018d_EL-Tesi.pdf', ''),
(615, '', 'HMR_2018d_EL-Tesi.pdf', ''),
(616, '', 'HMR_2018d_EL-Tesi.pdf', ''),
(617, '', 'HMR_2018d_EL-Tesi.pdf', ''),
(618, '', 'HMR_2018i_GC-Rosignano.pdf', ''),
(619, '', 'HMR_2009s_GCDCCI-AICA-cr.pdf', ''),
(620, 'Presentazione', 'HMR_2009s_GCDCCI-AICA-pr.pdf', ''),
(621, '', 'HMR_2008i_GC-LezStI.pdf', ''),
(622, '', 'HMR_2009i_GCDCCI-PisaCulla.pdf', ''),
(623, 'Video', 'HMR_2009i_GCDCCI-PisaCulla.flv', ''),
(624, '', 'HMR_2018s_CGAF-Didamatica.pdf', ''),
(625, 'presentazione', 'HMR_2018s_GCAF-Didamatica-pr.pdf', ''),
(626, '', 'HMR_2018s_CGAF-Didamatica.pdf', ''),
(627, 'presentazione', 'HMR_2018s_GCAF-Didamatica-pr.pdf', ''),
(628, '', 'HMR_2018s_CGAF-Didamatica.pdf', ''),
(629, 'presentazione', 'HMR_2018s_GCAF-Didamatica-pr.pdf', ''),
(630, '', 'HMR_2015s_GCLCTM-ICEC.pdf', ''),
(631, 'Poster', 'HMR_2015s_GCLCTM-ICEC-ps.pdf', ''),
(632, '', 'HMR_2018s_GC-LezAAA-GalileoIPad.pdf', ''),
(633, '', 'HMR_2018s_GC-LezAAA-GalileoIPad.pdf', ''),
(634, '', 'HMR_2018s_GC-LezAAA-GalileoIPad.pdf', ''),
(635, '', 'HMR_2018s_GC-LezAAA-GalileoIPad.pdf', ''),
(636, '', 'HMR_2018s_GC-LezAAA-GalileoIPad.pdf', ''),
(637, '', 'HMR_2018d_EL-Tesi.pdf', ''),
(638, '', 'HMR_2017d_TL-Tesi.pdf', ''),
(639, '', 'HMR_2017d_TL-Tesi.pdf', ''),
(640, '', 'HMR_2018d_EL-Tesi.pdf', ''),
(641, '', 'HMR_2017d_TL-Tesi.pdf', ''),
(642, '', 'HMR_2017d_TL-Tesi.pdf', ''),
(643, '', 'HMR_2017d_TL-Tesi.pdf', ''),
(644, '', 'HMR_2018d_EL-Tesi.pdf', ''),
(645, '', 'HMR_2018s_GCNP-AIPHabs.pdf', ''),
(646, 'presentazione', 'HMR_2018s_GCNP-AIPHpr.pdf', ''),
(647, '', 'HMR_2018s_GCNP-AIPHabs.pdf', ''),
(648, 'presentazione', 'HMR_2018s_GCNP-AIPHpr.pdf', ''),
(649, 'presentazione', 'HMR_2018s_SBFCGC-IFIP97Conf-pr.pdf', ''),
(650, 'presentazione', 'HMR_2018s_SBFCGC-IFIP97Conf-pr.pdf', ''),
(651, 'presentazione', 'HMR_2018s_SBFCGC-IFIP97Conf-pr.pdf', ''),
(652, 'presentazione', 'HMR_2018s_SBFCGC-IFIP97Conf-pr.pdf', ''),
(653, 'presentazione', 'HMR_2018s_SBFCGC-IFIP97Conf-pr.pdf', ''),
(654, 'sul catalogo Pisa University Press', '', 'https://www.pisauniversitypress.it/scheda-libro/autori-vari/la-cep-prima-della-cep-9788867413034-155'),
(655, 'sul catalogo Pisa University Press', '', 'https://www.pisauniversitypress.it/scheda-libro/autori-vari/la-cep-prima-della-cep-9788867413034-155'),
(656, 'sul catalogo Pisa University Press', '', 'https://www.pisauniversitypress.it/scheda-libro/autori-vari/la-cep-prima-della-cep-9788867413034-155'),
(657, 'sul catalogo Pisa University Press', '', 'https://www.pisauniversitypress.it/scheda-libro//la-cep-prima-della-cep-9788867413034-155663.html'),
(658, '', 'HMR_2014s_GC-AritPCQFGGn2.pdf', ''),
(659, 'sul catalogo della Pisa University Press', '', 'https://www.pisauniversitypress.it/scheda-libro/la-cep-prima-della-cep-9788867413034-155663.html'),
(660, 'Turing e gli altri', 'HMR_2018d_GC-TIG1-Persone.pdf', ''),
(661, 'Bletchley Park e Ultra', 'HMR_2018d_GC-TIG2-Bletchley.pdf', ''),
(662, 'L’Enigma', 'HMR_2018d_GC-TIG3-Enigma.pdf', ''),
(663, 'Le altre macchine', 'HMR_2018d_GC-TIG4-LeAltre.pdf', ''),
(664, '', 'HMR_2006s_GCSM-AICA-cr.pdf', ''),
(665, 'Presentazione', 'HMR_2006s_GCSM-AICA-pr.pdf', ''),
(666, 'GC', 'HMR_2017i_GCNPEC-CultDigGCpr.pdf', ''),
(667, 'NP', 'HMR_2017i_GCNPEC-CultDigNPpr.pdf', ''),
(668, 'EC', 'HMR_2017i_GCNPEC-CultDigECpr.pdf', ''),
(669, '', 'HMR_2017s_GCAM-ANMSPixel45abs.pdf', ''),
(670, 'presentazione', 'HMR_2017s_GCAM-ANMSPixel45pr.pdf', ''),
(671, 'Turing e gli altri', 'HMR_2018d_GC-TIG1-Persone.pdf', ''),
(672, 'Bletchley Park e Ultra', 'HMR_2018d_GC-TIG2-Bletchley.pdf', ''),
(673, 'L’Enigma', 'HMR_2018d_GC-TIG3-Enigma.pdf', ''),
(674, 'Le altre macchine', 'HMR_2018d_GC-TIG4-LeAltre.pdf', ''),
(675, '', 'HMR_2016d_GC-Manovella.pdf', ''),
(676, '', 'HMR_2018s_GCAF-ANMS-OltreLaMela-sub.pdf', ''),
(677, '', 'HMR_2018s_GCAF-ANMS-OltreLaMela-sub.pdf', ''),
(678, '', 'HMR_2018s_GCAF-ANMS-OltreLaMela-sub.pdf', ''),
(679, '', 'HMR_2018s_GCAF-ANMS-OltreLaMela-sub.pdf', ''),
(680, '', 'HMR_2018s_GCAF-ANMS-OltreLaMela-sub.pdf', ''),
(681, '', 'HMR_2018s_GCAF-ANMS-OltreLaMela-sub.pdf', ''),
(682, '', 'HMR_2018s_GCAF-ANMS-OltreLaMela-sub.pdf', ''),
(683, '', 'HMR_2018s_GCAF-ANMS-OltreLaMela-sub.pdf', ''),
(684, 'presentazione', 'HMR_2018s_GCAF-ANMS-pr.pdf', ''),
(685, '', 'HMR_2018s_GCAF-ANMS-OltreLaMela-sub.pdf', ''),
(686, 'presentazione', 'HMR_2018s_GCAF-ANMS-pr.pdf', ''),
(687, '', 'HMR_2018s_GCAF-ANMS-OltreLaMela-sub.pdf', ''),
(688, 'presentazione', 'HMR_2018s_GCAF-ANMS-pr.pdf', ''),
(689, '', 'HMR_2018s_GCNP-AIPHabs.pdf', ''),
(690, 'presentazione', 'HMR_2018s_GCNP-AIPHpr.pdf', ''),
(691, '', 'HMR_2018s_GC-LezAAA-GalileoIPad.pdf', ''),
(692, '', 'HMR_2018s_CGAF-Didamatica.pdf', ''),
(693, 'presentazione', 'HMR_2018s_GCAF-Didamatica-pr.pdf', ''),
(694, '', 'HMR_2018i_GC-Rosignano.pdf', ''),
(695, '', 'HMR_2018d_EL-Tesi.pdf', ''),
(696, 'presentazione', 'HMR_2018s_SBFCGC-IFIP97Conf-pr.pdf', ''),
(697, '', '', 'https://drive.google.com/open?id=1dcR5BP3rUS2Fm765mUSZgD9S5Cr-KzBg'),
(698, '', 'HMR_2017l_FG-STI-ColtanoAtlantide.pdf', ''),
(699, 'sommario', 'HMR_2017l_FG-STI-ColtanoAtlantideAbs.pdf', ''),
(700, '', 'HMR_2017d_TL-Tesi.pdf', ''),
(701, '', 'HMR_2017s_GCECMPNP-ANMSLuoghiCEPabs.pdf', ''),
(702, 'presentazione', 'HMR_2017s_GCECMPNP-ANMSLuoghiCEPpr.pdf', ''),
(703, '', 'HMR_2018s_CGAF-Didamatica.pdf', ''),
(704, 'presentazione', 'HMR_2018s_GCAF-Didamatica-pr.pdf', ''),
(705, '', 'HMR_2017i_GC-Indiesagio-pr.pdf', ''),
(706, '', 'HMR_2017s_GCEM-AIUCD-BoA.pdf', ''),
(707, 'Presentazione in inglese', 'HMR_2017s_GCEM-AIUCD-pr.pdf', ''),
(708, '', 'HMR_2019s_VBGCELNP-AIUCD2019-ExtAbs.pdf', ''),
(709, 'presentazione', 'HMR_2019s_VBGCELNP-AIUCD2019pres.pdf', ''),
(710, '', 'HMR_2019s_VBGCELNP-AIUCD2019-ExtAbs.pdf', ''),
(711, 'presentazione', 'HMR_2019s_VBGCELNP-AIUCD2019pres.pdf', ''),
(712, '', 'HMR_2019s_VBGCELNP-AIUCD2019-ExtAbs.pdf', ''),
(713, 'presentazione', 'HMR_2019s_VBGCELNP-AIUCD2019pres.pdf', ''),
(714, '', 'HMR_2019d_VB-RelLaurea.pdf', ''),
(715, '', 'HMR_2014s_GCFGSP-ACMJoCCH-cr.pdf', ''),
(716, '', 'HMR_2019d_GC-TIGBertinoro.pdf', ''),
(717, '', 'HMR_2019i_GC-LezCorsoVG.pdf', ''),
(718, '', '', ''),
(719, '', '', ''),
(720, '', 'HMR_2019i_GC-VicoLuna.pdf', ''),
(721, '', 'HMR_2019i_GC-LezCorsoVG.pdf', ''),
(722, '', 'HMR_2019i_GC-LezCorsoVG.pdf', ''),
(723, '', 'HMR_2019i_GC-VicoLuna.pdf', ''),
(724, '', 'HMR_2019d_GC-TIGBertinoro.pdf', ''),
(725, '', 'HMR_2019s_GCMG-Didamatica-AttiEs.pdf', ''),
(726, 'presentazione', 'HMR_2019s_GCMG-Didamatica-Pres.pdf', ''),
(727, '', 'HMR_2019s_GCMG-Didamatica-AttiEs.pdf', ''),
(728, 'presentazione', 'HMR_2019s_GCMG-Didamatica-Pres.pdf', ''),
(729, '', 'HMR_2019s_GCMG-Didamatica-AttiEs.pdf', ''),
(730, 'presentazione', 'HMR_2019s_GCMG-Didamatica-Pres.pdf', ''),
(731, '', 'HMR_2018s_CGAF-Didamatica.pdf', ''),
(732, 'presentazione', 'HMR_2018s_GCAF-Didamatica-pr.pdf', ''),
(733, '', 'HMR_2019d_GC-PisaParigi.pdf', ''),
(734, '', 'HMR_2019d_GC-PisaParigi.pdf', ''),
(735, '', 'HMR_2019d_GC-PisaParigi.pdf', ''),
(736, '', 'HMR_2019s_GC-GARRTo-Sub.pdf', ''),
(737, 'presentazione', 'HMR_2019s_GC-GARRpr.pdf', ''),
(738, '', 'HMR_2019s_GC-GARRTo-Sub.pdf', ''),
(739, 'presentazione', 'HMR_2019s_GC-GARRpr.pdf', ''),
(740, 'Parte I: fantasia, formule e manovre', 'HMR_2019i_GC-AAAllunati-p1.pdf', ''),
(741, 'Parte II: macchine a terra e a bordo', 'HMR_2019i_GC-AAAllunati-p2.pdf', ''),
(742, 'Parte I: fantasia, formule e manovre', 'HMR_2019i_GC-AAAllunati-p1.pdf', ''),
(743, 'Parte II: macchine a terra e a bordo', 'HMR_2019i_GC-AAAllunati-p2.pdf', ''),
(744, 'Parte I: fantasia, formule e manovre', 'HMR_2019i_GC-AAAllunati-p1.pdf', ''),
(745, 'Parte II: macchine a terra e a bordo', 'HMR_2019i_GC-AAAllunati-p2.pdf', ''),
(746, 'Parte I: fantasia, formule e manovre', 'HMR_2019i_GC-AAAllunati-p1.pdf', ''),
(747, 'Parte II: macchine a terra e a bordo', 'HMR_2019i_GC-AAAllunati-p2.pdf', ''),
(748, 'Parte I: fantasia, formule e manovre', 'HMR_2019i_GC-AAAllunati-p1.pdf', ''),
(749, 'Parte II: macchine a terra e a bordo', 'HMR_2019i_GC-AAAllunati-p2.pdf', ''),
(750, '', 'HMR_2019s_GCAM-MusScPixel45.pdf', ''),
(751, '', 'HMR_2019s_GCAM-MusScPixel45.pdf', ''),
(752, '', 'HMR_2019s_GCAM-MusScPixel45.pdf', ''),
(753, '', 'HMR_2019s_GCAM-MusScPixel45.pdf', ''),
(754, '', 'HMR_2019s_GCNPMP-MusScLuoghiCEP.pdf', ''),
(755, '', '', ''),
(756, '', 'HMR-OliT2-04.pdf', ''),
(757, '', '', ''),
(758, '', '', ''),
(759, '', 'HMR_2019i_GCMG-SFGdR-Pres.pdf', ''),
(760, '', 'HMR_2019i_GCMG-SFGdR-Pres.pdf', ''),
(761, '', 'HMR_2019i_GCMG-SFGdR-Pres.pdf', ''),
(762, '', 'HMR_2019s_SBFCGC-IFIP97Conf18Proc.pdf', ''),
(763, '', 'HMR_2019s_SBFCGC-IFIP97Conf18Proc.pdf', ''),
(764, '', 'HMR_2019s_SBFCGC-IFIP97Conf18Proc.pdf', ''),
(765, '', 'HMR_2019s_SBFCGC-IFIP97Conf18Proc.pdf', ''),
(766, '', 'HMR_2019s_SBFCGC-IFIP97Conf18Proc.pdf', ''),
(767, '', 'HMR_2019s_GCEM-MusScMem18.pdf', ''),
(768, '', 'HMR_2019s_GCEM-MusScMem18.pdf', ''),
(769, '', 'HMR_2019s_GCMFAFAP-ANMS-AAAllunati-sub.pdf', ''),
(770, '', 'HMR_2019s_GCMFAFAP-ANMS-AAAllunati-sub.pdf', ''),
(771, 'presentazione', 'HMR_2019i_GCMFAFAP-ANMS-AAAllunati-pres.pdf', ''),
(772, '', '', 'http://etd.adm.unipi.it/theses/available/etd-10292019-100625/'),
(773, '', 'HMR_2019i_GC-Informatica50-FVBit.pdf', ''),
(774, '', 'HMR_2019s_GCAF-MusSc20-OltreLaMela.pdf', ''),
(775, '', 'HMR_2019s_GCAF-MusSc20-OltreLaMela.pdf', ''),
(776, '', 'HMR_2019i_GC-VicoSTI-EmpVintg.pdf', ''),
(777, '', 'HMR_2019s_GCAF-MusSc20-OltreLaMela.pdf', ''),
(778, '', 'HMR_2019s_GCAF-MusSc20-OltreLaMela.pdf', ''),
(779, '', 'HMR_2019s_GCAF-MusSc20-OltreLaMela.pdf', ''),
(780, '', 'HMR_2018d_GC-CryptoLab.pdf', ''),
(781, '', 'HMR_2018d_GC-CryptoLab.pdf', ''),
(782, '', 'HMR_2020p_GC-RomaVGLab-02.pdf', ''),
(783, '', 'HMR_2020p_GC-RomaVGLab-02.pdf', ''),
(784, '', 'HMR_2020p_GC-RomaVGLab-02.pdf', ''),
(785, '', 'HMR_2020p_GC-RomaVGLab-02.pdf', ''),
(786, '', 'HMR_2020p_GC-RomaVGLab-pres.pdf', ''),
(787, '', 'HMR_2020s_GCFG-CEP-IEEEAnnals.pdf', ''),
(788, '', 'HMR_2020s_GCFG-CEP-IEEEAnnals.pdf', ''),
(789, '', 'HMR_2020s_ACGCGPDR-Dida2020CANE-prc.pdf', ''),
(790, 'video', '', 'http://progettoHMR.it/RiBau/HMR_2020m_ACGCGPDR-DidaCANEvideo.mp4'),
(791, '', 'HMR_2020s_ACGCGPDR-Dida2020CANE-prc.pdf', ''),
(792, 'video', '', 'http://progettoHMR.it/RiBau/HMR_2020m_ACGCGPDR-DidaCANEvideo.mp4'),
(793, '', 'HMR_2020s_ACGCGPDR-Dida2020CANE-prc.pdf', ''),
(794, 'video', '', 'http://progettoHMR.it/RiBau/HMR_2020m_ACGCGPDR-DidaCANEvideo.mp4'),
(795, '', 'HMR_2020s_ACGCGPDR-Dida2020CANE-prc.pdf', ''),
(796, 'video', '', 'http://progettoHMR.it/RiBau/HMR_2020m_ACGCGPDR-DidaCANEvideo.mp4'),
(797, '', 'HMR_2020p_GC-RomaVGLab-pres.pdf', ''),
(798, '', 'HMR_2020s_ACGCGPDR-Dida2020CANE-prc.pdf', ''),
(799, 'video', '', 'https://youtu.be/j-N3Nnx4KAE'),
(800, 'video', '', 'https://youtu.be/j-N3Nnx4KAE'),
(801, '', '2020_DidamaticaAtti-Estr262-271.pdf', ''),
(802, '', 'HMR_2019s_GCMFAFAP-ANMS-AAAllunati-AttiEstr.pdf', ''),
(803, '', 'HMR_2019s_GCMFAFAP-ANMS-AAAllunati-AttiEstr.pdf', ''),
(804, '', 'HMR_2019s_GCMFAFAP-ANMS-AAAllunati-AttiEstr.pdf', ''),
(805, 'video', '', 'https://youtu.be/j-N3Nnx4KAE'),
(806, '', '2020_DidamaticaAtti-Estr262-271.pdf', ''),
(807, 'video', '', 'https://youtu.be/j-N3Nnx4KAE'),
(808, '', '2020_DidamaticaAtti-Estr262-271.pdf', ''),
(809, '', 'HMR_2020s_GC-ANMS-VirtSiNo-Abs.pdf', ''),
(810, 'presentazione', 'HMR_2020p_GC-ANMSVirtSiVirtNo-pres.pdf', ''),
(811, '', 'HMR_2020s_GC-ANMS-VirtSiNo-Abs.pdf', ''),
(812, 'presentazione', 'HMR_2020p_GC-ANMSVirtSiVirtNo-pres.pdf', ''),
(813, '', 'HMR_2020s_GC-ANMS-VirtSiNo-Abs.pdf', ''),
(814, 'presentazione', 'HMR_2020p_GC-ANMSVirtSiVirtNo-pres.pdf', ''),
(815, 'video', '', 'https://youtu.be/j-N3Nnx4KAE'),
(816, '', '2020_DidamaticaAtti-Estr262-271.pdf', ''),
(817, '', 'HMR_2019s_GCMFAFAP-ANMS-AAAllunati-AttiEstr.pdf', ''),
(818, '', 'HMR_2019s_GCMFAFAP-ANMS-AAAllunati-sub.pdf', ''),
(819, 'presentazione', 'HMR_2019i_GCMFAFAP-ANMS-AAAllunati-pres.pdf', ''),
(820, '', 'HMR_2020d_GC-StanzaPrimaCEP.pdf', ''),
(821, '', 'HMR_2019i_GCMG-SFGdR-Pres.pdf', ''),
(822, '', 'HMR-20100416-ClacPd.pdf', ''),
(823, '', 'HMR_2015d_DA-TirCHKB.pdf', ''),
(824, '', 'HMR_2011d_GCFG-Crono-2400.png', ''),
(825, '16000x4800', 'HMR-Crono-4800.png', ''),
(826, '24000x7200', 'HMR-Crono-7200.png', ''),
(827, '', 'HMR_2016d_EM-TirCHKB.pdf', ''),
(828, '', 'HMR_2020s_ACGCGPDR-CANE-MondoDigPubb.pdf', ''),
(829, '', 'HMR_2020s_ACGCGPDR-CANE-MondoDigPubb.pdf', ''),
(830, '', 'HMR_2020s_ACGCGPDR-CANE-MondoDigPubb.pdf', ''),
(831, '', 'HMR_2020s_ACGCGPDR-CANE-MondoDigPubb.pdf', ''),
(832, '', 'HMR_2020s_ACGCGPDR-CANE-MondoDigPubb.pdf', '');

-- --------------------------------------------------------

--
-- Struttura della tabella `eventpeople`
--

CREATE TABLE `eventpeople` (
  `IdEv` int(11) NOT NULL,
  `IdPp` int(11) NOT NULL
) ENGINE=InnoDB DEFAULT CHARSET=utf8 COLLATE=utf8_bin;

--
-- Dump dei dati per la tabella `eventpeople`
--

INSERT INTO `eventpeople` (`IdEv`, `IdPp`) VALUES
(97, 47),
(96, 45),
(77, 1),
(62, 1),
(47, 1),
(35, 1),
(35, 21),
(28, 1),
(22, 1),
(22, 21),
(21, 1),
(20, 21),
(20, 1),
(19, 1),
(19, 21),
(18, 1),
(17, 1),
(16, 1),
(16, 21),
(15, 1),
(14, 1),
(13, 1),
(12, 1),
(10, 1),
(9, 1),
(9, 21),
(9, 20),
(8, 1),
(8, 18),
(8, 19),
(3, 1),
(3, 19),
(3, 18),
(2, 1),
(2, 19),
(2, 18),
(6, 1),
(6, 19),
(6, 18),
(1, 1),
(5, 1),
(11, 1),
(11, 21),
(118, 54),
(116, 51),
(7, 1),
(7, 18),
(7, 19);

-- --------------------------------------------------------

--
-- Struttura della tabella `events`
--

CREATE TABLE `events` (
  `IdEv` int(11) NOT NULL,
  `Type` varchar(25) COLLATE utf8_bin NOT NULL,
  `Date` date NOT NULL,
  `Title` varchar(250) COLLATE utf8_bin NOT NULL,
  `Subtitle` varchar(250) COLLATE utf8_bin NOT NULL,
  `Text` text COLLATE utf8_bin NOT NULL,
  `Visible` varchar(2) COLLATE utf8_bin NOT NULL
) ENGINE=InnoDB DEFAULT CHARSET=utf8 COLLATE=utf8_bin;

--
-- Dump dei dati per la tabella `events`
--

INSERT INTO `events` (`IdEv`, `Type`, `Date`, `Title`, `Subtitle`, `Text`, `Visible`) VALUES
(1, 'evento', '2008-03-07', 'Prima della CEP: la Macchina Ridotta, 50 anni fa a Pisa', '<a href=\'http://www.progettohmr.it/Documentazione/#2008i-LezSti\'>Lezione</a> al corso di Storia dell\'Informatica 2007/08', 'Dopo due anni e passa di ricerche e studio della documentazione recuperata, HMR ha da raccontare qualcosa.<br />La lezione celebra il 50esimo del&nbsp;<em>Manuale Utente</em>&nbsp;della Macchina Ridotta, uno dei documenti ritrovati.<br />&Egrave; datato marzo 1958, il mese successivo veniva completato il primo calcolo commissionato dall\'esterno. La Macchina Ridotta, non un pezzo della CEP, ma un calcolatore assai diverso, era gi&agrave; in funzione dal luglio del 1957, ma il manuale &egrave; un simbolo concreto dell\'uso della MR per servizi di calcolo e dell\'esistenza di utenti esterni al progetto CEP.<br />La lezione segna la prima uscita pubblica di HMR. Il corso prester&agrave; a HMR anche valide braccia studentesche.', 'si'),
(2, 'seminario', '2008-11-28', 'Hackerando la Macchina Ridotta', '<a href=\'http://www.progettohmr.it/Documentazione/#2008i-SemDip\'>Seminario</a> al Dipartimento di Informatica', 'Il seminario presenta gli ultimi progressi del progetto HMR ottenuti grazie anche al contributo di tre studenti del corso di Storia dell\'Informatica. Il seminario &egrave; organizzato in quattro interventi e presenta risultati raggiunti, problemi incontrati e dettagli curiosi. Il seminario propone anche una prima versione del simulatore della MR.', 'si'),
(3, 'evento', '2009-03-02', 'Prima della CEP: (simulare) la Macchina Ridotta', '<a href=\'http://www.progettohmr.it/Documentazione/#2009i-LezSti\'>Lezione</a> al corso di Storia dell\'Informatica 2008/09', 'La lezione aggiorna sui progressi del progetto e propone una sessione d\'uso sul simulatore per eseguire un programma che calcola la radice quadrata facendo uso dell\'interfaccia storica della MR. La MR aveva un \"sistema operativo\" che comprendeva i sottoprogrammi di uso comune e che era caricato in memoria all\'accensione della macchina. Il programma mostrato fa uso dei sottoprogrammi, recuperati e \"restaurati\", per la moltiplicazione, per la divisione e per la stampa in decimale.', 'si'),
(5, 'evento', '2009-06-12', 'Software e interfaccia utente di una calcolatrice pisana degli anni \'50', '<a href=\'http://www.progettohmr.it/Documentazione/#2009i-PisaCulla\'>Intervento</a> a Pisa culla dell\'Informatica', 'O, come sottotitolo alternativo: quando per usare una calcolatrice si doveva indossare il camice. L\'intervento propone una rapida descrizione di come si programmava e si usava la Macchina Ridotta e una sessione dal vivo sul simulatore, per caricare ed eseguire un semplice programma. Con il sottoprogramma di lettura si &egrave; completato il restauro del software di sistema della Macchina Ridotta v1.', 'si'),
(6, 'evento', '2009-11-05', 'Il \"restauro\" del software di sistema della Macchina Ridotta del 1956', '<a href=\'http://www.progettohmr.it/Documentazione/#2009s-AICA\'>Articolo</a> al Congresso Nazionale AICA', 'La documentazione del primo progetto della MR risale al 1956. A oggi, questa &egrave; l\'unica fonte sufficientemente completa per tentare una ricostruzione della MR ed &egrave; stata usata per realizzare il simulatore della macchina hardware. Per recuperare il software di sistema della MR &egrave; stato invece necessario un \"restauro\" correttivo e integrativo: la documentazione che &egrave; stato possibile recuperare infatti riporta solamente una versione preliminare dei sottoprogrammi. L\'articolo descrive la documentazione recuperata, illustra l\'interfaccia utente della MR, presenta e discute i criteri adottati per il restauro del software di sistema.', 'si'),
(7, 'seminario', '2010-04-16', 'Hackerando la Macchina Ridotta ', '<a href=\'http://www.progettohmr.it/Documentazione/#2010i-CalcPd\'>Seminario</a> alla CLAC di Padova', 'La serata a tema inizia leggera con un po\' di storia dell\'informatica, della CEP e della MR. Si passa poi a qualche dettaglio tecnico sulle scoperte e i restauri realizzati da HMR. Segue la sessione sulla MR da semplici utenti e infine, in tarda serata quando i bimbi sono a letto, assembler e diodi!', 'si'),
(8, 'evento', '2010-04-22', 'Vecchi calcolatori per incuriosire e insegnare', '<a href=\'http://www.progettohmr.it/Documentazione/#2010i-Didamat\'>Intervento</a> a Didamatica', 'L\'informatica comincia ad avere un certa et&agrave; ed &egrave; giusto che, fra le tante discipline che la compongono, si affermi anche la Storia dell\'Informatica. L\'intervento presenta HMR come progetto di archeologia sperimentale dell\'informatica. HMR ha recuperato quasi completamente la documentazione originale e ha realizzato un simulatore fedele della MR. Dove la documentazione non &egrave; arrivata a noi &egrave;, stata integrata formulando ipotesi e verificandole sperimentalmente, I risultati di HMR, in termini di documentazione e di software si prestano a essere usati per eventi di diffusione della cultura scientifica, per raccontare e incuriosire, e a scopi didattici, per spiegare, dal diodo al software di sistema, tutto un calcolatore, vero e detentore di un importante primato.', 'si'),
(9, 'evento', '2010-05-01', 'luglio - Le radici toscane dell\'informatica e la Macchina Ridotta pisana', '<a href=\'http://www.progettohmr.it/Documentazione/#2010v-EtrOggi\'>Articolo</a> su Etruria Oggi', 'L\'articolo, destinato a un pubblico pi&ugrave; ampio possibile, propone alcuni aspetti toscani della storia dell\'informatica. In particolare presenta i progetti di archeologia dell\'informatica relativi alla Macchina Ridotta e all\'ELEA 9003 conservato all\'ISIS di Bibbiena.', 'si'),
(10, 'evento', '0000-00-00', '5-8 maggio - HMR all\'Internet Festival', '<a href=\'http://www.progettohmr.it/Documentazione/#2011i-IntFest\'>Laboratori</a> al Museo degli Strumenti per il Calcolo', 'I laboratori, organizzati al Museo nell\'ambito dell\'edizione \"zero\" dell\'Internet Festival sono la prima realizzazione concreta dell\'idea di usare i vecchi calcolatori e il loro fascino come strumenti didattici, per incuriosire, spiegare ed eventualmente invitare a seguire percorsi di studio in informatica ed elettronica.', 'si'),
(11, 'mostra', '0000-00-00', '11-13 novembre - La CEP prima della CEP', '<a href=\' http://www.progettohmr.it/MSC/#CEP50\'>Mostra</a> e <a href=\' http://www.progettohmr.it/Documentazione/#2013s-CEPprimaCEP\'>convegno</a>', 'La riscoperta della Macchina Ridotta, finora sottovalutata e quasi ignorata dalla storia dell\'informatica italiana, &egrave; un risultato di HMR ottenuto applicando i metodi dell\'archeologia sperimentale. La comprensione piena delle tecnologie del tempo ha permesso di ricostruire la macchina, di capirne la rilevanza e di apprezzare il lavoro di studio e affinamento dei progetti svolto dai pionieri pisani. Grazie ai finanziamenti ottenuti tramite il&nbsp;<em>Dipartimento di Informatica</em>&nbsp;da&nbsp;<em>Fondazione Pisa</em>,&nbsp;<em>Fondazione Cassa di Risparmio di Lucca&nbsp;</em>e&nbsp;<em>AICA</em>, nel 50esimo dell\'inaugurazione della&nbsp;<em>seconda CEP</em>, quella del 1961, HMR cura una mostra e organizza un convegno per svelare alla comunit&agrave; scientifica e al pubblico la&nbsp;<em>prima CEP</em>: la Macchina Ridotta del 1957. La Mostra, allestita al Museo degli Strumenti per il Calcolo, racconta le storie e le tecnologie della MR, aggiungendo dettagli e nuovo spessore alla storia dedel progetto CEP e dell\'informatica italiana. Il Convegno, ospitato dalla Limonaia, fa il punto sulla didattica dell\'informatica e i suoi collegamenti con la storia della disciplina. La cornice ideale per presentare l\'idea di HMR di sfruttare il fascino e la semplicit&agrave; dei primi calcolatori per&nbsp;<a href=\"http://www.progettohmr.it/Documentazione/#2011i-CEPprimaCEP\">spiegare</a>&nbsp;l\'informatica.', 'si'),
(12, 'evento', '2011-11-28', 'Fra metodo e curiosità', '<a href=\' http://www.progettohmr.it/Documentazione/#2011i-LezInfDid\'>Lezione</a> al corso di <a href=\'http://didawiki.cli.di.unipi.it/doku.php/magistraleinformatica/id/start\' target=\'_blank\'>Informatica e Didattica</a>', 'La lezione affronta due temi: il metodo con cui affrontare la ricostruzione (e poi il racconto) di una storia e la curiosit&agrave; che stimola la ricerca e che dovrebbe essere suscitata negli studenti. Il metodo &egrave; quello utilizzato d HMR che, proprio perch&eacute; animato da inguaribile curiosit&agrave;, non si &egrave; fermato alla superficie ma ha scavato nei dettagli delle tecnologie e verificato le ipotesi di ricostruzione. La curiosit&agrave; &egrave; anche quella che HMR vorrebbe suscitare negli studenti attraverso la proposta di laboratori che usano il fascino dei vecchi calcolatori per spiegare le basi e i meccanismi dell\'informatica.', 'si'),
(13, 'evento', '2011-12-02', 'HMR i laboratori', '<a href=\'http://www.progettohmr.it/Documentazione/#2011i-Lab\'>Presentazione</a> a Palazzo Blu', 'Con la Mostra \"La CEP prima della CEP\", per il Museo degli Strumenti per il Calcolo, inizia un nuovo ciclo segnato anche dalla proposta di attivit&agrave; didattiche originali, molto diverse dall\'antiquato concetto di \"visita guidata\". I laboratori di HMR sono proposti alle scuole come esperimento didattico. Le macchine del passato si possono usare per spiegare i princip&icirc; e i meccanismi con cui ancora funzionano i calcolatori di oggi dalle prestazioni incredibili e quasi magiche. La scommessa &egrave; capire se il fascino e le stranezze delle macchine di un tempo sono capaci di suscitare nei ragazzi la curiosit&agrave; e la passione necessarie per affrontare lo studio delle discipline scientifiche, purtroppo spesso considerate una fatica da evitare in tutti i modi.', 'si'),
(14, 'evento', '2011-12-15', 'HMR a Varese (in videoconferenza)', 'Interventi a 150 anni di Tecnologia Italiana', 'A Varese una mostra celebra la storia tecnologica del nostro paese. Gli interventi affrontano la difficile <a href=\"http://www.progettohmr.it/Documentazione/#2011i-ForcetiFG\">previsione del futuro</a> che ci riserva lo sviluppo tecnologico e il delicato insieme di condizioni che determinano il successo di un\'impresa tecnologica, difficile e rischiosa, come fu il <a href=\"http://www.progettohmr.it/Documentazione/#2011i-ForcetiGC\">progetto CEP</a>.', 'si'),
(15, 'evento', '2012-03-24', 'I primi calcolatori Olivetti, dieci anni veloci', '<a href=\'http://www.progettohmr.it/Documentazione/#2012i-AnniVel\'>Intervento</a> e <a href=\'http://www.progettohmr.it/Documentazione/#2012d-Olivetti\'>articolo</a> per Sottsass e il design dei primi calcolatori Olivetti', 'La storia dei primi calcolatori Olivetti si apre e si chiude in un decennio, dal 1955 quando inizia la collaborazione con l\'Universit&agrave; di Pisa al 1965 quando il settore dei grandi calcolatori viene ceduto alla General Electric. Sono anni veloci: una successione di lucide scommesse in persone, collaborazioni, investimenti imprenditoriali che, da zero, portano Olivetti a un\'offerta di calcolatori commerciali di tutto rispetto. &Egrave; un primo passo nello studio della storia dei calcolatori Olivetti che, superando l\'approccio emotivo al mito nazionale, va affrontata con il metodo di HMR: rigorosa curiosit&agrave;, storica e tecnologica.', 'si'),
(16, 'seminario', '2012-04-14', 'Cronologia dell\'informatica: the Directors\' cut', '<a href=\'http://www.progettohmr.it/Documentazione/#2012i-Crono\'>Seminario</a> al Museo degli Strumenti per il Calcolo', 'La <a href=\"http://www.progettohmr.it/Documentazione/#2011d-Crono\">cronologia</a> dell\'informatica e del progetto CEP che introduce la mostra <a href=\"http://www.progettohmr.it/Eventi/#2013s-CEPprimaCEP\">La CEP prima della CEP</a>, per motivi di spazio, ha subito dei \"tagli\", necessari ma dolorosi. In occasione dell\'apertura della Settimana della Cultura, il Directors\'cut presenta al pubblico la versione integrale e commentata.', 'si'),
(17, 'allestimenti', '2012-04-28', 'HMR a Monaco di Baviera!', '<a href=\'http://www.progettohmr.it/Documentazione/#2012d-VCFE13\'>Allestimento</a> al 13mo Vintage Computer Festival di Monaco', 'HMR porta i risultati della sua ricerca al pi&ugrave; importante appuntamento europeo per gli appassionati di vecchi calcolatori. HMR partecipa al festival insieme al Museo del Computer di Novara, con un allestimento con la replica dell\'addizionatore a 6 bit, il simulatore della Macchina Ridotta del 1957 e con un seminario sui metodi usati da HMR nella sua ricerca storica e tecnologica. L\'addizionatore di HMR &egrave; stato scelto per aprire il <a href=\"http://www.youtube.com/watch?v=-hwafAJTd3A\" target=\"_blank\" rel=\"noopener\">video del Festival</a> :)', 'si'),
(18, 'seminario', '2012-05-07', 'La Macchina Ridotta: un progetto ben studiato', '<a href=\'http://www.progettohmr.it/Documentazione/#2012i-DiPlng\'>Seminario</a> al Dipartimento di Ingegneria della Informazione', 'La Macchina Ridotta del 1957 fu il primo calcolatore del progetto CEP. Il recupero della documentazione della MR ha svelato il lavoro di studio e approfondimento affrontato dai ricercatori dell\'Universit&agrave; di Pisa nelle prime fasi del progetto. Il seminario propone una caccia alle differenze fra la MR realizzata nel \'57 e il suo primo progetto del luglio \'56. L\'analisi testimonia la maturazione di numerose scelte progettuali, alcune delle quali eleganti e, con buona probabilit&agrave;, originali.', 'si'),
(19, 'seminario', '2012-05-16', 'I laboratori didattici di HMR al Museo degli Strumenti per il Calcolo', '<a href=\'http://www.progettohmr.it/Documentazione/#2012s-Didamat\'>Articolo</a> a Didamatica', 'La Macchina Ridotta, il primo calcolatore costruito in Italia nel 1957, ricostruita virtualmente e, in parte, anche fisicamente, &egrave; protagonista dei laboratori didattici proposti da HMR al Museo degli Strumenti per il Calcolo di Pisa. L\'articolo descrive il percorso del progetto e come i suoi risultati concreti, repliche hardware e simulatori, siano stati usati per realizzare un\'offerta didattica unica in Italia: il fascino e la curiosit&agrave; di giocare con una macchina antica sono usati per svelare e far comprendere i princip&icirc; e i meccanismi che, ancora oggi, governano il funzionamento dei calcolatori.', 'si'),
(20, 'seminario', '2012-05-25', 'Archeologia Sperimentale dell\'Informatica', '<a href=\' http://www.progettohmr.it/Documentazione/#2012s-Calci\'>Articolo</a> a La ricerca scientifica in Museo', 'L\'articolo (in Inglese) presenta la ricerca del progetto HMR realizzata applicando alla storia dell\'informatica i metodi dell\'archeologia sperimentale, come nei progetti promossi dai pi&ugrave; prestigiosi musei europei. Le tecnologie informatiche si sviluppano in fretta, diventano vecchie e sono dimenticate. Per ricostruirle occorre scavare nei depositi e negli archivi, ricomporre i frammenti e confrontarli con le altre macchine coeve. Le lacune vanno colmate formulando ipotesi e verificandole sperimentalmente. La ricerca di HMR, sulla storia e la tecnologia della Macchina Ridotta si &egrave; basata sulla documentazione recuperata dall\'Archivio dell\'Universit&agrave; di Pisa e dalla Biblioteca del CNR. Per provare le ipotesi ricostruttive sono stati utilizzati simulatori software e repliche hardware.', 'si'),
(21, 'seminario', '0000-00-00', 'agosto - Alan Turing, il genio con due anime in petto', '<a href=\' http://www.progettohmr.it/Documentazione/#2012s-Turing\'>Articolo</a> su Sapere', 'Pensando a Turing vengono subito in mente la macchina universale e la prova per decidere se un calcolatore &egrave; capace di riprodurre un comportamento umano. Ed &egrave; giusto cos&igrave;: le basi teoriche del calcolo e la speculazione sul confronto fra macchina e uomo ben racchiudono l\'opera di Turing, dal punto di partenza all\'ideale traguardo di arrivo. Nel mezzo per&ograve; c\'&egrave; anche un Turing tecnologo, partecipe di progetti concreti, impegnato a collaborare con altre persone (scienziati e non), sempre in grado di dare il suo contributo, spesso determinante. Per celebrare il centenario della nascita di uno dei padri dell\'informatica, nello stile di HMR, attento ai dettagli e curioso delle tecnologie, l\'articolo lega le macchine protagoniste delle vicende della II Guerra Mondiale ai primi veri calcolatori realizzati negli anni immediatamente successivi e racconta Turing criptoanalista a Bletchley Park e progettista dei primi calcolatori inglesi.', 'si'),
(22, 'seminario', '2012-09-07', 'Rediscovering the Very First Italian Digital Computer', '<a href=\' http://www.progettohmr.it/Documentazione/#2012s-HistElCon\'>Articolo</a> a IEEE HistElCon', 'Fino a poco tempo fa, l\'ELEA 9003 e la CEP erano considerati i primi calcolatori costruiti in Italia. La CEP fu l\'ultimo risultato di un progetto durato dal 1955 al 1961 realizzato dall\'Universit&agrave; di Pisa con il contributo di Olivetti. Questo progetto gi&agrave; nel 1957 aveva prootto la Macchina Ridotta, pienamente funzionante e usata nel 1958 per fornire servizi di calcolo alla ricerca. Tuttavia, la MR &egrave; stata dimenticata e gli storici precedenti non hanno compreso n&eacute; il suo primato n&eacute; le sue soluzioni tecnologiche, particolarmente interessanti in una macchina del 1957. L\'articolo (in Inglese) presenta la storia dei primi anni del progetto CEP arricchita di un intero nuovo capitolo. In particolare, si sottolineano i benefici della ricostruzione tecnologica per la corretta valutazione degli eventi storici.', 'si'),
(28, 'seminario', '2013-03-07', 'Un calcolatore, un artista e dintorni', '<a href=\'http://www.progettohmr.it/Riferimenti/#2013i-Caruso\'>Seminario</a> nell\'ambito della mostra Bruno Caruso. L\'arte del disegno, Museo della Grafica', 'Nel 1959 Bruno Caruso visit&ograve; i reparti Olivetti, inclusi quelli dove si stava avviando la produzione di ELEA 9003, il primo calcolatore commerciale italiano. Le sue impressioni si tradussero in una serie di disegni intitolata \"Dalla calligrafia alla memoria\", pubblicati nell\'Agenda Olivetti del 1960, diversi dei quali ritraggono proprio l\'ELEA. Le tavole di Caruso offrono pi&ugrave; di uno spunto di riflessione: fu una pagina particolarmente felice dell\'industria italiana, &egrave; curioso ritrovare i componenti delle macchine reali nell\'interpretazione grafica dell\'artista, i commenti di Caruso ci permettono di rivivere le suggestioni di un futuro che, allora, sembrava a portata di mano. L\'incursione di HMR sul lavoro di Caruso &egrave; una proposta di lettura dove i dettagli tecnici delle macchine Olivetti non sono nascosti ma, anzi, cercati e usati per comprendere meglio l\'interpretazione dell\'artista e il soggetto tecnologico.', 'si'),
(35, 'seminario', '2013-06-25', 'Les premiers ordinateurs Olivetti: Deux études de cas in brand making', '<a href=\'http://www.progettohmr.it/Documentazione/#2013i-CNAM\'>Seminario</a> al Conservatoire National des Arts et Métiers, Parigi', 'La storia di Olivetti &egrave; segnata da una grande cura nella costruzione del proprio marchio (tanto nel design dei prodotti quanto nella comunicazione aziendale) e nel mantenimento di uno stato dell\'arte tecnologico (spesso in collaborazione con istituti di ricerca). Tracce di questi segni distintivi si trovano nello sviluppo della prima generazione di calcolatori Olivetti, pi&ugrave; o meno un <a href=\"http://www.progettohmr.it/Documentazione/#2012d-AnniVel\">decennio</a> che va dal laboratorio di New Canaan (1952) fino alla vendita della Divisione Elettronica alla General Electrics (1964). Il seminario ripercorre i principali eventi di quegli anni, incentrati su due significativi casi: la collaborazione con l\'Universit&agrave; di Pisa e la realizzazione del primo calcolatore italiano, la Macchina Ridotta (1957), e la campagna per il lancio di ELEA 9003 (1960), il primo calcolatore commerciale italiano, con il coinvolgimento di artisti come <a href=\"http://www.progettohmr.it/Documentazione/#2013i-Caruso\">Bruno Caruso</a> che illustr&ograve; l\'agenda aziendale di quell\'anno.', 'si'),
(47, 'seminario', '2014-05-13', 'Da Gutenberg a Knuth, storie di caratteri', '<a href=\'http://www.progettohmr.it/Riferimenti/#2014i-GutKnuth\'>Seminario</a> nell\'ambito della mostra Questioni di Caratter, Museo della Grafica', 'Dai primissimi incisori, alle grandi fonderie della fine dell\'800, fino al digitale dei giorni d\'oggi, ogni carattere &egrave; nato per distinguersi, per desiderio del disegnatore o per richiesta di originalit&agrave; di un committente. Il seminario &egrave; un approfondimento sul contesto storico, sulle vicende dei personaggi, sui cambiamenti indotti dalle tecnologie: ripercorre l\'evoluzione dei caratteri mostrandone le caratteristiche secondo la classificazione vox-atypi. Chi viene porti un libro, il preferito o quello che sta leggendo: dopo l\'incontro la visita alla mostra &egrave; l\'occasione per scoprire un altro aspetto del piacere della carta stampata.', 'si'),
(62, 'seminario', '2015-04-16', 'L\'informatica, che storie', '<a href=\'http://www.progettohmr.it/Documentazione/#2015i-MiSE\'>Seminario</a> al Ministero dello Sviluppo Economico', 'Due cimeli conservati al Museo Storico della Comunicazione sono il punto di partenza per un incontro con gli studenti delle scuole superiori. Rivivremo la battaglia di Turing (e altri), a Bletchley Park, contro l\'Enigma e metteremo in funzione l\'esemplare del Museo. L\'ELEA 9003 ci permetter&agrave; invece di parlare della breve ma intensa <a href=\"http://www.progettohmr.it/Documentazione/#2012i-AnniVel\">avventura Olivetti</a> nel mondo dei calcolatori elettronici.', 'si'),
(77, 'seminario', '2016-02-12', 'Informatica: la sua storia come completamento culturale del professionista', '<a href=\'http://www.progettohmr.it/Documentazione/#2016i-OrdIng\'>Seminario</a> di formazione per l\'Ordine degli Ingegneri di Pisa', 'L\'informatica &egrave; una disciplina recente, ma la velocit&agrave; con cui si &egrave; sviluppata fa s&igrave; che gi&agrave; abbia un passato ricco e denso. Una Storia che non solo &egrave; spesso sconosciuta, ma &egrave; anche viziata da \"storie\" determinate da esigenze esterne, dal mercato, alla politica, al giornalismo e alla narrativa in cerca di facili successi di pubblico. Una seria prospettiva storica &egrave; invece uno strumento che d&agrave; consapevolezza della disciplina, anche critica. Che fornisce una base culturale utile al proprio lavoro sia per chi fa consulenza in informatica sia per chi dall\'informatica dipende per la propria professione. I contenuti presentati nel seminario sono legati alle attivit&agrave; di ricerca di HMR e al <a href=\"http://www.progettohmr.it/Corso/\">Corso</a> di Storia dell\'Informatica dell\'Universit&agrave; di Pisa.', 'si'),
(96, 'seminario', '2016-11-28', 'Il Museo Tecnico Navale della Spezia', 'Seminario al corso di <a href=\' http://www.progettohmr.it/Corso/\'>Storia dell\'Informatica</a>', 'Un incontro con un Museo tecnico-scientifico molto particolare per arricchire gli aspetti museologici e museografici toccati dal corso. Il seminario tratter&agrave; della singolare realt&agrave; del Museo Navale di La Spezia, un museo militare e pertanto custode della tradizione, della storia e degli eroi di una Forza Armata. I temi affrontati includono: la difficile gestione del Museo in assenza di fondi (nonostante un patrimonio di reperti di primissima importanza e un successo di pubblico importante), la gestione della promozione, il finanziamento e la realizzazione degli ultimi restauri, la gestione dell\'archivio e della biblioteca (circa 20.000 documenti e volumi). Il seminario presenter&agrave; i lavori in corso e i programmi futuri: le mostre programmate, le convenzioni stipulate per i tirocini universitari, per l\'alternanza scuola-lavoro con le scuole superiori, per laboratori e campi estivi per bambini organizzati insieme ad associazioni private, il progetto di ampliamento, attualmente in valutazione, per fare del Museo un polo di attrazione di primaria importanza nazionale. Con noi sar&agrave; il C.V. Silvano Benedetti che ha una lunga carriera di comandi, sia in mare sia in importanti sedi della Marina Militare come il Centro TLC Principale di La Spezia, la Scuola TLC di Chiavari e, appunto, il Museo Tecnico Navale. Oggi in pensione, continua a collaborare con il Museo a titolo gratuito.', 'si'),
(97, 'seminario', '2016-12-07', 'Musei dell\'informatica: ricordare per capire', 'Seminario al corso di <a href=\'http://www.progettohmr.it/Corso/\'>Storia dell\'Informatica</a>', 'Lo storico della scienza George Sarton afferma che \"La storia degli strumenti &egrave; una parte essenziale della storia della scienza, il cui progresso &egrave; determinato dalle invenzioni pratiche quanto dalle teorie, e dall\'abilit&agrave; manuale quanto dal pensiero\". Gli strumenti devono essere quindi conservati e a questo servono i musei, ma la loro funzione non &egrave; solo il preservare oggetti: i manufatti del passato devono anche essere fatti vivere, devono raccontarci una storia, devono insegnarci come sono sorte le idee, come si sono imposte nella societ&agrave; e come questa, le sue istituzioni e i suoi portatori di interessi hanno plasmato a loro volta le tecnologie, determinandone successi e insuccessi. Nell\'informatica la conservazione, lo studio e il racconto dei manufatti sono ancora pi&ugrave; importanti, proprio per la sua veloce evoluzione, che rischia di far scomparire la memoria del passato in tempi molto brevi. In questo seminario si parler&agrave; dei musei dell\'informatica nel mondo e delle loro attivit&agrave;, con particolare riguardo alla situazione del nostro paese. A parlarcene ci sar&agrave; Silvio H&eacute;nin: studioso di storia della tecnologia, in particolare di quella del calcolo automatico, ha pubblicato una quarantina di articoli sull\'argomento e due libri; &egrave; coordinatore del gruppo Storia dell\'informatica di AICA e membro del comitato scientifico della rivista Mondo Digitale.', 'si'),
(116, 'seminario', '2017-12-01', 'Coltano: l’<em>Atlantide</em> delle radiocomunicazioni', '<a HREF=\'http://www.progettohmr.it/Documentazione/#2017i-STI-Giannetti\'>Seminario</a> invitato al corso di <a HREF=\'http://progettohmr.it/Corso\'>Storia dell’Informatica</a>', 'Coltano, fra Pisa e Livorno, fu sede di un&rsquo;importante stazione radio realizzata da Guglielmo Marconi. Costruita fra il 1905 e il 1911 fu la prima stazione intercontinentale in Italia, salutata alla sua inaugurazione come la pi&ugrave; potente al mondo. Fu la prima stazione a inviare un segnale in grado di oltrepassare il deserto del Sahara raggiungendo Massaua, in Eritrea. Fu attraverso la stazione di Coltano che, dal suo ufficio a Roma, Marconi accese le luci della statua del Cristo Redentore a Rio de Janeiro, il 12 ottobre 1931, in occasione delle celebrazioni per i 439 anni della scoperta dell&rsquo;America. La parola fine per il sito di Coltano arriv&ograve; con gli eventi bellici che devastarono l&rsquo;area di Pisa nell&rsquo;estate del 1944.<br />Il seminario ha lo scopo di far conoscere un altro notevole episodo di storia tecnologica locale, magari contribuendo a riportare il sito di Coltano fuori dallo stato di oblio e abbandono nel quale oggi si trova. Non mancheranno curiosit&agrave; ed aneddoti su questa affascinante vicenda che si snoda tra scienza, tecnica e storia.', 'si'),
(118, 'seminario', '2017-12-18', 'ComPVter: non solo retrocomputing', '<a HREF=\'http://www.progettohmr.it/Documentazione/#2017i-STI-Baldi\'>Seminario</a> invitato al corso di <a HREF=\'http://progettohmr.it/Corso\'>Storia dell’Informatica</a>', 'Dino Baldi &egrave; il presidente di ComPVter, un&rsquo;associazione di Pavia dedicata alla diffusione della conoscenza tecnologica. La storia dell&rsquo;informatica, il retrocomputing e la passione di conservare funzionanti vecchi calcolatori &egrave; per ComPVter solo il punto di partenza. L&rsquo;intervento racconta la storia dell&rsquo;associazione, le dimensioni e le esperienze, le tribolazioni e le soddisfazioni, l&rsquo;interessantissima collezione di macchine e le tante cose fatte: mostre ed eventi legati alla storia dell&rsquo;informatica, ma anche attivit&agrave; come i coderdojo e il fablab.', 'si');

-- --------------------------------------------------------

--
-- Struttura della tabella `eventsediting`
--

CREATE TABLE `eventsediting` (
  `IdEv` int(11) NOT NULL,
  `Type` varchar(25) COLLATE utf8_bin NOT NULL,
  `Date` date NOT NULL,
  `Title` varchar(250) COLLATE utf8_bin NOT NULL,
  `Subtitle` varchar(250) COLLATE utf8_bin NOT NULL,
  `Text` text COLLATE utf8_bin NOT NULL,
  `Visible` varchar(2) COLLATE utf8_bin NOT NULL
) ENGINE=InnoDB DEFAULT CHARSET=utf8 COLLATE=utf8_bin;

-- --------------------------------------------------------

--
-- Struttura della tabella `happeningpeople`
--

CREATE TABLE `happeningpeople` (
  `IdHa` int(11) NOT NULL,
  `IdPp` int(11) NOT NULL
) ENGINE=InnoDB DEFAULT CHARSET=utf8 COLLATE=utf8_bin;

--
-- Dump dei dati per la tabella `happeningpeople`
--

INSERT INTO `happeningpeople` (`IdHa`, `IdPp`) VALUES
(59, 1),
(119, 1),
(121, 1),
(121, 34),
(122, 1),
(123, 1),
(123, 21),
(123, 35),
(124, 1),
(125, 1),
(126, 1),
(126, 55),
(127, 1),
(127, 39),
(128, 1),
(131, 1),
(132, 1),
(132, 39),
(133, 1),
(133, 39),
(134, 56),
(135, 1),
(135, 45),
(135, 46),
(137, 1),
(139, 1),
(138, 1),
(142, 1),
(142, 21),
(142, 57),
(143, 1),
(144, 21),
(42, 1),
(145, 1),
(146, 36),
(146, 37),
(147, 1),
(147, 37),
(147, 36),
(148, 40),
(149, 1),
(149, 38),
(150, 1),
(150, 21),
(151, 1),
(151, 21),
(152, 1),
(152, 21),
(152, 58),
(153, 1),
(154, 1),
(155, 1),
(156, 1),
(157, 1),
(158, 1),
(160, 59),
(161, 1),
(163, 1),
(163, 21),
(164, 1),
(164, 23),
(165, 1),
(166, 1),
(167, 1),
(168, 1),
(168, 23),
(168, 39),
(169, 1),
(169, 23),
(169, 39),
(170, 1),
(170, 23),
(170, 39),
(171, 1),
(171, 23),
(171, 39),
(172, 1),
(173, 1),
(174, 1),
(174, 23),
(175, 1),
(175, 23),
(177, 1),
(177, 39),
(178, 1),
(178, 61),
(178, 42),
(178, 41),
(178, 36),
(179, 1),
(180, 1),
(180, 62),
(181, 1),
(182, 1),
(51, 1),
(185, 63),
(97, 47),
(96, 45),
(95, 1),
(95, 44),
(89, 1),
(89, 36),
(88, 1),
(88, 36),
(87, 1),
(86, 1),
(85, 1),
(85, 43),
(84, 1),
(83, 1),
(83, 41),
(83, 42),
(82, 1),
(81, 1),
(79, 1),
(77, 1),
(76, 1),
(75, 1),
(73, 1),
(73, 39),
(71, 1),
(70, 1),
(69, 1),
(113, 1),
(113, 50),
(66, 36),
(66, 37),
(66, 1),
(112, 1),
(112, 23),
(112, 39),
(111, 1),
(111, 23),
(64, 1),
(65, 1),
(110, 1),
(63, 1),
(62, 1),
(60, 1),
(58, 1),
(57, 1),
(57, 21),
(57, 23),
(55, 36),
(55, 37),
(55, 1),
(54, 1),
(54, 34),
(108, 1),
(108, 39),
(108, 23),
(53, 1),
(52, 1),
(107, 1),
(106, 1),
(50, 1),
(105, 1),
(105, 39),
(105, 24),
(49, 1),
(48, 1),
(104, 1),
(47, 1),
(103, 1),
(46, 1),
(45, 1),
(44, 1),
(44, 21),
(44, 23),
(44, 35),
(41, 1),
(41, 21),
(40, 1),
(40, 21),
(102, 1),
(39, 1),
(38, 1),
(37, 1),
(36, 1),
(36, 21),
(36, 23),
(36, 33),
(35, 1),
(35, 21),
(34, 1),
(34, 21),
(33, 1),
(32, 1),
(31, 1),
(31, 21),
(30, 1),
(29, 1),
(29, 32),
(28, 1),
(27, 31),
(26, 30),
(25, 1),
(101, 1),
(101, 21),
(101, 23),
(22, 1),
(22, 21),
(21, 1),
(20, 21),
(20, 1),
(19, 1),
(19, 21),
(18, 1),
(17, 1),
(16, 1),
(16, 21),
(15, 1),
(14, 1),
(141, 21),
(13, 1),
(12, 1),
(10, 1),
(100, 1),
(9, 1),
(9, 21),
(9, 20),
(8, 1),
(8, 18),
(8, 19),
(3, 1),
(3, 19),
(3, 18),
(2, 1),
(2, 19),
(2, 18),
(130, 3),
(187, 2),
(6, 1),
(6, 19),
(6, 18),
(1, 1),
(5, 1),
(5, 19),
(5, 18),
(68, 1),
(68, 37),
(68, 36),
(209, 124),
(207, 1),
(207, 36),
(11, 1),
(11, 21),
(183, 1),
(213, 1),
(213, 21),
(129, 1),
(129, 3),
(129, 52),
(120, 1),
(120, 39),
(43, 34),
(109, 1),
(94, 1),
(94, 45),
(94, 46),
(114, 1),
(214, 1),
(214, 127),
(216, 1),
(216, 108),
(212, 1),
(210, 1),
(208, 1),
(208, 3),
(206, 1),
(192, 1),
(191, 2),
(211, 125),
(211, 126),
(211, 1),
(190, 65),
(118, 54),
(116, 51),
(186, 123),
(117, 1),
(117, 52),
(117, 53),
(117, 3),
(136, 1),
(203, 1),
(204, 1),
(189, 64),
(201, 1),
(99, 1),
(98, 1),
(98, 44),
(217, 139),
(218, 108),
(219, 1),
(219, 127),
(61, 1),
(220, 124),
(220, 1),
(220, 2),
(220, 3),
(221, 124),
(205, 1),
(56, 1),
(56, 21),
(56, 38),
(223, 1),
(224, 127),
(224, 1),
(225, 1),
(227, 1),
(228, 1),
(226, 1),
(229, 1),
(231, 1),
(231, 127),
(232, 1),
(233, 1),
(234, 1),
(235, 1),
(235, 39),
(236, 1),
(236, 3),
(236, 53),
(239, 148),
(239, 152),
(239, 143),
(222, 141),
(222, 140),
(222, 145),
(222, 142),
(238, 1),
(238, 39),
(238, 3),
(238, 53),
(162, 1),
(215, 1),
(241, 3),
(242, 125),
(242, 126),
(242, 1),
(243, 1),
(243, 44),
(245, 3),
(246, 1),
(247, 24),
(248, 1),
(248, 127),
(248, 3),
(250, 1),
(249, 1),
(249, 108),
(252, 1),
(237, 1),
(253, 1),
(253, 3),
(255, 1),
(255, 21),
(254, 1),
(257, 176),
(257, 1),
(257, 175),
(257, 58),
(260, 154),
(259, 1),
(256, 176),
(256, 1),
(256, 175),
(256, 58),
(258, 1),
(258, 139),
(258, 108),
(258, 158),
(244, 1),
(244, 139),
(244, 108),
(244, 158),
(261, 1),
(240, 1),
(240, 127),
(7, 1),
(7, 18),
(7, 19),
(176, 60),
(159, 1),
(159, 21),
(90, 44),
(262, 176),
(262, 1),
(262, 175),
(262, 58);

-- --------------------------------------------------------

--
-- Struttura della tabella `happenings`
--

CREATE TABLE `happenings` (
  `IdHa` int(11) NOT NULL,
  `Date` date NOT NULL,
  `Title` varchar(250) COLLATE utf8_bin NOT NULL,
  `Subtitle` varchar(250) COLLATE utf8_bin NOT NULL,
  `Anchor` varchar(85) COLLATE utf8_bin NOT NULL,
  `State` varchar(14) COLLATE utf8_bin NOT NULL,
  `IdCr` int(11) NOT NULL,
  `IdEv` int(11) NOT NULL,
  `IdBi` int(11) NOT NULL,
  `IdHl` int(11) NOT NULL,
  `IdPg` int(11) NOT NULL
) ENGINE=InnoDB DEFAULT CHARSET=utf8 COLLATE=utf8_bin;

--
-- Dump dei dati per la tabella `happenings`
--

INSERT INTO `happenings` (`IdHa`, `Date`, `Title`, `Subtitle`, `Anchor`, `State`, `IdCr`, `IdEv`, `IdBi`, `IdHl`, `IdPg`) VALUES
(1, '2008-03-07', 'Prima della CEP: la Macchina Ridotta, 50 anni fa a Pisa', 'Lezione al corso di Storia dell\'Informatica 2007/08', '2008i-LezSti', 'Pubblicato', 1, 1, 1, 0, 0),
(2, '2008-11-28', 'Hackerando la Macchina Ridotta', 'Seminario al Dipartimento di Informatica', '2008i-SemDip', 'Pubblicato', 2, 2, 2, 0, 0),
(3, '2009-03-02', 'Prima della CEP: (simulare) la Macchina Ridotta', 'Lezione al corso di Storia dell\'Informatica 2008/09', '2009i-LezSti', 'Pubblicato', 3, 3, 3, 0, 0),
(4, '2009-03-21', 'HMR ha una sua pagina web', '', '2009PagHMR', 'Pubblicato', 4, 0, 0, 0, 0),
(5, '2009-06-12', 'Software e interfaccia utente di una calcolatrice pisana degli anni \'50', 'Intervento a Pisa culla dell\'Informatica', '2009i-PisaCulla', 'Pubblicato', 5, 5, 5, 0, 0),
(6, '2009-11-05', 'Il \"restauro\" del software di sistema della Macchina Ridotta del 1956', 'Articolo al Congresso Nazionale AICA', '2009s-AICA', 'Pubblicato', 6, 6, 6, 0, 0),
(7, '2010-04-16', 'Hackerando la Macchina Ridotta ', 'Seminario alla CLAC di Padova', '2010i-CalcPd', 'Pubblicato', 7, 7, 7, 0, 0),
(8, '2010-04-22', 'Vecchi calcolatori per incuriosire e insegnare', 'Intervento a Didamatica', '2010i-Didamat', 'Pubblicato', 8, 8, 8, 0, 0),
(9, '2010-05-01', 'luglio - Le radici toscane dell\'informatica e la Macchina Ridotta pisana', 'Articolo su Etruria Oggi', '2010v-EtrOggi', 'Pubblicato', 9, 9, 9, 0, 0),
(10, '2011-05-05', '5-8 maggio - HMR all\'Internet Festival', 'Laboratori al Museo degli Strumenti per il Calcolo', '2011i-IntFest', 'Pubblicato', 10, 10, 10, 0, 0),
(11, '2011-11-11', '11-13 novembre - La CEP prima della CEP', 'Mostra e convegno', '2011-CEPprimaCEP', 'Pubblicato', 11, 11, 0, 0, 0),
(12, '2011-11-28', 'Fra metodo e curiosità', 'Lezione al corso di Informatica e Didattica', '2011i-LezInfDid', 'Pubblicato', 12, 12, 12, 0, 0),
(13, '2011-12-02', 'HMR i laboratori', 'Presentazione a Palazzo Blu', '2011i-Lab', 'Pubblicato', 13, 13, 13, 0, 0),
(14, '2011-12-15', 'HMR a Varese (in videoconferenza)', 'Interventi a 150 anni di Tecnologia Italiana', '2011i-ForcetiGC', 'Pubblicato', 14, 14, 14, 0, 0),
(15, '2012-03-24', 'I primi calcolatori Olivetti, dieci anni veloci', 'Intervento e articolo per Sottsass e il design dei primi calcolatori Olivetti', '2012i-AnniVel', 'Pubblicato', 15, 15, 15, 0, 0),
(16, '2012-04-14', 'Cronologia dell\'informatica: the Directors\' cut', 'Seminario al Museo degli Strumenti per il Calcolo', '2012i-Crono', 'Pubblicato', 16, 16, 16, 0, 0),
(17, '2012-04-28', 'HMR a Monaco di Baviera!', 'Allestimento al 13mo Vintage Computer Festival di Monaco', '2012d-VCFE13', 'Pubblicato', 17, 17, 17, 0, 0),
(18, '2012-05-07', 'La Macchina Ridotta: un progetto ben studiato', 'Seminario al Dipartimento di Ingegneria della Informazione', '2012i-DiPlng', 'Pubblicato', 18, 18, 18, 0, 0),
(19, '2012-05-16', 'I laboratori didattici di HMR al Museo degli Strumenti per il Calcolo', 'Articolo a Didamatica', '2012s-Didamat', 'Pubblicato', 19, 19, 19, 0, 0),
(20, '2012-05-25', 'Archeologia Sperimentale dell\'Informatica', 'Articolo a La ricerca scientifica in Museo', '2012s-Calci', 'Pubblicato', 20, 20, 20, 0, 0),
(21, '2012-08-01', 'agosto - Alan Turing, il genio con due anime in petto', 'Articolo su Sapere', '2012s-Turing', 'Pubblicato', 21, 21, 21, 0, 0),
(22, '2012-09-07', 'Rediscovering the Very First Italian Digital Computer', 'Articolo a IEEE HistElCon', '2012s-HistElCon', 'Pubblicato', 22, 22, 22, 0, 0),
(23, '2006-02-01', 'febbraio - Nasce HMR', '', '2006s-AICA', 'Pubblicato', 23, 0, 23, 0, 0),
(24, '2006-01-01', 'Prima di HMR', '', '2006-primadiHMR', 'Pubblicato', 24, 0, 0, 0, 0),
(25, '2012-10-08', 'ottobre - Pianeta Galileo per le attività didattiche al Museo', 'Attività didattiche al Museo degli Strumenti per il Calcolo', 'MuseoDidattica2012', 'Pubblicato', 25, 0, 0, 0, 0),
(26, '2012-12-01', 'dicembre - Alla ricerca del calcolatore perduto', 'Articolo su Imprenditori', '2012v-Imprenditori', 'Pubblicato', 26, 0, 26, 0, 0),
(27, '2013-03-01', 'Buon compleanno Macchina Ridotta!', 'Articolo su Google Europe Blog', '2012v-Google', 'Pubblicato', 27, 0, 27, 0, 0),
(28, '2013-03-07', 'Un calcolatore, un artista e dintorni', 'Seminario nell\'ambito della mostra Bruno Caruso. L\'arte del disegno, Museo della Grafica', '2013i-Caruso', 'Pubblicato', 28, 28, 28, 0, 0),
(29, '2013-04-20', 'Invasione al Museo!', 'Invasioni Digitali al Museo degli Strumenti per il Calcolo', 'AltriEv', 'Pubblicato', 29, 0, 0, 0, 0),
(30, '2013-05-08', '8-9 maggio - Informatica per la Storia dell\'Informatica', 'HMR e il Museo all\'Open Day della Ricerca dell\'Università di Pisa', 'AltriEv', 'Pubblicato', 30, 0, 0, 0, 0),
(31, '2013-05-09', '9 maggio - Calcolatori d\'epoca per insegnare l\'informatica', 'Sessione a Didamatica', 'AltriEv', 'Pubblicato', 31, 0, 0, 0, 0),
(32, '2013-05-18', 'La notte dei calcolatori raccontati', 'Notte dei Musei al Museo degli Strumenti per il Calcolo', '2013i-CalcPer', 'Pubblicato', 32, 0, 32, 0, 32),
(33, '2013-05-24', 'Computer Science Illustrated through Old Computers', 'Intervento a Knowledge Triangle', '2013i-KTriang', 'Pubblicato', 33, 0, 33, 0, 0),
(34, '2013-06-17', 'Old Computers for Teaching Computer Science: HMR allo Science Museum!', 'Articolo a Making the History of Computing Relevant, Science Museum, Londra', '2013s-IfipMHCR', 'Pubblicato', 34, 0, 34, 0, 0),
(35, '2013-06-25', 'Les premiers ordinateurs Olivetti: Deux études de cas in brand making', 'Seminario al Conservatoire National des Arts et Métiers, Parigi', '2013i-CNAM', 'Pubblicato', 35, 35, 35, 0, 0),
(36, '2013-09-18', 'Per un Museo Nazionale dell\'Informatica', 'Articolo al Congresso Nazionale AICA', '2013s-AICA', 'Pubblicato', 36, 0, 36, 0, 0),
(37, '2013-09-27', 'I ricercatori della Macchina Perduta: HMR a Shine!', 'Intervento a Shine! La Notte dei Ricercatori', '2013i-Shine', 'Pubblicato', 37, 0, 37, 0, 0),
(38, '2013-10-02', 'Storia dell\'Informatica, seriamente', 'Lezione ai Seminari di Cultura Digitale', '2013i-CultDig', 'Pubblicato', 38, 0, 38, 0, 0),
(39, '2013-10-04', 'La storia dell\'informatica per capire l\'informatica', 'Presentazione agli insegnanti delle attività didattiche di HMR', '2013i-PresDid', 'Pubblicato', 39, 0, 39, 0, 0),
(40, '2013-10-28', 'A Syllabus for the Fifties, Teaching Computer Science on the first Italian Computers', 'Intervento a History and Philosophy of Computing', '2013s-HaPoC', 'Pubblicato', 40, 0, 40, 0, 0),
(41, '2013-11-13', '13-15 novembre - Designing an exhibition about the history of personal computing', 'Poster al XXIII Congresso dell\'Associazione Nazionale dei Musei Scientifici', '2013s-ANMS', 'Pubblicato', 41, 0, 41, 0, 0),
(42, '2013-12-20', 'Dall\'aritmometro al PC: la nuova Sala al Museo', 'Inaugurazione del nuovo allestimento permanente al Museo degli Strumenti per il Calcolo', '2013i-AritPC', 'Pubblicato', 42, 0, 42, 0, 42),
(43, '2014-01-15', 'il Museo e HMR su paginaQ', 'Articolo su paginaQ', '4CCsC_001', 'Pubblicato', 43, 0, 0, 43, 43),
(44, '2014-04-10', '10-11 aprile - Dall\'aritmometro al PC, un allestimento al Museo degli Strumenti per il Calcolo', 'il Museo e HMR all\'Open Day della Ricerca dell\'Università di Pisa', 'AltriEv', 'Pubblicato', 44, 0, 0, 0, 0),
(45, '2014-05-06', 'Programmazione su un calcolatore anni \'50 (la Macchina Ridotta)', 'Lezione al corso di Esperienze di Programmazione', '2014i-LezEspProg', 'Pubblicato', 45, 0, 45, 0, 0),
(46, '2014-05-09', 'La Macchina Ridotta (la CEP prima della CEP)', 'Intervento a Happy Hour della Tecnica e della Scienza', '2014i-HHour', 'Pubblicato', 46, 0, 46, 0, 0),
(47, '2014-05-13', 'Da Gutenberg a Knuth, storie di caratteri', 'Seminario nell\'ambito della mostra Questioni di Caratter, Museo della Grafica', '2014i-GutKnuth', 'Pubblicato', 47, 47, 47, 0, 0),
(48, '2014-06-07', 'I am a Monument Man', 'Invasioni digitali al Museo degli Strumenti per il Calcolo', 'AltriEv', 'Pubblicato', 48, 0, 0, 0, 0),
(49, '2014-06-12', 'La Luna da Galileo all\'Apollo 11', 'Serata del Giugno Pisano al Museo degli Strumenti per il Calcolo', '2014i-Luna', 'Pubblicato', 49, 0, 49, 0, 49),
(50, '2014-09-26', 'Dalla ricerca al pubblico: l\'informatica al Museo degli Strumenti per il Calcolo', 'Intervento allo stand del Sistema Museale di Ateneo a Bright, la Notte dei Ricercatori', '2014i-Bright', 'Pubblicato', 50, 0, 50, 0, 0),
(51, '2014-10-09', 'Iniziano i seminari di Storia dell\'informatica', 'Ciclo di seminari al Dipartimento di Informatica', '2014i-SemSTI', 'Pubblicato', 51, 0, 51, 0, 0),
(52, '2014-10-25', '50 anni in 30\', l\'informatica aperta, prima di GNU', 'Intervento al Linux Day di Pontedera', '2014i-LinuxDay', 'Pubblicato', 52, 0, 52, 0, 0),
(53, '2014-10-29', 'Linotype: una meraviglia di strumento di calcolo', 'Lezione ai Seminari di Cultura Digitale', '2014i-CultDig', 'Pubblicato', 53, 0, 53, 0, 0),
(54, '2014-11-12', 'Raccontare il calcolo, senza fare conti', 'Intervento al XXIV Congresso dell\'Associazione Nazionale dei Musei Scientifici', '2014i-ANMS', 'Pubblicato', 54, 0, 54, 0, 0),
(55, '2014-11-19', 'Al via il Laboratorio di Videogiochi', 'Laboratorio al Museo degli Strumenti per il Calcolo', 'Didattica', 'Pubblicato', 55, 0, 0, 0, 0),
(56, '2014-12-01', 'A Virtual Experience on the Very First Italian Computer', 'Articolo su ACM Journal of Computing and Cultural Heritage', '2014s-ACMJoCCH', 'Pubblicato', 56, 0, 56, 0, 0),
(57, '2014-12-04', '4-5 dicembre - Rebuilding/Interacting at the Museum of Computing Machinery', 'Poster a RICHES, Cultural Heritage: Recalibrating Relationships', '2014s-RICHES', 'Pubblicato', 57, 0, 57, 0, 0),
(58, '2014-12-19', 'Neko, giocare al gatto con il topo', 'Installazione a Siamo del gatto!, Museo della Grafica', '2015s-Neko', 'Pubblicato', 58, 0, 58, 0, 0),
(59, '2015-01-24', 'The Imagination Game', 'Articolo (e teaser) su paginaQ', '4CCsC_031', 'Pubblicato', 59, 0, 0, 0, 0),
(60, '2015-03-22', 'Retrocomputing, molto retro', 'Intervento alla mostra Quando ieri era già domani, Stradella (Pv)', '2015i-Stradella', 'Pubblicato', 60, 0, 60, 0, 0),
(61, '2015-04-01', 'aprile - Lezioni al Museo', 'Attività didattiche al Museo degli Strumenti per il Calcolo', 'Didattica', 'Pubblicato', 61, 0, 0, 0, 61),
(62, '2015-04-16', 'L\'informatica, che storie', 'Seminario al Ministero dello Sviluppo Economico', '2015i-MiSE', 'Pubblicato', 62, 62, 62, 0, 0),
(63, '2015-04-17', 'Informatica al Museo dalle elementari in su, senza mai banalizzare', 'Intervento a Se l\'Informatica è per tutti, come insegnare l\'Informatica a tutti?', '2015i-ANDInf', 'Pubblicato', 63, 0, 63, 0, 0),
(64, '2015-05-31', 'Archeologi dell\'informatica', 'Articolo su X la tangente', '2015s-XlaTang', 'Pubblicato', 64, 0, 64, 0, 0),
(65, '2015-05-29', 'La Olivetti, fra emozioni e razioncinio', 'Intervento a Oltre le occasioni perdute, presentazione del libro di Simone Fubini', '2015i-Fubini', 'Pubblicato', 65, 0, 65, 0, 0),
(66, '2015-06-30', 'Laboratorio di Videogiochi: Play!', 'Serata del Giugno Pisano al Museo degli Strumenti per il Calcolo', 'AltriEv', 'Pubblicato', 66, 0, 0, 0, 66),
(67, '2015-09-21', 'Corso di Storia dell\'Informatica', 'Presentazione agli studenti di Informatica Umanistica, Aula F, Polo Fibonacci ore 12', '2015CorsoSTI', 'Pubblicato', 67, 0, 0, 0, 0),
(68, '2015-10-01', '1 e 7 ottobre - Games, from Engaging to Understanding', 'Poster a IFIP - International Conference on Entertainment Computing 2015', '2015s-ICEC', 'Pubblicato', 68, 0, 68, 0, 68),
(69, '2015-10-08', 'Functional or appealing? Traces of a long struggle', 'Articolo a History and Philosophy of Computing 2015', '2015s-HaPoC', 'Pubblicato', 69, 0, 69, 0, 0),
(70, '2015-10-16', 'Design ed elettronica: Olivetti, il bel calcolo', 'Intervento a Eredità del Novecento. Arte e design nelle collezioni civiche livornesi', '2015i-BelCalc', 'Pubblicato', 70, 0, 70, 0, 0),
(71, '2015-11-13', 'Lezioni al Museo: cimeli dell\'informatica per la didattica e l\'orientamento', 'Intervento al XXV Congresso dell\'Associazione Nazionale dei Musei Scientifici', '2015s-ANMS', 'Pubblicato', 71, 0, 71, 0, 0),
(72, '2015-11-26', 'Incontro con Mauro Cuomo', 'Seminario invitato nell\'ambito del Corso di Storia dell\'Informatica (h 14.00, aula F, Polo Fibonacci)', '2015-IncMauroCuomo', 'Pubblicato', 72, 0, 0, 0, 0),
(73, '2015-11-28', 'DJ set a manovella', 'Torna Prima dell\'emmepitré a Senza Filo, sabato 28.11 al Cantiere Sanbernardo alle 20:20', '2015d-SFilo', 'Pubblicato', 73, 0, 73, 0, 0),
(74, '2015-12-03', 'Incontro con Rover Joe e Bruno Grassi', 'Seminario invitato nell\'ambito del Corso di Storia dell\'Informatica (h 14.00, aula F, Polo Fibonacci)', '2015-IncRoveroGrassi', 'Pubblicato', 74, 0, 0, 0, 0),
(75, '2015-12-14', 'La Ferranti dell\'INAC cos\'era, come funzionava, che ci facevano', 'Intervento alla giornata per i 60 anni della FINAC del CNR', '2015i-Finac', 'Pubblicato', 75, 0, 75, 0, 0),
(76, '2015-12-17', '17-19 dicembre - CHKB: dare struttura (visitabile) alle collezioni tecnico-scientifiche', 'Intervento alla IV Conferenza Nazionale dell\'Associazione per l\'Informatica Umanistica e la Cultura Digitale', '2015s-AIUCD', 'Pubblicato', 76, 0, 76, 0, 0),
(77, '2016-02-12', 'Informatica: la sua storia come completamento culturale del professionista', 'Seminario di formazione per l\'Ordine degli Ingegneri di Pisa', '2016i-OrdIng', 'Pubblicato', 77, 77, 77, 0, 0),
(78, '2016-02-17', 'Chiusa la prima sessione di esami al Corso di Storia dell\'informatica', '', '2017-ProgettiEsamiSTI', 'Pubblicato', 78, 0, 0, 0, 0),
(79, '2016-02-27', 'L\'aritmometro \"di Marconi\" in funzione', 'Evento al Museo Tecnico Navale della Spezia', '2016i-CompMass', 'Pubblicato', 79, 0, 79, 0, 0),
(80, '2016-02-28', 'febbraio - toh, 10 anni di HMR', '', '2016-10anniHMR', 'Pubblicato', 80, 0, 0, 0, 0),
(81, '2016-04-19', '19-21 aprile - Bene insegnare l\'informatica in una società sempre più complicata', 'Articolo a Didamatica', '2016s-Didamat', 'Pubblicato', 81, 0, 81, 0, 0),
(82, '2016-04-29', 'Chiacchiere e videogiochi: il Dandy, il Porco, il Cattivo', 'Chiacchierata in compagnia al Caffè Letterario Voltapagina', '2016i-ChiacchiereVG', 'Pubblicato', 82, 0, 82, 0, 82),
(83, '2016-05-14', 'Dall\'Aritmometro all\'Amiga', 'Evento al Nuovo Teatro Pacini di Fucecchio', '2016i-CompMassAmiga', 'Pubblicato', 83, 0, 83, 0, 0),
(84, '2016-05-21', 'Hackerare la Storia (dell\'Informatica, ovviamente)', 'Intervento a a bit of [hi]story, Torino', '2016i-ABitOf', 'Pubblicato', 84, 0, 84, 0, 0),
(85, '2016-05-25', '25-29 maggio - The Global Virtual Museum of Information Science & Technology', 'Articolo a International Communities of Invention and Innovation - IFIP WG 9.7 Conference, New York', '2016s-IFIP97', 'Pubblicato', 85, 0, 85, 0, 0),
(86, '2016-06-05', 'HMR & friends a Vicoretrò', 'Evento al Palazzetto dello Sport di Vicopisano', '2016i-Vicoretro', 'Pubblicato', 86, 0, 86, 0, 86),
(87, '2016-06-18', 'Dai cataloghi alla conoscenza', 'Intervento a Il computer racconta se stesso', '2016i-AICAVerona', 'Pubblicato', 87, 0, 87, 0, 0),
(88, '2016-06-20', 'per tutta l\'estate: Fare Videogiochi!', 'Palestra scientifica al CUS Junior di Pisa', '2016d-CUSFareVG', 'Pubblicato', 88, 0, 88, 0, 0),
(89, '2016-06-25', 'Can you stand a chance? La Notte dei Vecchi Videogiochi n. 5', 'Torna la NVV al Museo degli Strumenti per il Calcolo', '2016e-NVV5', 'Pubblicato', 89, 0, 0, 0, 89),
(90, '2016-07-22', 'Estensione e validazione di CHKB', 'Tesi di laurea triennale in Ing. Informatica', '2016d-TirCHKB', 'Pubblicato', 90, 0, 90, 0, 0),
(91, '2016-08-11', 'Quattro chiacchiere sul calcolo, senza fare conti - reloaded', 'Gli articoli apparsi su PaginaQ, rivisti, arricchiti e rimessi in linea', '4CCsC_041', 'Pubblicato', 91, 0, 0, 0, 0),
(92, '2016-09-12', 'Lezioni al Museo!', 'Orto Botanico, presentazione dell\'offerta didattica del Sistema Museale di Ateneo', '2016-LezMuseo', 'Pubblicato', 92, 0, 0, 0, 0),
(93, '2016-09-26', 'Corso di Storia dell\'Informatica', 'Corso di Laurea in Informatica Umanistica, Università di Pisa, a.a. 2016/17', '2016-InizLez', 'Pubblicato', 93, 0, 0, 0, 0),
(94, '2016-10-29', 'L\'aritmometro di \"Marconi\"', 'Conferenza/spettacolo al Festival della Scienza di Genova', '2016d-Manovella', 'Pubblicato', 94, 0, 94, 94, 94),
(95, '2016-11-16', '16-18 novembre - Informatica ed economia della catalogazione', 'Intervento al XXVI Congresso dell\'Ass. Naz. dei Musei Scientifici', '2016s-ANMS', 'Pubblicato', 95, 0, 95, 0, 0),
(96, '2016-11-28', 'Il Museo Tecnico Navale della Spezia', 'Seminario al corso di <a href=\' http://www.progettohmr.it/Corso/\'>Storia dell\'Informatica</a>', '2016s-MTecnicoNavale', 'Pubblicato', 96, 96, 0, 0, 0),
(97, '2016-12-07', 'Musei dell\'informatica: ricordare per capire', 'Seminario al corso di Storia dell\'Informatica', '2016s-RicordCapire', 'Pubblicato', 97, 97, 0, 0, 0),
(98, '2017-01-26', '26-28 gennaio - KB-Driven Information Extraction to Enable Distant Reading of Museum Collections', 'Intervento alla 6th AIUCD Conference 2017', '2017s-AIUCD', 'Pubblicato', 98, 0, 98, 0, 0),
(99, '2017-02-03', 'Programmi per dire cose', 'Intervento a Indiesagio 1.0 - Convention sul videogioco indipendente pisano', '2017i-Indiesagio', 'Pubblicato', 99, 0, 99, 0, 0),
(100, '2010-10-01', 'Un giro (simulato) sulla Macchina Ridotta', 'Intervento al Congresso Nazionale AICA', '2010i-AICA', 'Pubblicato', 100, 0, 100, 0, 0),
(101, '2012-10-04', '4-7 ottobre - Dall\'aritmometro al calcolatore, personalmente', 'Mostra all\'Internet Festival', 'AritPC-IF', 'Pubblicato', 101, 0, 0, 0, 101),
(102, '2013-10-10', '10-13 ottobre - Caratteri/Emozioni all\'Internet Festival!', 'Installazione all\'Internet Festival', '2013d-CarEmoPannelli', 'Pubblicato', 102, 0, 102, 0, 102),
(103, '2014-05-10', '9 maggio - 2 giugno - Questioni di Carattere', 'Mostra al Museo della Grafica', 'QuestCar', 'Pubblicato', 103, 0, 0, 0, 103),
(104, '2014-05-17', 'Prepare to be invaded! La notte dei vecchi videogiochi', 'Notte dei Musei e NVV n.1 al Museo degli Strumenti per il Calcolo', 'NotteMuseiNVV', 'Pubblicato', 104, 0, 0, 0, 104),
(105, '2014-06-20', 'Prima dell\'emmepitré', 'Serata del Giugno Pisano al Museo degli Strumenti per il Calcolo', '2014d-PrimaMP3', 'Pubblicato', 105, 0, 105, 0, 105),
(106, '2014-10-10', '10-11 ottobre - Since \'81. And still jumping! La Notte dei Vecchi Videogiochi, speciale IF', 'NVV al Museo degli Strumenti per il Calcolo', '2014i-NVVif', 'Pubblicato', 106, 0, 106, 0, 106),
(107, '2014-10-24', 'Inaugurazione della Sala Laboratori HMR', 'Inaugurazione del nuovo spazio per attività didattiche al Museo degli Strumenti per il Calcolo', '2014i-SalaLab', 'Pubblicato', 107, 0, 107, 0, 107),
(108, '2014-11-06', '6-25 novembre - Prima dell\'emmepitré: Musica e numeri, intermezzi meccanici a Senza Filo', 'Interventi a Senza Filo Festival Veramente Acustico', '2014d-SFilo1', 'Pubblicato', 108, 0, 108, 0, 108),
(109, '2015-02-28', 'Un mese con Turing e l’Enigma', 'Eventi e mostra al Museo degli Strumenti per il Calcolo', '2015i-TIG', 'Pubblicato', 109, 0, 109, 109, 109),
(110, '2015-05-16', 'Da Vito Volterra alla simulazione ad agenti', 'Notte dei Musei al Museo degli Strumenti per il Calcolo', '2015i-Volterra', 'Pubblicato', 110, 0, 110, 110, 110),
(111, '2015-05-31', '64 Mania e Dont be Shy, la NVV 2014', 'NVV e Mostra al Museo degli Strumenti per il Calcolo', 'NVV64Mania', 'Pubblicato', 111, 0, 0, 0, 111),
(112, '2015-06-05', 'Prima dell\'emmepitré: 64, musica a 8 bit', 'Serata del Giugno Pisano al Museo degli Strumenti per il Calcolo', '2015d-64Musica', 'Pubblicato', 112, 0, 112, 0, 0),
(113, '2015-09-08', 'Killing polyhedral models! La Notte dei Vecchi Videogiochi n. 4', 'NVV speciale 1st AIRO e-sport al Museo degli Strumenti per il Calcolo', '2015d-NVVairoInfo', 'Pubblicato', 113, 0, 113, 0, 113),
(114, '2015-09-25', 'Computers for the masses', 'Mostra al Museo Tecnico Navale della Spezia', 'ComputersForTheMasses', 'Pubblicato', 114, 0, 0, 114, 114),
(115, '1993-04-04', 'Commissione Nazionale per il Museo degli Strumenti per il Calcolo', '', '1993d-DM', 'Pubblicato', 0, 0, 115, 0, 0),
(116, '2017-12-01', 'Coltano: l’<em>Atlantide</em> delle radiocomunicazioni', 'Seminario invitato al corso di Storia dell’Informatica', '2017i-STI-Giannetti', 'Pubblicato', 116, 116, 116, 0, 0),
(117, '2017-10-27', 'Creare contatti: raccontare sul luogo', ' intervento a <em>Il museo e i suoi contatti - XXVII Congresso ANMS</em>', '2017s-ANMS1', 'Pubblicato', 117, 0, 117, 0, 0),
(118, '2017-12-18', 'ComPVter: non solo retrocomputing', 'Seminario invitato al corso di Storia dell’Informatica', '2017i-STI-Baldi', 'Pubblicato', 118, 118, 118, 0, 0),
(119, '2017-10-28', 'Lezioni al Museo: cimeli dell\'informatica per didattica e orientamento all\'Università di Pisa', '', '2017s-MuSc17', 'Pubblicato', 0, 0, 119, 0, 0),
(120, '2017-10-25', 'Prima dell\'emmepitré pixel a 45 giri: contatti fra musica e tecnologia', '', '2017s-ANMS2', 'Pubblicato', 0, 0, 120, 120, 120),
(121, '2017-10-24', 'Raccontare il calcolo senza fare i conti', '', '2017s-MuSc16', 'Pubblicato', 0, 0, 121, 0, 0),
(122, '2017-05-15', 'Cosa s\'impara da un aritmometro', '', '2017s-Didamat', 'Pubblicato', 0, 0, 122, 0, 0),
(123, '2016-05-30', 'Il progetto di una sala sulla storia dell\'informatica personale', '', '2016s-MuSc', 'Pubblicato', 0, 0, 123, 0, 0),
(124, '2017-12-07', 'Hacker, archivi e simulatori: la riscoperta della 1a CEP', '', '2017i-ComPVter', 'Pubblicato', 0, 0, 124, 0, 0),
(125, '2017-07-01', 'La mela più tosta', '', '2017i-AAA', 'Pubblicato', 0, 0, 125, 0, 0),
(126, '2017-06-11', 'HMR Racconta - Segreti per la vittoria: intelligenze artificiali di altri tempi (fatte girare sulla programma101)', '', '2017i-Vicoretro', 'Pubblicato', 0, 0, 126, 0, 0),
(127, '2017-06-08', '45 giri: analogici, multimediali', '', '2017i-Pixel45-0608', 'Pubblicato', 0, 0, 127, 0, 0),
(128, '2017-05-04', 'Calcoli e calcolatori che ci han portato sulla luna', '', '2017i-Ludoteca', 'Pubblicato', 0, 0, 128, 0, 0),
(129, '2017-04-26', 'Le Calcolatrici Elettroniche Pisane: proprio qui!', '', '2017i-CultDig', 'Pubblicato', 0, 0, 129, 129, 129),
(130, '2017-07-13', 'Un\'applicazione web: Oggi nella storia dell\'informatica', '', '2017d-TesiOggiSTI', 'Pubblicato', 0, 0, 130, 0, 0),
(131, '2017-06-01', 'La Programma 101 e la notazione polacca inversa', '', '2017d-P101RPN', 'Pubblicato', 0, 0, 131, 0, 0),
(132, '2017-06-08', 'Pixel a 45 giri - Mappa per anno e numero', '', '2017d-Pixel45-Mappa', 'Pubblicato', 0, 0, 132, 0, 0),
(133, '2017-06-08', 'Pixel a 45 giri - Elenco dischi/copertine', '', '2017d-Pixel45-Elenco', 'Pubblicato', 0, 0, 133, 0, 0),
(134, '2017-06-07', 'Reingegnerizzazione di ruoli e permessi in CHKB, una base di conoscenza web per la storia dell\'informatica', '', '2017d-TirCHKB', 'Pubblicato', 0, 0, 134, 0, 0),
(135, '2016-10-29', 'L\'aritmometro \'di Marconi\'', '', '2016i-FestScienza', 'Pubblicato', 0, 0, 135, 0, 0),
(136, '2017-09-25', 'Inizio del corso di Storia dell’Informatica 2017/2018', '', '2017-CorsoSTI', 'Pubblicato', 136, 0, 0, 0, 136),
(137, '2014-06-12', 'La Terra e la Luna, in scala, da ritagliare', 'gioco di carta per la serata La Luna da Galileo all\'Apollo 11, Museo degli Strumenti per il Calcolo', '2014d-TerraLuna', 'Pubblicato', 0, 0, 137, 0, 0),
(138, '2014-03-01', 'La Formula di Leon Battista Alberti', '', '2014d-Formula', 'Pubblicato', 0, 0, 138, 0, 0),
(139, '2014-02-01', 'Disco Cifrante, da Cesare a Vigènere', '', '2014d-DiscoCif', 'Pubblicato', 0, 0, 139, 0, 0),
(140, '2011-11-11', '11-13 novembre - La CEP prima della CEP (Intervento)', '', '2011i-CEPprimaCEP', 'Pubblicato', 0, 0, 140, 0, 0),
(141, '2011-12-15', 'HMR a Varese (in videoconferenza)', '', '2011i-ForcetiFG', 'Pubblicato', 0, 0, 141, 0, 0),
(142, '2012-04-28', 'HMR a Monaco di Baviera! (Intervento)', '', '2012i-VCFE13', 'Pubblicato', 0, 0, 142, 0, 0),
(143, '2013-05-18', 'La notte dei calcolatori raccontati (Il calcolatore immaginato)', '', '2013i-CalcImm', 'Pubblicato', 0, 0, 143, 0, 0),
(144, '2013-12-20', 'Un laboratorio per fare e capire, il prossimo progetto al Museo', '', '2013i-LabMuseo', 'Pubblicato', 0, 0, 144, 0, 0),
(145, '2014-04-01', 'Caccia alla macchina', 'idea e presentazione per attività didattiche con i più piccoli, Museo degli Strumenti per il Calcolo, Pisa, aprile 2014', '2014i-Caccia', 'Pubblicato', 0, 0, 145, 0, 0),
(146, '2014-10-24', 'Laboratorio di Videogiochi', 'intervento all\'inaugurazione della Sala Laboratori Didattici HMR, Museo degli Strumenti per il Calcolo, Pisa', '2014i-LabVG', 'Pubblicato', 0, 0, 146, 0, 0),
(147, '2015-10-07', 'Giochi: dal coinvolgere al capire, un punto di vista dal Museo degli Strumenti per il Calcolo', '', '2015i-CultDig', 'Pubblicato', 0, 0, 147, 0, 0),
(148, '2016-02-27', 'L\'aritmometro \'di Marconi\' in funzione', '', '2016i-CompMassArit', 'Pubblicato', 0, 0, 148, 0, 0),
(149, '2012-09-24', 'UML Modelling and Code Generation For Agent-based, Discrete Events Simulation', '', '2012s-WAMS', 'Pubblicato', 0, 0, 149, 0, 0),
(150, '2013-05-01', 'La storia dell\'informatica al Museo degli Strumenti per il Calcolo di Pisa', '', '2013s-PiGal', 'Pubblicato', 0, 0, 150, 0, 0),
(151, '2013-05-07', 'Calcolatori d\'epoca per la didattica dell\'Informatica al Museo degli Strumenti per il Calcolo', '', '2013s-Didamat', 'Pubblicato', 0, 0, 151, 0, 0),
(152, '2013-11-18', 'I documenti raccontano le storie delle CEP', '', '2013s-StorieCEP', 'Pubblicato', 0, 0, 152, 0, 0),
(153, '2014-01-01', 'Dall\'aritmometro al PC - La storia del calcolo personale nelle collezioni del Museo degli Strumenti per il Calcolo', '', '2014s-AritPC', 'Pubblicato', 0, 0, 153, 0, 0),
(155, '2012-03-01', 'MR57 Mangiasoldi', '', '2012d-MRMangiasoldi', 'Pubblicato', 0, 0, 155, 0, 0),
(156, '2013-04-10', 'MR 57 - Quadro di Controllo Manuale', '', '2013d-MR57QCM', 'Pubblicato', 0, 0, 156, 0, 0),
(157, '2013-04-09', 'Le istruzioni di macchina della MR57', '', '2013d-MR57IstrNI38', 'Pubblicato', 0, 0, 157, 0, 0),
(158, '2009-06-01', 'Gli schemi della MR56 e della MR57', 'commento agli schemi esposti al Dipartimento di Informatica', '2009d-NotaSchemi', 'Pubblicato', 0, 0, 158, 0, 0),
(159, '2011-11-13', 'Cronologia dell\'informatica e del progetto CEP', '', '2011d-Crono', 'Pubblicato', 0, 0, 159, 0, 0),
(160, '2012-01-01', 'Progetto e realizzazione di CHKB, una base di conoscenza web per il Museo degli Strumenti per il Calcolo', '', '2012d-TesiCHKB', 'Pubblicato', 0, 0, 160, 0, 0),
(161, '2012-03-24', 'Breve cronistoria dei primi calcolatori Olivetti', '', '2012d-Olivetti', 'Pubblicato', 0, 0, 161, 0, 0),
(162, '2013-04-11', 'Il carattere delle telescriventi Olivetti T2', 'cenni storici e documentazione del carattere TTF HMR-OliT2', '2013d-OliT2', 'Pubblicato', 0, 0, 162, 0, 0),
(163, '2013-05-01', 'Cronologia dell\'informatica e del progetto CEP', '', '2013d-Crono', 'Pubblicato', 0, 0, 163, 0, 0),
(164, '2014-05-01', 'Manovellando, manovellando', 'documentazione per attività con le calcolatrici meccaniche, Museo degli Strumenti per il Calcolo', '2014d-Manovellando', 'Pubblicato', 0, 0, 164, 0, 0),
(165, '2014-05-18', 'Progetto per l\'allestimento degli spazi dedicati alla Storia dell\'Informatica al Museo degli Strumenti per il Calcolo', '', '2014d-AllestMSC', 'Pubblicato', 0, 0, 165, 0, 0),
(166, '2014-05-19', 'Progetto per il riallestimento della Sala CEP al Museo degli Strumenti per il Calcolo', '', '2014d-AllestCEP', 'Pubblicato', 0, 0, 166, 0, 0),
(167, '2014-11-01', 'Replica del pannello di controllo della Macchina Ridotta', 'nota interna con distinta componenti, Dipartimento di Informatica', '2014d-QCM', 'Pubblicato', 0, 0, 167, 0, 0),
(168, '2014-11-13', 'Gli anni ruggenti', '', '2014d-SFilo2', 'Pubblicato', 0, 0, 168, 0, 0),
(169, '2014-11-20', 'Momenti neri', '', '2014d-SFilo3', 'Pubblicato', 0, 0, 169, 0, 0),
(170, '2014-11-27', 'Ma il morale è alto...', '', '2014d-SFilo4', 'Pubblicato', 0, 0, 170, 0, 0),
(171, '2014-11-29', 'Ultimi giri', '', '2014d-SFilo5', 'Pubblicato', 0, 0, 171, 0, 0),
(172, '2015-03-01', 'Armee-Stabs-Maschinenschlüssel Nr 28', '', '2015d-FakeStab', 'Pubblicato', 0, 0, 172, 0, 0),
(173, '2015-03-02', 'Lernwerkstatt - Kryptographie - Enigma!', '', '2015d-EnigmaLab', 'Pubblicato', 0, 0, 173, 0, 0),
(174, '2015-06-19', 'C=64 Mania - POKE cose sugli sprite', '', '2015d-64Sprite', 'Pubblicato', 0, 0, 174, 0, 0),
(175, '2015-06-19', 'C=64 Mania - POKE cose sul SID', '', '2015d-64SID', 'Pubblicato', 0, 0, 175, 0, 0),
(176, '2015-06-01', 'Progettazione e Realizzazione di un Modulo per i Percorsi Virtuali in una Base di Conoscenza Informatica', '', '2015d-TirCHKB', 'Pubblicato', 0, 0, 176, 0, 0),
(177, '2016-06-05', 'Un tuffo musicale nel passato analogico', '', '2016d-VicoPrimaMP3', 'Pubblicato', 0, 0, 177, 0, 0),
(178, '2016-06-05', 'Qua e là nella storia del calcolo personale', '', '2016d-VicoMiniExpo', 'Pubblicato', 0, 0, 178, 0, 0),
(179, '2015-02-24', 'Un mese con Turing e l\'Enigma', 'su UniPi News, Università di Pisa', '2015v-TuringEnigma', 'Pubblicato', 0, 0, 179, 0, 0),
(180, '2015-04-03', 'La crittografia e l\'Enigma', 'su UniPi News, Università di Pisa', '2015v-Critto', 'Pubblicato', 0, 0, 180, 0, 0),
(181, '2013-04-01', 'Assaggi digitali', '', '2013i-Assaggi', 'Pubblicato', 0, 0, 181, 0, 0),
(182, '2013-04-20', 'Invasioni digitali', 'interventi alle Invasioni digitali, Museo degli Strumenti per il Calcolo, Pisa', '2013i-InvDig', 'Pubblicato', 0, 0, 182, 0, 0),
(183, '2014-01-02', 'Dall\'aritmometro al PC', 'in Quaderni della Fondazione Galileo Galilei, n. 2, Pisa University Press', '2014s-AritPCArt', 'Pubblicato', 0, 0, 183, 0, 0),
(184, '2007-02-01', 'Un anno di scavi ', '', 'Ev2007', 'Pubblicato', 184, 0, 0, 0, 0),
(185, '2005-02-01', 'Un generatore di codice per simulatori di sistemi dinamici', '', '2015d-TesiSistemiAutomatici', 'Pubblicato', 0, 0, 185, 0, 0),
(186, '2017-11-16', 'Realizzazione di un chatbot per raccontare la storia dell’informatica', 'Relazione di laurea in Informatica Umanistica, Università di Pisa', '2017d-TesiAlanBot', 'Pubblicato', 186, 0, 186, 0, 0),
(188, '2018-02-05', 'HMR web è in linea', '', '2018c_Web', 'Pubblicato', 188, 0, 0, 0, 0),
(189, '2018-01-19', '11 date sulla storia della robotica', 'Progetto didattico del corso di Storia dell’Informatica', '2018c-STIProgDiLeo', 'Pubblicato', 189, 0, 0, 0, 0),
(190, '2018-02-09', '12 date sulla storia dell’intelligenza artificiale', 'Progetto didattico del corso di <a href=\"http://progettohmr.it/Corso\">Storia dell’Informatica</a>', '2018c-STIProgPifferi', 'Pubblicato', 190, 0, 0, 0, 0),
(191, '2018-02-15', 'Comunicazione e progetti di ricerca: una soluzione CMS per HMR', 'Laurea in Informatica Umanistica, Università di Pisa', '2018d-TesiEL', 'Pubblicato', 191, 0, 191, 0, 0),
(192, '2018-02-15', 'Le Calcolatrici Elettroniche Pisane, storia di un progetto', 'Intervento al Rotary Club di Rosignano Solvay', '2018i-Rosignano', 'Pubblicato', 192, 0, 192, 0, 0),
(201, '2018-03-17', 'HMR nelle scuole', 'Lezione all’ITIS Galilei di Livorno', '2018i-GalileiEnigma', 'Pubblicato', 201, 0, 0, 0, 0),
(202, '2018-04-20', 'Padroni di un sapere o consumatori di gadget? Sfide didattiche ad All About Apple', 'Articolo a Didamatica 2018, Cesena 19-20 aprile', '2018s_Didamatica', 'Pubblicato', 202, 0, 202, 0, 0),
(203, '2018-04-06', 'Storia dell’Informatica a Vicoretrò - I appuntamento', 'Primo appuntamento: informatica e storia, termini e concetti', '2018i-STIVico1', 'Pubblicato', 203, 0, 0, 0, 0),
(204, '2018-05-07', 'Storia dell’Informatica a Vicoretrò - II appuntamento', 'Secondo appuntamento: verso il calcolatore, i tanti prodromi di un’idea', '2018i-STIVico2', 'Pubblicato', 204, 0, 0, 0, 0),
(205, '2019-02-22', 'Storia dell’Informatica a Vicoretrò', 'Terzo appuntamento: le meccaniche, da Pascal e Leibniz alla Curta', '2019i-STIVico3', 'Pubblicato', 205, 0, 0, 0, 0),
(206, '2018-05-26', 'Da Galileo all&rsquo;iPad, il mercato del calcolo personale', 'Lezione all&rsquo;All About Apple Museum', '2018i-AAAGalileo', 'Pubblicato', 206, 0, 206, 0, 0),
(207, '2018-06-22', 'Pop No Stop', 'La Notte dei Vecchi Videogiochi 2018', 'NVV2018', 'Pubblicato', 207, 0, 0, 0, 207),
(208, '2018-06-12', 'Raccontare la storia dell’informatica giorno per giorno', 'Intervento alla II Conferenza Italiana di Public History', '2018s-AIPH', 'Pubblicato', 208, 0, 208, 0, 0),
(209, '2018-06-11', 'HMR alla conquista dei social!', 'Aperta la pagina Facebook del progetto', '2018e-Facebook', 'Pubblicato', 209, 0, 0, 0, 0),
(210, '2018-07-21', 'Storie oltre la mela @ All About Apple', 'Incontri all’AAA Museum per raccontar di storia dell’informatica', '2018e-OltreLaMela1', 'Pubblicato', 210, 0, 0, 0, 210),
(211, '2018-09-20', 'Discovering Eastern European PCs by hacking them. Today', '', '2018s-HCEE', 'Pubblicato', 211, 0, 211, 0, 0),
(212, '2018-08-04', 'Storie oltre la mela @ All About Apple - II appuntamento', '', '2018e-OltreLaMela2', 'Pubblicato', 212, 0, 0, 0, 0),
(213, '2013-11-17', 'La CEP prima della CEP: storia dell\'informatica, divulgazione scientifica e didattica sperimentale', '', '2013s-CEPprimaCEP', 'Pubblicato', 0, 0, 213, 0, 0),
(214, '2018-10-13', 'L&rsquo;archivio di Giorgio', 'Intervento a &ldquo;I ragazzi che scalarono il futuro&rdquo; presentazione del romanzo di Maurizio Gazzarri', '2018i-Giorgio', 'Pubblicato', 214, 0, 0, 214, 214),
(215, '2018-09-24', 'Inizio del corso di Storia dell’Informatica 2018/2019', '', '2018-CorsoSTI', 'Pubblicato', 215, 0, 0, 0, 215),
(216, '2018-10-24', 'Oltre la Mela: competenze per valorizzare un patrimonio particolare', 'Intervento al XXXVIII Congresso ANMS', '2018s-ANMS', 'Pubblicato', 216, 0, 216, 0, 0),
(217, '2018-11-21', 'L’informatica dell’Apollo 11 riprodotta in casa', 'Seminario invitato al corso di <a HREF=\"http://ProgettoHMR.it/Corso/2018-19\">Storia dell’Informatica</a>, Pisa', '2018i-STI-Fanciulli', 'Pubblicato', 217, 0, 0, 0, 0),
(218, '2018-11-28', 'Tutti pazzi per Apple!', 'Seminario invitato al corso di <a HREF=\"http://ProgettoHMR.it/Corso/2018-19\">Storia dell’Informatica</a>, Pisa', '2018i-STI-Ferraro', 'Pubblicato', 218, 0, 0, 0, 0),
(219, '2018-12-03', 'Storia dell’informatica e narrativa s’incontrano', 'Intervento alla presentazione di “I ragazzi che scalarono il futuro” a Vicoretrò', '2018i-GiorgioVico', 'Pubblicato', 219, 0, 0, 0, 0),
(220, '2019-01-25', 'Storia dell’informatica: metodi e strumenti per raccontarla da informatici', '', '2019s-AIUCD', 'Pubblicato', 220, 0, 220, 0, 0),
(221, '2019-02-14', 'Facebook come testata: linee guida redazionali per un progetto di ricerca in storia dell’informatica', 'Relazione di laurea triennale in Informatica Umanistica (relatori G.A. Cignoni, S. Turbanti), Università di Pisa', '2019d-TesiBongini', 'Pubblicato', 221, 0, 221, 0, 0),
(222, '2019-02-15', 'OggiSTI: 25 nuove date', 'Progetti didattici del corso di <a HREF=\"../Corso/2018-19\">Storia dell’Informatica</a>', '2019d-OggiSTIAgg1', 'Pubblicato', 222, 0, 0, 0, 0),
(223, '2019-03-22', 'Storia dell’Informatica a Vicoretrò', 'Quarto appuntamento: i precursori, né calcolatrici né calcolatori', '2019i-STIVico4', 'Pubblicato', 223, 0, 0, 0, 0),
(224, '2019-02-26', 'La nascita dell’informatica italiana all’IIS “Da Vinci - Fascetti”', 'Presentazione de “I ragazzi che scalarono il futuro”', '2019i-AdGVinci', 'Pubblicato', 224, 0, 0, 0, 0),
(225, '2019-03-16', 'Giocare con “The Game”', 'La recensione del libro di Baricco in 10 post (e mezzo) su <a HREF=\"http://www.facebook.com/progettoHMR\" target=\"_blank\">Facebook</a>', '2019d-FBTheGame', 'Pubblicato', 225, 0, 0, 0, 0),
(226, '2019-03-23', 'The Imagination Game: riflessioni sulla narrazione della storia dell’informatica', 'Intervento all’Accademia Giovani per la Scienza, 1° Campus residenziale, Bertinoro', '2019i-Bertinoro', 'Pubblicato', 226, 0, 226, 0, 0),
(227, '2019-03-29', 'Videogiochi, una definizione in prospettiva storica', 'Lezione al corso di Game Design, Circolo Alhambra, Pisa', '2019i-GameDesign', 'Pubblicato', 227, 0, 227, 0, 0),
(228, '2019-04-04', 'Fra sogni e fisica, idee e calcoli che ci han portato sulla Luna', 'Fuori programma a Vicoretrò', '2019i-STIVicoLuna', 'Pubblicato', 228, 0, 228, 0, 0),
(229, '2019-04-18', 'Storia dell’Informatica a Vicoretrò', 'Quinto appuntamento: i calcolatori, dai primi a quelli super', '2019i-STIVico5', 'Pubblicato', 229, 0, 0, 0, 0),
(230, '2019-04-27', 'L’insegnamento e l’apprendimento nell’era del personal computer', 'Tavola rotonda al Vintage Computer Festival, Roma 27 aprile', '2019i-VCFI', 'Pubblicato', 230, 0, 0, 0, 0),
(231, '2019-05-16', 'Narrativa storica: un esempio molto particolare di realtà virtuale e aumentata', 'Articolo a Didamatica 2019, Reggio Calabria 16-17 maggio', '2019s_Didamatica', 'Pubblicato', 231, 0, 231, 0, 0),
(232, '2019-06-03', 'La seconda CEP, da Pisa a Parigi', '<a HREF=\"http://www.progettohmr.it/Documentazione/?id=2019d-PisaParigi\">Quando il successo di un esempio diventa un problema</a>', '2019d-PisaParigi', 'Pubblicato', 232, 0, 232, 0, 0),
(233, '2019-06-05', 'Verità veloci e storia dell’informatica', 'Intervento a ConfGARR 2019, Torino', '2019s_ConfGARR', 'Pubblicato', 233, 0, 233, 0, 0),
(234, '2019-07-20', 'AAAllunati!', '<a href=\"\">Interventi</a> all’All About Apple Museum per il 50° dell’allunaggio', '2019i_AAAllunati', 'Pubblicato', 234, 0, 234, 0, 0),
(235, '2019-08-31', 'Prima dell’emmepitré, Pixel a 45 giri: contatti fra musica e tecnologia', '', '2019s_MuSc19b', 'Pubblicato', 0, 0, 235, 0, 0),
(236, '2019-08-31', 'Raccontare sul luogo: le Calcolatrici Elettroniche Pisane', '', '2019s_MuSc19a', 'Pubblicato', 0, 0, 236, 0, 0),
(237, '2019-09-24', 'Inizio del corso di Storia dell’Informatica 2019/20', 'Corso di Laurea in Informatica Umanistica, Università di Pisa', '2019-CorsoSTI', 'Pubblicato', 237, 0, 0, 0, 237),
(238, '2019-08-31', 'Due in uno :)', 'Su Museologia Scientifica Memorie, due articoli di HMR', '2019s_MuSc19', 'Pubblicato', 238, 0, 0, 0, 0),
(239, '2019-09-12', 'OggiSTI: 18 nuove date', 'Progetti didattici del corso di <a HREF=\"../Corso/2018-19\">Storia dell’Informatica</a>', '2019d-OggiSTIAgg2', 'Pubblicato', 239, 0, 0, 0, 0),
(240, '2019-10-11', 'Scalare il futuro, il gioco di ruolo sull’alba dell’informatica', '<a href=\"../SFGiocoDiRuolo\">Anteprima</a> all’Internet Festival 2019', '2019i_SFGdR', 'Pubblicato', 240, 0, 240, 240, 240),
(241, '2019-09-30', 'Retrologico: verità veloci ed etica nella narrazione dell’informatica', 'Tesi di laurea magistrale in Informatica Umanistica, Università di Pisa', '2019d-Retrologico', 'Pubblicato', 241, 0, 0, 241, 241),
(242, '2019-10-10', 'Pubblicati gli atti della conferenza IFIP 9.7 2018', 'Articolo nel volume Histories of Computing in Eastern Europe', '2019s_IFIP97Proc', 'Pubblicato', 242, 0, 242, 0, 0),
(243, '2019-05-01', 'Strutturazione e condivisione della conoscenza, informatica ed economia della catalogazione', '', '2019s_MuSc18', 'Pubblicato', 0, 0, 243, 0, 0),
(244, '2019-10-25', 'AAAllunati: la Luna resa accessibile', 'Intervento al XXIX Congresso ANMS, Chieti', '2019s_ANMS', 'Pubblicato', 244, 0, 244, 0, 0),
(245, '2019-11-21', 'Verità veloci ed etica nella narrazione dell’informatica', 'Tesi di laurea magistrale in Informatica Umanistica (relatori G.A. Cignoni, S. Turbanti), Università di Pisa', '2019d-TesiPratelli', 'Pubblicato', 245, 0, 245, 0, 0),
(246, '2019-11-24', '50 anni del CdL in Scienze dell’Informazione: un complesso percorso dalla ricerca alla didattica', 'Intervento a Firenze Vintage Bit 2019, Lastra a Signa', '2019i_FVBit', 'Pubblicato', 246, 0, 246, 0, 0),
(247, '2019-12-03', 'L’informatica musicale: dalla fisica acustica al digitale, l’esperienza di Pietro Grossi', 'Lezioni speciali al Corso di Storia dell’Informatica, Polo Fibonacci, Pisa', '2019l-STImusica', 'Pubblicato', 247, 0, 0, 0, 0),
(248, '2019-12-10', 'Verità veloci e romanzi senza fretta', 'Lezione speciale al Corso di Storia dell’Informatica, Polo Fibonacci, Pisa', '2019l-STIVerVel', 'Pubblicato', 248, 0, 0, 0, 0),
(249, '2019-12-20', 'Usciti gli atti del XXXVIII Congresso ANMS', '', '2019s_MuSc20', 'Pubblicato', 249, 0, 249, 0, 0),
(250, '2019-12-22', 'Videogiochi: ma quando sono nati?', 'Intervento a Empoli Vintage', '2019i_EmpoliVtg', 'Pubblicato', 250, 0, 250, 0, 0),
(251, '2020-03-16', 'RiBau', 'Il CANE torna a correre', '2020r_RiBau', 'Pubblicato', 0, 0, 0, 251, 251),
(252, '2018-03-15', 'L’Enigma senza sconti', '', '2018-CryptoLab', 'Pubblicato', 0, 0, 252, 0, 0),
(253, '2020-09-22', 'Inizio del corso di Storia dell’Informatica 2020/21', 'Corso di Laurea in Informatica Umanistica, Università di Pisa', '2020-CorsoSTI', 'Pubblicato', 253, 0, 0, 253, 253),
(254, '2020-11-07', 'Giocare con vecchi calcolatori, molto vecchi', '', '2020i_VGLab', 'Pubblicato', 254, 0, 254, 0, 0),
(255, '2020-05-01', 'Pisa, 1954–1961: Assessing Key Stages of a Seminal Italian Project', 'in IEEE Annals of the History of Computing, vol. 42, no. 2, pp. 6-19', '2020s_IEEEAnnals', 'Pubblicato', 255, 0, 255, 0, 0),
(256, '2020-11-13', 'RiBau: il CANE torna a correre, un calcolatore didattico del 1970', 'Articolo a Didamatica 2020, 12-13 novembre, online', '2020s_Dida', 'Pubblicato', 256, 0, 256, 0, 0),
(257, '2020-03-16', '50 anni del Calcolatore Automatico Numerico Educativo, festeggiamo con RiBau', 'Evento preparato, e piani scombinati dal virus', '2020e_CANE50', 'Pubblicato', 257, 0, 0, 0, 0),
(258, '2020-11-10', 'AAAllunati! La Luna resa accessible all’All About Apple Museum', '', '2020s_MusSc', 'Pubblicato', 0, 0, 258, 0, 0),
(259, '2020-11-18', 'Virtuale sì, virtuale no', 'Intervento a <i>I Musei Italiani nel 2020 - Congresso ANMS 2020</i>, 18-20 novembre 2020, online', '2020s_ANMS', 'Pubblicato', 259, 0, 259, 0, 0),
(260, '2020-01-13', 'Qui comincia l’avventura...', 'Un nuovo progetto e un nuovo tirocinio, ambizioso', '2020t_FedTal', 'Pubblicato', 260, 0, 0, 0, 0),
(261, '2020-11-30', 'La stanza della prima CEP, appunti sparsi per una ricostruzione virtuale', '', '2020d_StanzaICEP', 'Pubblicato', 0, 0, 261, 0, 0),
(262, '2020-12-31', 'RiBau: il CANE torna a correre, un calcolatore didattico del 1970', '', '2020s_MondoDigCANE', 'Pubblicato', 0, 0, 262, 0, 0);

-- --------------------------------------------------------

--
-- Struttura della tabella `highlights`
--

CREATE TABLE `highlights` (
  `IdHl` int(11) NOT NULL,
  `Position` int(11) NOT NULL,
  `Title` varchar(250) COLLATE utf8_bin NOT NULL,
  `Text` varchar(250) COLLATE utf8_bin NOT NULL,
  `Icon` varchar(100) COLLATE utf8_bin NOT NULL,
  `LinkTo` varchar(50) COLLATE utf8_bin NOT NULL,
  `Visible` varchar(2) COLLATE utf8_bin NOT NULL
) ENGINE=InnoDB DEFAULT CHARSET=utf8 COLLATE=utf8_bin;

--
-- Dump dei dati per la tabella `highlights`
--

INSERT INTO `highlights` (`IdHl`, `Position`, `Title`, `Text`, `Icon`, `LinkTo`, `Visible`) VALUES
(43, 10, 'Quattro chiacchiere sul calcolo,<br/>senza fare conti', '40 pezzi facili per parlare<br /> di informatica, storia e dintorni', 'Assets/Images/PaginaQ-72.png', 'http://www.progettohmr.it/PaginaQ/', 'si'),
(61, 14, 'Lezioni al Museo,<br/>hackerdidattica dell’informatica', 'Comprendere l&rsquo;informatica<br />attraverso la sua storia', 'Assets/Images/Brunsviga2.png', 'http://www.progettohmr.it/LezioniAlMuseo/', 'no'),
(94, 12, 'L’aritmomentro “di Marconi”<br/>al Festival della Scienza', 'Digitale d&rsquo;altri tempi,<br />una calcolatrice speciale in funzione', 'Assets/Images/HMRFestScienza.png', 'http://www.progettohmr.it/FestivalScienza2016/', 'si'),
(109, 11, 'The Imagination Game,<br/>dal film alla storia', 'La realt&agrave; storica dietro<br />il film su Turing e sull&rsquo;Enigma', 'Assets/Images/Turing-72.png', 'http://www.progettohmr.it/TuringEnigma/', 'si'),
(110, 20, 'Da Vito Volterra<br/>alla simulazione ad agenti', 'Scoprire giocando<br />i delicati equilibri degli ecosistemi', 'Assets/Images/PreyBlob-72.png', 'http://www.progettohmr.it/NotteMusei2015/', 'si'),
(114, 17, 'Computer for the masses,<br/>una mostra alla Spezia', 'La storia del calcolo personale<br />al Museo Tecnico Navale', 'Assets/Images/CompMass.png', 'http://www.progettohmr.it/ComputersForTheMasses/', 'si'),
(120, 8, 'Pixel a 45 giri<br/>alla Gipsoteca di Arte Antica', 'Un&rsquo;installazione prima dell&rsquo;MP3,<br /> multimediale e interattiva, analogica', 'Assets/Images/Pixel45.png', 'http://www.progettohmr.it/Pixel45/', 'si'),
(129, 7, 'I luoghi delle CEP<br/>a Palazzo Matteucci', 'Riscoperte e raccontate le stanze<br />delle Calcolatrici Elettroniche Pisane', 'Assets/Images/LuoghiCEP-72.png', 'http://ProgettoHMR.it/LuoghiCEP/', 'si'),
(136, 19, 'Storia dell’Informatica,<br>il corso all’Università di Pisa', 'CdL in Informatica Umanistica, 2016/17, I semestre: in bocca al lupo', 'Assets/Images/CorsoSTI.png', 'http://www.progettohmr.it/Corso', 'no'),
(207, 21, 'POP NO STOP<br/>22 giugno, la NVV 2018!<br/>', 'Puzzle Bobble su Super NES<br />Fatevi sotto e vinca il migliore!', 'Assets/Images/PurpleDragon.png', 'http://www.progettohmr.it/NVV2018', 'no'),
(210, 18, 'Storie oltre la mela</br>@ All About Apple', 'A Savona l&rsquo;estate 2018 &egrave; dedicata<br />alla storia dell&rsquo;informatica', 'Assets/Images/OltreLaMela-72.png', 'OltreLaMela/', 'no'),
(214, 6, 'L&rsquo;archivio di Giorgio,<br/>documenti, riflessioni e altro', 'Continua la storia<br />de &ldquo;I ragazzi che scalarono il futuro&rdquo;', 'Assets/Images/ArchivioDiGiorgio-72.png', 'https://ProgettoHMR.it/ArchivioDiGiorgio/', 'si'),
(215, 15, 'Storia dell’Informatica,<br>il corso all’Università di Pisa', 'CdL in Informatica Umanistica, 2018/19, I semestre: in bocca al lupo', 'Assets/Images/CorsoSTI.png', 'http://ProgettoHMR.it/Corso', 'no'),
(237, 9, 'Storia dell’Informatica,<br>il corso all’Università di Pisa', 'CdL in Informatica Umanistica, 2019/20, I semestre: in bocca al lupo!', 'Assets/Images/CorsoSTI.png', './Corso', 'no'),
(240, 3, 'Scalare il Futuro<br/>anteprima all’IF 2019', 'Un gioco di ruolo<br />sull&rsquo;alba dell&rsquo;informatica', 'Assets/Images/HMR_2019g_GC-GdRIF19-Ico72.png', './SFGiocoDiRuolo', 'si'),
(241, 4, 'Retrologico:<br /> dietro l’esperimento ', 'Verit&agrave; veloci ed etica<br />nella narrazione dell\'informatica', 'Assets/Images/2019-logoRetrologico-72x72.png', './Retrologico', 'si'),
(251, 2, 'RiBau:<br/> il CANE torna a correre', '50 anni del Calcolatore Automatico<br />Numerico Educativo', 'Assets/Images/HMR_2020g_GC-CaneCane-72.png', 'RiBau', 'si'),
(253, 1, 'Storia dell’Informatica,<br>il corso all’Università di Pisa', 'CdL in Informatica Umanistica, 2020/21, I semestre: in bocca al lupo!', 'Assets/Images/CorsoSTI.png', './Corso', 'si');

-- --------------------------------------------------------

--
-- Struttura della tabella `highlightsediting`
--

CREATE TABLE `highlightsediting` (
  `IdHl` int(11) NOT NULL,
  `Position` int(11) NOT NULL,
  `Title` varchar(250) COLLATE utf8_bin NOT NULL,
  `Text` varchar(250) COLLATE utf8_bin NOT NULL,
  `Icon` varchar(100) COLLATE utf8_bin NOT NULL,
  `LinkTo` varchar(15) COLLATE utf8_bin NOT NULL,
  `Visible` varchar(2) COLLATE utf8_bin NOT NULL
) ENGINE=InnoDB DEFAULT CHARSET=utf8 COLLATE=utf8_bin;

-- --------------------------------------------------------

--
-- Struttura della tabella `lastmod`
--

CREATE TABLE `lastmod` (
  `Highlights` varchar(30) NOT NULL,
  `Cronos` varchar(30) NOT NULL,
  `Events` varchar(30) NOT NULL,
  `Biblios` varchar(30) NOT NULL
) ENGINE=MyISAM DEFAULT CHARSET=latin1;

--
-- Dump dei dati per la tabella `lastmod`
--

INSERT INTO `lastmod` (`Highlights`, `Cronos`, `Events`, `Biblios`) VALUES
('2020/12/17 17:15:50', '2020/12/24 11:39:32', '2020/12/17 17:20:15', '2021/01/22 17:36:38');

-- --------------------------------------------------------

--
-- Struttura della tabella `people`
--

CREATE TABLE `people` (
  `IdPp` int(11) NOT NULL,
  `Name` varchar(35) COLLATE utf8_bin NOT NULL,
  `Surname` varchar(35) COLLATE utf8_bin NOT NULL,
  `Email` varchar(254) COLLATE utf8_bin NOT NULL,
  `Brief` varchar(30) COLLATE utf8_bin NOT NULL,
  `Description` varchar(500) COLLATE utf8_bin NOT NULL,
  `Ordering` int(11) NOT NULL,
  `Profile` varchar(500) COLLATE utf8_bin NOT NULL
) ENGINE=InnoDB DEFAULT CHARSET=utf8 COLLATE=utf8_bin;

--
-- Dump dei dati per la tabella `people`
--

INSERT INTO `people` (`IdPp`, `Name`, `Surname`, `Email`, `Brief`, `Description`, `Ordering`, `Profile`) VALUES
(1, 'Giovanni A.', 'Cignoni', 'giovanni.cignoni@di.unipi.it', 'G.A. Cignoni', 'ha cominciato lui; continua a tirare la baracca rompendo le scatole a chiunque gli capiti a tiro.', 10, 'Collaboratori'),
(2, 'Emanuele', 'Lenzi', 'ema.lenzi@hotmail.it', 'E. Lenzi', '', 520, 'Collaboratori'),
(3, 'Nicolò', 'Pratelli', 'pratelli1991@gmail.com', 'N. Pratelli', '', 510, 'Collaboratori'),
(18, 'Claudio', 'Imbrenda', '', 'C. Imbrenda', 'studente in prestito per realizzare il simulatore della MR del 1956;', 130, 'Collaboratori'),
(19, 'Diego', 'Ceccarelli', '', 'D. Ceccarelli', 'studente in prestito per aggiustare un po\' di vecchio software;', 120, 'Collaboratori'),
(20, 'Stefano', 'Del Furia', '', 'S. Del Furia', 'dell\'ISIS ', 120, 'Collaboratori'),
(21, 'Fabio', 'Gadducci', '', 'F. Gadducci', 'compagno di molti articoli e di progetti al Museo degli Strumenti per il Calcolo.', 170, 'Collaboratori'),
(23, 'Giuseppe', 'Lettieri', '', 'G. Lettieri', 'con lui anche Ingegneria dell\'Informazione è coinvolta; socio in CHKB e nelle tribolazioni al Museo;', 280, 'Collaboratori'),
(24, 'Leonello', 'Tarabella', '', 'L. Tarabella', 'per gli eventi Primadell’Emmepitré', 300, 'Ringraziati'),
(30, 'Fabrizio', 'Corgnati', '', 'F. Corgnati', 'per aver raccontato HMR su <a HREF=\"../Documentazione/#2012v-Imprenditori\">Imprenditori</a>.', 500, 'Ringraziati'),
(31, 'Linette', 'Webb', '', 'L. Webb', 'per aver raccontato la Macchina Ridotta e HMR su Google News.', 600, 'Ringraziati'),
(32, 'Kinzica', 'Sorrenti', '', 'K. Sorrenti', 'Per le Invasioni Digitali.', 600, 'Ringraziati'),
(33, 'Carlo', 'Montangero', '', 'C. Montangero', '', 500, 'Collaboratori'),
(34, 'Cinzia', 'Colosimo', '', 'C. Colosimo', 'di paginaQ, per le chiacchiere sul calcolo (senza fare conti);', 310, 'Collaboratori'),
(35, 'Chiara', 'Tarantino', '', 'C. Tarantino', 'del Sistema Museale di Ateneo, per la grafica al Museo;', 60, 'Ringraziati'),
(36, 'Tommaso', 'Mongelli', '', 'T. Mongelli', 'animatore della NVV e poi docente al Laboratorio di Videogiochi;', 340, 'Collaboratori'),
(37, 'Leonora', 'Cappellini', '', 'L. Cappellini', 'docente al Laboratorio di Videogiochi;', 390, 'Collaboratori'),
(38, '', '', '', 'S. Paci', '', 0, ''),
(39, 'Alessandro', 'Magnani', '', 'A. Magnani', 'complice di prima dell\'emmepitré, rigorosamente su vinile;', 360, 'Collaboratori'),
(40, 'Andrea', 'Celli', '', 'A. Celli', 'per il materiale dell\'Archivio INAC e per le preziose informazioni sulle calcolatrici meccaniche;', 180, 'Collaboratori'),
(41, 'Daniele', 'Minneci', '', 'D. Minneci', 'collezionista Commodore sempre pronti a dare una mano;', 430, 'Collaboratori'),
(42, 'Francesco', 'Gori', '', 'F. Gori', 'collezionista Commodore sempre pronti a dare una mano;', 440, 'Collaboratori'),
(43, 'Giovanni', 'Cossu', '', 'G.A. Cossu', 'complice (con il supporto di Hyperborea) nel tentativo di portare l\'idea di CHKB a tutto un altro livello;', 470, 'Collaboratori'),
(44, 'Enrico', 'Meloni', '', 'E. Meloni', 'con la sua tesi CHKB funziona - e non si è fermato lì.', 480, 'Collaboratori'),
(45, 'Silvano', 'Benedetti', '', 'S. Benedetti', 'per le iniziative al Museo Tecnico Navale della Spezia;', 270, 'Ringraziati'),
(46, 'Mascha', 'Stroobant', '', 'M. Stroobant', 'per le iniziative al Museo Tecnico Navale della Spezia;', 300, 'Ringraziati'),
(47, 'Silvio', 'Hénin', '', 'S. Hénin', 'di AICA;', 110, 'Ringraziati'),
(48, 'Simonetta', 'Della Croce', '', 'S. Della Croce', 'del Cineclub Arsenale;', 230, 'Ringraziati'),
(49, 'Francesca', 'Corradi', '', 'F. Corradi', 'del Sistema Museale di Ateneo, per i rapporti con le scuole;', 70, 'Ringraziati'),
(50, 'Antonio', 'Frangioni', '', 'A. Frangioni', 'per l\'organizzazione della Notte dei Vecchi Videogiochi, ed. speciale AIRO.', 600, 'Ringraziati'),
(51, 'Filippo', 'Giannetti', '', 'F. Giannetti', '', 0, ''),
(52, 'Emanuela A.', 'Colazzo', '', 'E.A. Colazzo', 'ha curato la grafica de <a href=\"../LuoghiCEP/\">I luoghi delle CEP</a>.', 500, 'Collaboratori'),
(53, 'Maria Serena', 'Papa', '', 'M.S. Papa', 'ha curato la versione Inglese de <a HREF=\"../LuoghiCEP/\">I luoghi delle CEP</a>.', 510, 'Collaboratori'),
(54, 'Dino', 'Baldi', '', 'D. Baldi', '', 0, ''),
(55, '', '', '', 'W. Zaniewski', '', 0, ''),
(56, 'Edoardo', 'Sassu', '', 'E. Sassu', '', 500, 'Collaboratori'),
(57, 'Alberto', 'Rubinelli', '', 'A. Rubinelli', 'del Museo del Computer di Novara, per le ricostruzioni degli addizionatori;', 170, 'Collaboratori'),
(58, 'Daniele', 'Ronco', '', 'D. Ronco', 'dell’Archivio di Ateneo, per le tante ricerche documentali.', 70, 'Collaboratori'),
(59, 'Angelo', 'Biagini', '', 'A. Biagini', 'tesista su CHKB;', 290, 'Collaboratori'),
(60, '', '', '', 'D. Aimini', '', 0, ''),
(61, 'Massimo', 'Concas', '', 'M. Concas', 'coinvolto nel restauro di vecchi Commodore;', 420, 'Collaboratori'),
(62, '', '', '', 'F. Luccio', '', 0, ''),
(63, 'Simone', 'Masoni', '', 'S. Masoni', '', 0, ''),
(64, 'Francesca', 'Di Leo', 'francescadileo95@gmail.com', 'F. Di Leo', 'redattore OggiSTI, progetto didattico STI 2017/2018', 201712046, 'Collaboratori'),
(65, 'Lucia', 'Pifferi', 'luciapiff@gmail.com', 'L. Pifferi', 'redattore OggiSTI, progetto didattico STI 2017/2018', 201711275, 'Collaboratori'),
(66, 'Piero', 'Maestrini', '', 'P. Maestrini', 'tesista sulla seconda CEP, da direttore dell’ISTI-CNR ci ha dato accesso agli archivi del CSCE.', 20, 'Collaboratori'),
(67, 'Luciano', 'Azarelli', '', 'L. Azarelli', 'uno dei tecnici che hanno cuito la prima CEP, preziosissimo durante gli scavi negli archivi.', 30, 'Collaboratori'),
(68, 'Rosaria', 'Deluca', '', 'R. Deluca', 'per il supporto alla Biblioteca dell\'ISTI-CNR;', 40, 'Ringraziati'),
(69, 'Silvia', 'Giannini', '', 'S. Giannini', 'per il supporto alla Biblioteca dell\'ISTI-CNR;', 50, 'Ringraziati'),
(70, 'Elio', 'Fabri', '', 'F. Fabri', 'uno dei progettisti della prima CEP, inestimabile il suo aiuto per re-interpretare i progetti originali.', 60, 'Collaboratori'),
(71, 'Alfio', 'Andronico', '', 'A. Andronico', 'c\'era ai tempi della seconda CEP, prezioso anche per gli aspetti didattici di HMR;', 80, 'Collaboratori'),
(72, 'Gianluca', 'Sorace', '', 'G. Sorace', 'per l\'aiuto con la grafica delle pagine web;', 100, 'Collaboratori'),
(73, 'Alessandro', 'Graffeo', '', 'A. Graffeo', 'di Cordigitale, per l\'aiuto con la grafica delle pagine web;', 110, 'Collaboratori'),
(75, 'Francesco', 'Monaci', '', 'F. Monaci', 'studente in prestito per trascrivere e studiare la NI 38;', 140, 'Collaboratori'),
(76, 'Francesco', 'Piva', '', 'F. Piva', 'nel 1959 costruiva a Padova una macchina basata sui progetti di Booth, ci ha aiutato a diffondere il progetto;', 150, 'Collaboratori'),
(77, 'Enrico', 'Caruso', '', 'E. Caruso', 'studente in prestito per provare e riprovare le moltiplicazioni a caccia di errori;', 160, 'Collaboratori'),
(78, 'Ettore', 'Ricciardi', '', 'E. Ricciardi', 'anche lui c\'era ai tempi della CEP, ci ha portato molti ricordi preziosi su luoghi e persone;', 190, 'Collaboratori'),
(79, 'Andrea', 'Moggi', '', 'A. Moggi', 'dell\'Officina Meccanica INFN, per le ricostruzioni;', 200, 'Collaboratori'),
(80, 'Antonio', 'Orsini', '', 'A. Orsini', 'dell\'Officina Meccanica INFN, per le ricostruzioni;', 210, 'Collaboratori'),
(81, 'Alessio', 'Sardelli', '', 'A. Sardelli', 'dell\'Officina Meccanica INFN, per le ricostruzioni;', 220, 'Collaboratori'),
(82, 'Fabio', 'Morsani', '', 'F. Morsani', 'dell\'Officina Elettronica INFN, per le ricostruzioni;', 230, 'Collaboratori'),
(83, 'Giuseppe', 'Cecchini', '', 'G. Cecchini', 'un altro progettista della MR e un\'altra fonte di prima mano;', 240, 'Collaboratori'),
(84, 'Claudia', 'Aleci', '', 'C. Aleci', 'studente di supporto in occasione di mostre ed eventi;', 250, 'Collaboratori'),
(85, 'Giorgio', 'Meini', '', 'G. Meini', 'dell\'ITIS Galilei di Livorno, per il supporto a diffondere le iniziative e per la didattica al Museo;', 260, 'Collaboratori'),
(86, 'Nicoletta', 'De Francesco', '', 'N. De Francesco', 'per il fondamentale supporto attraverso la Fondazione Galileo Galilei;', 270, 'Collaboratori'),
(87, 'Arianna', 'Pecorini', '', 'A. Pecorini', 'c\'è in realtà da sempre, ma è dal 2013 che cura la presenza sui social del Museo e, di striscio, di HMR;', 300, 'Collaboratori'),
(88, 'Giuseppe', 'Caruso', '', 'G. Caruso', 'informatico INFN, coinvolti nelle prime NVV e nel restauro di vecchi Apple;', 320, 'Collaboratori'),
(89, 'Simone', 'Piras', '', 'S. Piras', 'informatico INFN, coinvolti nelle prime NVV e nel restauro di vecchi Apple;', 330, 'Collaboratori'),
(90, 'Carmelo', 'De Maria', '', 'C. De Maria', 'del FabLab Pisa, stampe 3d per ricostruzioni ed eventi;', 350, 'Collaboratori'),
(91, 'Maurizio', 'Vaccaro', '', 'M. Vaccaro', 'di Radiocicletta, per l\'animazione al Museo e la diffusione delle iniziative;', 370, 'Collaboratori'),
(92, 'Matilde', 'Cirini', '', 'M. Cirini', 'di Radiocicletta, per la diffusione delle iniziative;', 380, 'Collaboratori'),
(93, 'Riccardo', 'Cervelli', '', 'R. Cervelli', 'dell\'ITIS Marconi di Pontedera, per il supporto a diffondere le iniziative e per la didattica al Museo;', 400, 'Collaboratori'),
(94, 'Daniele', 'Verducci', '', 'D. Verducci', 'ha dato un contributo all\'interfaccia di CHKB;', 410, 'Collaboratori'),
(95, 'Giovanni', 'De Sandre', '', 'G. De Sandre', 'tormentato di domande sulla Programma 101;', 450, 'Collaboratori'),
(96, 'Gastone', 'Garziera', '', 'G. Garziera', 'tormentato di domande sulla Programma 101;', 460, 'Collaboratori'),
(97, 'Roberto', 'Vergara Caffarelli', '', 'R. Vergara Caffarelli', 'ha fondato il Museo e raccolto una collezione informatica eccezionale;', 10, 'Ringraziati'),
(98, 'Claudio', 'Luperini', '', 'C. Luperini', 'hanno custodito le collezioni di informatica al Museo prima di HMR;', 20, 'Ringraziati'),
(99, 'Tiziana', 'Paladini', '', 'T. Paladini', 'hanno custodito le collezioni di informatica al Museo prima di HMR;', 30, 'Ringraziati'),
(100, 'Lucia', 'Tomasi Tongiorgi', '', 'L. Tomasi Tongiorgi', 'per le iniziative al Museo della Grafica;', 30, 'Ringraziati'),
(101, 'Alessandro', 'Tosi', '', 'A. Tosi', 'per le iniziative al Museo della Grafica;', 40, 'Ringraziati'),
(102, 'Alice', 'Tavoni', '', 'A. Tavoni', 'per le iniziative al Museo della Grafica;', 50, 'Ringraziati'),
(103, 'Simona', 'Cigarini', '', 'S. Cigarini', 'per il supporto durante molti eventi al Museo;', 80, 'Ringraziati'),
(104, 'Giulio', 'Occhini', '', 'G. Occhini', 'di AICA;', 90, 'Ringraziati'),
(105, 'Corrado', 'Bonfanti', '', 'C. Bonfanti', 'di AICA;', 100, 'Ringraziati'),
(106, 'Alice', 'Biancotto', '', 'A. Biancotto', 'del Laboratorio Museo Tecnologic@mente di Ivrea;', 130, 'Ringraziati'),
(107, 'Luigino', 'Tozzi', '', 'L. Tozzi', 'del Laboratorio Museo Tecnologic@mente di Ivrea;', 140, 'Ringraziati'),
(108, 'Alessio', 'Ferraro', '', 'A. Ferraro', '', 140, 'Ringraziati'),
(109, 'Alberto', 'Ciampa', '', 'A. Ciampa', 'dell\'INFN, per le infrastrutture informatiche al Museo;', 150, 'Ringraziati'),
(110, 'Silvia', 'Arezzini', '', 'S. Arezzini', 'dell\'INFN, per le infrastrutture informatiche al Museo;', 170, 'Ringraziati'),
(111, 'Valeria', 'Barboni', '', 'V. Barboni', 'di Correlamente;', 180, 'Ringraziati'),
(112, 'Gilda', 'Gallerati', '', 'G. Gallerati', 'del Museo Storico della Comunicazione del Ministero dello Sviluppo Economico;', 190, 'Ringraziati'),
(113, 'Renzo', 'Romoli', '', 'R. Romoli', 'del Museo Storico della Comunicazione del Ministero dello Sviluppo Economico;', 200, 'Ringraziati'),
(114, 'Emanuela', 'Trebbi', '', 'E. Trebbi', 'del Museo Storico della Comunicazione del Ministero dello Sviluppo Economico;', 210, 'Ringraziati'),
(115, 'Daniela', 'Meucci', '', 'D. Meucci', 'del Cineclub Arsenale;', 220, 'Ringraziati'),
(116, 'Dino', 'Baldi', '', 'D. Baldi', 'di ComPVter di Pavia;', 240, 'Ringraziati'),
(117, 'Yuri', 'Alese', '', 'Y. Alese', 'del Caffè Letterario Voltapagina;', 250, 'Ringraziati'),
(118, 'Norma', 'Zanetti', '', 'N. Zanetti', 'di Hyperborea;', 260, 'Ringraziati'),
(119, 'Roberto', 'Palì', '', 'R. Palì', 'per le iniziative al Museo Tecnico Navale della Spezia;', 280, 'Ringraziati'),
(120, 'Bruno', 'Grassi', '', 'B. Grassi', 'per le iniziative al Museo Tecnico Navale della Spezia;', 290, 'Ringraziati'),
(121, 'Alberto', 'Peri', '', 'A. Peri', 'di Vicoretrò.', 310, 'Ringraziati'),
(122, 'Romano', 'Ceccatelli', '', 'R. Ceccatelli', '', 490, 'Collaboratori'),
(123, 'Tiziano', 'La Bruna', 'tiz.labruna@gmail.com', 'T. La Bruna', 'Tesista di HMR, ha realizzato Alan, il Bot di HMR su Telegram', 515, 'Collaboratori'),
(124, 'Viola', 'Bongini', 'v.bongini@gmail.com', 'V. Bongini', 'Tesista, al timone della pagina Facebook di HMR', 530, 'Collaboratori'),
(125, 'Stefano', 'Bodrato', '', 'S. Bodrato', 'Autore di BASCK, con HMR hackera i PC di oltrecortina', 540, 'Collaboratori'),
(126, 'Fabrizio', 'Caruso', '', 'F. Caruso', 'Autore di CrossLib/CrossChase, con HMR hackera i PC di oltrecortina', 550, 'Collaboratori'),
(127, 'Maurizio', 'Gazzarri', '', 'M. Gazzarri', 'Autore de &ldquo;I ragazzi che scalarono il futuro&rdquo;', 201810135, 'Collaboratori'),
(128, 'Alessandro', 'Mazzeo', 'alessandro_mazzeo@outlook.com', 'A. Mazzeo', 'redattore OggiSTI, progetto didattico STI 2017/2018', 201711295, 'Collaboratori'),
(129, 'Marta', 'Pierini', 'mapi96.mp@gmail.com', 'M. Pierini', 'redattore OggiSTI, progetto didattico STI 2017/2018', 201712025, 'Collaboratori'),
(130, 'Petra', 'Muscillo', 'petramuscillo@gmail.com', 'P. Muscillo', 'redattore OggiSTI, progetto didattico STI 2017/2018', 201712043, 'Collaboratori'),
(131, 'Daniela', 'Catana', 'daniela.catana17@gmail.com', 'D. Catana', 'redattore OggiSTI, progetto didattico STI 2017/2018', 201712055, 'Collaboratori'),
(132, 'Lorenzo', 'Montagnani', 'lorenzomontagnani95@gmail.com', 'L. Montagnani', 'redattore OggiSTI, progetto didattico STI 2017/2018', 201801035, 'Collaboratori'),
(133, 'Matteo', 'Colella', 'mattewcoleman@gmail.com', 'M. Colella', 'redattore OggiSTI, progetto didattico STI 2017/2018', 201801085, 'Collaboratori'),
(134, 'Aldo', 'Cerulli', 'cerulli.aldo@gmail.com', 'A. Cerulli', 'redattore OggiSTI, progetto didattico STI 2017/2018', 201801105, 'Collaboratori'),
(135, 'Diego', 'Zanobini', 'diegozanobin@gmail.com', 'D. Zanobini', 'redattore OggiSTI, progetto didattico STI 2017/2018', 201801175, 'Collaboratori'),
(136, 'James', 'Magnavacca', 'jamesgorb@gmail.com', 'J. Magnavacca', 'redattore OggiSTI, progetto didattico STI 2017/2018', 201806285, 'Collaboratori'),
(137, 'Francesco', 'Spagnoli', 'f.spagnoli1@studenti.unipi.it', 'F. Spagnoli', 'redattore OggiSTI, progetto didattico STI 2018/2019', 201811055, 'Collaboratori'),
(138, 'Federico', 'Cantinotti', 'federicocantinotti@gmail.com', 'F. Cantinotti', 'redattore OggiSTI, progetto didattico STI 2018/2019', 201811135, 'Collaboratori'),
(139, 'Marco', 'Fanciulli', '', 'M. Fanciulli', '', 201811215, 'Ringraziati'),
(140, 'Sofia', 'Montagna', 'montagnasofia@hotmail.com', 'S. Montagna', 'redattore OggiSTI, progetto didattico STI 2018/2019', 201811193, 'Collaboratori'),
(141, 'Letizia', 'Ricci', 'letiziaricci@me.com', 'L. Ricci', 'redattore OggiSTI, progetto didattico STI 2018/2019', 201811196, 'Collaboratori'),
(142, 'Andrea', 'Mattei', 'andremattei3@gmail.com', 'A. Mattei', 'redattore OggiSTI, progetto didattico STI 2018/2019', 201811275, 'Collaboratori'),
(143, 'Claudia', 'Taverriti', 'claudia_taverriti@virgilio.it', 'C. Taverriti', 'redattore OggiSTI, progetto didattico STI 2018/2019', 201811305, 'Collaboratori'),
(144, 'Ludovico', 'Paolucci', 'paolucci.ludovico@gmail.com', 'L. Paolucci', 'redattore OggiSTI, progetto didattico STI 2018/2019', 201812015, 'Collaboratori'),
(145, 'Arianna', 'Melchiorri', 'a.melchiorri@studenti.unipi.it', 'A. Melchiorri', 'redattore OggiSTI, progetto didattico STI 2018/2019', 201812033, 'Collaboratori'),
(146, 'Alice', 'Isola', 'ali.isola21@gmail.com', 'A. Isola', 'redattore OggiSTI, progetto didattico STI 2018/2019', 201812035, 'Collaboratori'),
(147, 'Erica', 'Cau', 'ericacau090@gmail.com', 'E. Cau', 'redattore OggiSTI, progetto didattico STI 2018/2019', 201812037, 'Collaboratori'),
(148, 'Vincenzo', 'Pipitone ', 'pipitone.vincy28@gmail.com', 'V. Pipitone ', 'redattore OggiSTI, progetto didattico STI 2018/2019', 201812125, 'Collaboratori'),
(149, 'Alessio', 'Califano', 'califanoalessio1997@gmail.com', 'A. Califano', 'redattore OggiSTI, progetto didattico STI 2018/2019', 201812265, 'Collaboratori'),
(150, 'Francesco', 'Marino', 'francewho@gmail.com', 'F. Marino', 'redattore OggiSTI, progetto didattico STI 2018/2019', 201901085, 'Collaboratori'),
(151, 'Mario', 'Gomis', 'papigomis@live.it', 'Mario Gomis', 'redattore OggiSTI, progetto didattico STI 2018/2019', 201901245, 'Collaboratori'),
(152, 'Gabriele', 'Chierici', 'c.gabriele95@hotmail.it', 'G. Chierici', 'redattore OggiSTI, progetto didattico STI 2018/2019ù', 201901305, 'Collaboratori'),
(153, 'Justin Elom', 'Akumah', 'j.akumah@unipiit.onmicrosoft.com', 'J. Akumah', 'redattore OggiSTI, progetto didattico STI 2018/2019', 201902025, 'Collaboratori'),
(154, 'Federico', 'Talarico', 'f.talarico1@studenti.unipi.it', 'F. Talarico', 'redattore OggiSTI, progetto didattico STI 2018/2019', 201903205, 'Collaboratori'),
(155, 'Fabio', 'Cosentino', 'fabiocosentino7@gmail.com', 'F. Cosentino', 'redattore OggiSTI, progetto didattico STI 2018/2019', 201905295, 'Collaboratori'),
(156, 'Sara', 'Montemaggi', 's.montemaggi@studenti.unipi.it', 'S. Montemaggi', 'redattore OggiSTI, progetto didattico STI 2019/2020', 201909135, 'Collaboratori'),
(157, 'Matteo', 'Ceregini', 'm.ceregini@studenti.unipi.it', 'M. Ceregini', 'redattore OggiSTI, progetto didattico STI 2019/2020', 201909165, 'Collaboratori'),
(158, 'Andrea', 'Palermo', '', 'A. Palermo', 'Vicepresidente di All About Apple', 180, 'Ringraziati'),
(159, 'Laura', 'Rossi', 'l.rossi54@studenti.unipi.it', 'L. Rossi', 'redattore OggiSTI, progetto didattico STI 2019/2020', 201910225, 'Collaboratori'),
(160, 'Agnese', 'Camici', 'a.camici1@studenti.unipi.it', 'A. Camici', 'redattore OggiSTI, progetto didattico STI 2019/2020', 201910235, 'Collaboratori'),
(161, 'Claudio', 'De Martino', 'c.demartino1@studenti.unipi.it', 'C. De Martino', 'redattore OggiSTI, progetto didattico STI 2019/2020', 201910295, 'Collaboratori'),
(162, 'Davide', 'Caridi', 'dcaridi@hotmail.it', 'D. Caridi', 'redattore OggiSTI, progetto didattico STI 2019/2020', 201910305, 'Collaboratori'),
(163, 'Lorenzo', 'Simoni', 'lorenzo.simoni.66@gmail.com', 'L. Simoni', 'redattore OggiSTI, progetto didattico STI 2019/2020', 201911253, 'Collaboratori'),
(164, 'Ariele', 'Domenici', 'arieledomenici@gmail.com', 'A. Domenici', 'redattore OggiSTI, progetto didattico STI 2019/2020', 201911257, 'Collaboratori'),
(165, 'Matteo', 'Gallini', 'matteogallini78@gmail.com', 'M. Gallini', 'redattore OggiSTI, progetto didattico STI 2019/2020', 201911275, 'Collaboratori'),
(166, 'Adriano', 'Cateni', 'a.cateni2@studenti.unipi.it', 'A. Cateni', 'redattore OggiSTI, progetto didattico STI 2019/2020', 201912115, 'Collaboratori'),
(167, 'Gabriele  ', 'Ciardi', 'gabrieleciardimail@gmail.com', 'G. Ciardi', ' redattore OggiSTI, progetto didattico STI 2019/2020', 201912175, 'Collaboratori'),
(168, 'Martina', 'Simonetti', 'm.simonetti9@studenti.unipi.it', 'M. Simonetti', 'redattore OggiSTI, progetto didattico STI 2019/2020', 202001075, 'Collaboratori'),
(169, 'Francesco', 'Gazzotti', 'f.gazzotti1@studenti.unipi.it', 'F. Gazzotti', 'redattore OggiSTI, progetto didattico STI 2019/2020', 202002035, 'Collaboratori'),
(170, 'Fabio', 'Guadagno', 'f.guadagno3@studenti.unipi.it', 'F. Guadagno', 'redattore OggiSTI, progetto didattico STI 2019/2020', 202007235, 'Collaboratori'),
(171, 'Erika', 'Deboni', 'e.deboni@studenti.unipi.it', 'E. Deboni', 'redattore OggiSTI, progetto didattico STI 2020/2021', 202010065, 'Collaboratori'),
(172, ' Irene ', 'Ivaldi', 'i.ivaldi@studenti.unipi.it', 'I. Ivaldi', 'redattore OggiSTI, progetto didattico STI 2020/2021', 202010075, 'Collaboratori'),
(173, 'Massimo', 'Nardini', 'massimo.nardini@outlook.com', 'M. Nardini', 'redattore OggiSTI, progetto didattico STI 2020/2021', 202011015, 'Collaboratori'),
(174, 'Filippo', 'Renai ', 'f.renai@studenti.unipi.it', 'F. Renai', 'redattore OggiSTI, progetto didattico STI 2020/2021', 202011105, 'Collaboratori'),
(175, 'Giuliano', 'Pacini', 'pacinig@alice.it', 'G. Pacini', 'Fece il simulatore del CANE nel 1970, lo ha rifatto con HMR cinquant’anni dopo', 201910015, 'Collaboratori'),
(176, 'Alessandro', 'Cignoni', 'a.cignoni3@studenti.unipi.it', 'A. Cignoni', 'Lavora al CANE, forse costretto da vincoli familiari...', 201711165, 'Collaboratori'),
(177, 'Martina', 'Lombardo', 'm.lombardo18@studenti.unipi.it', 'M. Lombardo', 'redattore OggiSTI, progetto didattico STI 2020/2021', 202011145, 'Collaboratori'),
(178, 'Jacopo', 'Gneri', 'j.gneri@studenti.unipi.it', 'J. Gneri', 'redattore OggiSTI, progetto didattico STI 2020/2021', 202011115, 'Collaboratori'),
(179, 'Leonard K.', 'Fusi', 'l.fusi4@studenti.unipi.it', 'L. K. Fusi', 'redattore OggiSTI, progetto didattico STI 2020/2021', 202101225, 'Collaboratori'),
(180, 'Mario', 'Valori', 'm.valori3@studenti.unipi.it', 'M. Valori', 'redattore OggiSTI, progetto didattico STI 2020/2021', 202102035, 'Collaboratori'),
(181, 'Alessio', 'Siragusa', 'a.siragusa@studenti.unipi.it', 'A. Siragusa', 'redattore OggiSTI, progetto didattico STI 2020/2021', 202102125, 'Collaboratori'),
(182, 'Martina', 'Lazzari', 'm.lazzari11@studenti.unipi.it', 'M. Lazzari', 'redattore OggiSTI, progetto didattico STI 2020/2021', 202102265, 'Collaboratori'),
(183, 'Tony', 'Agosta', 't.agosta@studenti.unipi.it', 'T. Agosta', 'redattore OggiSTI, progetto didattico STI 2020/2021', 202103025, 'Collaboratori'),
(184, 'Alice', 'Bergonzini', 'a.bergonzini1@studenti.unipi.it', 'A. Bergonzini', 'redattore OggiSTI, progetto didattico STI 2020/2021', 202103115, 'Collaboratori'),
(185, 'Rachele', 'Puri', 'r.puri2@studenti.unipi.it', 'R. Puri ', 'redattore OggiSTI, progetto didattico STI 2020/2021', 202104085, 'Collaboratori'),
(186, 'William', 'Brai', 'w.brai@studenti.unipi.it', 'W. Brai', 'redattore OggiSTI, progetto didattico STI 2020/2021', 202104255, 'Collaboratori');

-- --------------------------------------------------------

--
-- Struttura della tabella `profiles`
--

CREATE TABLE `profiles` (
  `ID` int(11) NOT NULL,
  `Type` varchar(50) NOT NULL,
  `HTML_Intro` varchar(50) NOT NULL
) ENGINE=MyISAM DEFAULT CHARSET=latin1;

--
-- Dump dei dati per la tabella `profiles`
--

INSERT INTO `profiles` (`ID`, `Type`, `HTML_Intro`) VALUES
(1, 'Collaboratori', 'HMR_PersoneCollaboratori.html'),
(2, 'Ringraziati', 'HMR_PersoneRingraziati.html');

--
-- Indici per le tabelle scaricate
--

--
-- Indici per le tabelle `bibliolinks`
--
ALTER TABLE `bibliolinks`
  ADD PRIMARY KEY (`id`);

--
-- Indici per le tabelle `biblios`
--
ALTER TABLE `biblios`
  ADD PRIMARY KEY (`IdBi`);

--
-- Indici per le tabelle `bibliosediting`
--
ALTER TABLE `bibliosediting`
  ADD PRIMARY KEY (`IdBi`);

--
-- Indici per le tabelle `cronos`
--
ALTER TABLE `cronos`
  ADD PRIMARY KEY (`IdCr`);

--
-- Indici per le tabelle `cronosediting`
--
ALTER TABLE `cronosediting`
  ADD PRIMARY KEY (`IdCr`);

--
-- Indici per le tabelle `dedicatedpages`
--
ALTER TABLE `dedicatedpages`
  ADD PRIMARY KEY (`IdPg`);

--
-- Indici per le tabelle `dedicatedpagesediting`
--
ALTER TABLE `dedicatedpagesediting`
  ADD PRIMARY KEY (`IdPg`);

--
-- Indici per le tabelle `doclinks`
--
ALTER TABLE `doclinks`
  ADD PRIMARY KEY (`IdLk`);

--
-- Indici per le tabelle `events`
--
ALTER TABLE `events`
  ADD PRIMARY KEY (`IdEv`);

--
-- Indici per le tabelle `eventsediting`
--
ALTER TABLE `eventsediting`
  ADD PRIMARY KEY (`IdEv`);

--
-- Indici per le tabelle `happenings`
--
ALTER TABLE `happenings`
  ADD PRIMARY KEY (`IdHa`);

--
-- Indici per le tabelle `highlights`
--
ALTER TABLE `highlights`
  ADD PRIMARY KEY (`IdHl`);

--
-- Indici per le tabelle `highlightsediting`
--
ALTER TABLE `highlightsediting`
  ADD PRIMARY KEY (`IdHl`);

--
-- Indici per le tabelle `people`
--
ALTER TABLE `people`
  ADD PRIMARY KEY (`IdPp`);

--
-- Indici per le tabelle `profiles`
--
ALTER TABLE `profiles`
  ADD PRIMARY KEY (`ID`);

--
-- AUTO_INCREMENT per le tabelle scaricate
--

--
-- AUTO_INCREMENT per la tabella `bibliolinks`
--
ALTER TABLE `bibliolinks`
  MODIFY `id` int(11) NOT NULL AUTO_INCREMENT, AUTO_INCREMENT=832;

--
-- AUTO_INCREMENT per la tabella `doclinks`
--
ALTER TABLE `doclinks`
  MODIFY `IdLk` int(11) NOT NULL AUTO_INCREMENT, AUTO_INCREMENT=833;

--
-- AUTO_INCREMENT per la tabella `happenings`
--
ALTER TABLE `happenings`
  MODIFY `IdHa` int(11) NOT NULL AUTO_INCREMENT, AUTO_INCREMENT=263;

--
-- AUTO_INCREMENT per la tabella `people`
--
ALTER TABLE `people`
  MODIFY `IdPp` int(11) NOT NULL AUTO_INCREMENT, AUTO_INCREMENT=187;

--
-- AUTO_INCREMENT per la tabella `profiles`
--
ALTER TABLE `profiles`
  MODIFY `ID` int(11) NOT NULL AUTO_INCREMENT, AUTO_INCREMENT=3;
COMMIT;

/*!40101 SET CHARACTER_SET_CLIENT=@OLD_CHARACTER_SET_CLIENT */;
/*!40101 SET CHARACTER_SET_RESULTS=@OLD_CHARACTER_SET_RESULTS */;
/*!40101 SET COLLATION_CONNECTION=@OLD_COLLATION_CONNECTION */;
